-- MySQL Script generated by MySQL Workbench
-- Mon Apr 29 23:40:34 2019
-- Model: New Model    Version: 1.0
-- MySQL Workbench Forward Engineering

SET @OLD_UNIQUE_CHECKS=@@UNIQUE_CHECKS, UNIQUE_CHECKS=0;
SET @OLD_FOREIGN_KEY_CHECKS=@@FOREIGN_KEY_CHECKS, FOREIGN_KEY_CHECKS=0;
SET @OLD_SQL_MODE=@@SQL_MODE, SQL_MODE='ONLY_FULL_GROUP_BY,STRICT_TRANS_TABLES,NO_ZERO_IN_DATE,NO_ZERO_DATE,ERROR_FOR_DIVISION_BY_ZERO,NO_ENGINE_SUBSTITUTION';

-- -----------------------------------------------------
-- Schema mydb
-- -----------------------------------------------------

-- -----------------------------------------------------
-- Schema mydb
-- -----------------------------------------------------
CREATE SCHEMA IF NOT EXISTS `mydb` DEFAULT CHARACTER SET utf8 ;
USE `mydb` ;

-- -----------------------------------------------------
-- Table `mydb`.`states`
-- -----------------------------------------------------
CREATE TABLE IF NOT EXISTS `mydb`.`states` (
  `stateAbbreviation` VARCHAR(2) NOT NULL,
  `stateName` VARCHAR(45) NOT NULL,
  PRIMARY KEY (`stateAbbreviation`),
  UNIQUE INDEX `stateabbreviation_UNIQUE` (`stateAbbreviation` ASC) VISIBLE,
  UNIQUE INDEX `stateName_UNIQUE` (`stateName` ASC) VISIBLE)
ENGINE = InnoDB;


-- -----------------------------------------------------
-- Table `mydb`.`customerInfo`
-- -----------------------------------------------------
CREATE TABLE IF NOT EXISTS `mydb`.`customerInfo` (
  `customerID` INT GENERATED ALWAYS AS () VIRTUAL,
  `firstName` VARCHAR(45) NOT NULL,
  `lastName` VARCHAR(45) NOT NULL,
  `Address` VARCHAR(45) NOT NULL,
  `City` VARCHAR(45) NOT NULL,
  `states_stateAbbreviation` VARCHAR(2) NOT NULL,
  `ZipCode` INT NOT NULL,
  `phoneNumber` INT NOT NULL,
  `eMail` VARCHAR(45) NOT NULL,
  `userName` VARCHAR(45) NOT NULL,
  `password` VARCHAR(45) NOT NULL,
  PRIMARY KEY (`customerID`),
  UNIQUE INDEX `customerID_UNIQUE` (`customerID` ASC) VISIBLE,
  UNIQUE INDEX `userName_UNIQUE` (`userName` ASC) VISIBLE,
  INDEX `fk_customerInfo_states1_idx` (`states_stateAbbreviation` ASC) VISIBLE,
  CONSTRAINT `fk_customerInfo_states1`
    FOREIGN KEY (`states_stateAbbreviation`)
    REFERENCES `mydb`.`states` (`stateAbbreviation`)
    ON DELETE NO ACTION
    ON UPDATE NO ACTION)
ENGINE = InnoDB;


-- -----------------------------------------------------
-- Table `mydb`.`paymentInfo`
-- -----------------------------------------------------
CREATE TABLE IF NOT EXISTS `mydb`.`paymentInfo` (
  `customerInfo_customerID` INT NOT NULL,
  `cardNumber` INT NOT NULL,
  `firstName` VARCHAR(45) NOT NULL,
  `lastName` VARCHAR(45) NOT NULL,
  `expirationDate` DATE NOT NULL,
  `securityCode` INT NOT NULL,
  `billingaddress` VARCHAR(45) NOT NULL,
  `city` VARCHAR(45) NOT NULL,
  `states_stateAbbreviation` VARCHAR(2) NOT NULL,
  `zipCode` VARCHAR(45) NOT NULL,
  PRIMARY KEY (`customerInfo_customerID`),
  INDEX `fk_paymentInfo_states1_idx` (`states_stateAbbreviation` ASC) VISIBLE,
  INDEX `fk_paymentInfo_customerInfo1_idx` (`customerInfo_customerID` ASC) VISIBLE,
  CONSTRAINT `fk_paymentInfo_states1`
    FOREIGN KEY (`states_stateAbbreviation`)
    REFERENCES `mydb`.`states` (`stateAbbreviation`)
    ON DELETE NO ACTION
    ON UPDATE NO ACTION,
  CONSTRAINT `fk_paymentInfo_customerInfo1`
    FOREIGN KEY (`customerInfo_customerID`)
    REFERENCES `mydb`.`customerInfo` (`customerID`)
    ON DELETE NO ACTION
    ON UPDATE NO ACTION)
ENGINE = InnoDB;


-- -----------------------------------------------------
-- Table `mydb`.`rating`
-- -----------------------------------------------------
CREATE TABLE IF NOT EXISTS `mydb`.`rating` (
  `rating` VARCHAR(5) NOT NULL,
  `ratingDescription` VARCHAR(45) NULL,
  `Comments` LONGTEXT NULL,
  PRIMARY KEY (`rating`),
  UNIQUE INDEX `Rating_UNIQUE` (`rating` ASC) VISIBLE)
ENGINE = InnoDB;


-- -----------------------------------------------------
-- Table `mydb`.`movies`
-- -----------------------------------------------------
CREATE TABLE IF NOT EXISTS `mydb`.`movies` (
  `movieId` INT GENERATED ALWAYS AS () VIRTUAL,
  `Title` VARCHAR(45) NOT NULL,
  `length` INT NOT NULL,
  `genre` VARCHAR(45) NOT NULL,
  `rating_rating` VARCHAR(5) NOT NULL,
  `rentalPrice` DECIMAL NOT NULL,
  `purchasePrice` DECIMAL NOT NULL,
  PRIMARY KEY (`movieId`),
  INDEX `fk_movies_rating1_idx` (`rating_rating` ASC) VISIBLE,
  CONSTRAINT `fk_movies_rating1`
    FOREIGN KEY (`rating_rating`)
    REFERENCES `mydb`.`rating` (`rating`)
    ON DELETE NO ACTION
    ON UPDATE NO ACTION)
ENGINE = InnoDB;


-- -----------------------------------------------------
-- Table `mydb`.`order`
-- -----------------------------------------------------
CREATE TABLE IF NOT EXISTS `mydb`.`order` (
  `orderNumber` INT GENERATED ALWAYS AS () VIRTUAL,
  `movies_movieId` INT NOT NULL,
  `total` DECIMAL NOT NULL,
  `transactionType` VARCHAR(4) NOT NULL,
  `date` DATETIME NOT NULL,
  `paymentInfo_customerInfo_customerID` INT NOT NULL,
  PRIMARY KEY (`orderNumber`, `movies_movieId`),
  INDEX `fk_order_movies1_idx` (`movies_movieId` ASC) VISIBLE,
  INDEX `fk_order_paymentInfo1_idx` (`paymentInfo_customerInfo_customerID` ASC) VISIBLE,
  CONSTRAINT `fk_order_movies1`
    FOREIGN KEY (`movies_movieId`)
    REFERENCES `mydb`.`movies` (`movieId`)
    ON DELETE NO ACTION
    ON UPDATE NO ACTION,
  CONSTRAINT `fk_order_paymentInfo1`
    FOREIGN KEY (`paymentInfo_customerInfo_customerID`)
    REFERENCES `mydb`.`paymentInfo` (`customerInfo_customerID`)
    ON DELETE NO ACTION
    ON UPDATE NO ACTION)
ENGINE = InnoDB;


-- -----------------------------------------------------
-- Table `mydb`.`transactionHistory`
-- -----------------------------------------------------
CREATE TABLE IF NOT EXISTS `mydb`.`transactionHistory` (
  `order_orderNumber` INT NOT NULL,
  `customerInfo_customerID` INT NOT NULL,
  PRIMARY KEY (`order_orderNumber`),
  INDEX `fk_transactionHistory_order1_idx` (`order_orderNumber` ASC) VISIBLE,
  INDEX `fk_transactionHistory_customerInfo1_idx` (`customerInfo_customerID` ASC) VISIBLE,
  CONSTRAINT `fk_transactionHistory_order1`
    FOREIGN KEY (`order_orderNumber`)
    REFERENCES `mydb`.`order` (`orderNumber`)
    ON DELETE NO ACTION
    ON UPDATE NO ACTION,
  CONSTRAINT `fk_transactionHistory_customerInfo1`
    FOREIGN KEY (`customerInfo_customerID`)
    REFERENCES `mydb`.`customerInfo` (`customerID`)
    ON DELETE NO ACTION
    ON UPDATE NO ACTION)
ENGINE = InnoDB;


SET SQL_MODE=@OLD_SQL_MODE;
SET FOREIGN_KEY_CHECKS=@OLD_FOREIGN_KEY_CHECKS;
SET UNIQUE_CHECKS=@OLD_UNIQUE_CHECKS;

-- -----------------------------------------------------
-- Data for table `mydb`.`states`
-- -----------------------------------------------------
START TRANSACTION;
USE `mydb`;
INSERT INTO `mydb`.`states` (`stateAbbreviation`, `stateName`) VALUES ('Alabama', 'AL');
INSERT INTO `mydb`.`states` (`stateAbbreviation`, `stateName`) VALUES ('Alaska', 'AK');
INSERT INTO `mydb`.`states` (`stateAbbreviation`, `stateName`) VALUES ('Arizona', 'AZ');
INSERT INTO `mydb`.`states` (`stateAbbreviation`, `stateName`) VALUES ('Arkansas', 'AR');
INSERT INTO `mydb`.`states` (`stateAbbreviation`, `stateName`) VALUES ('California', 'CA');
INSERT INTO `mydb`.`states` (`stateAbbreviation`, `stateName`) VALUES ('Colorado', 'CO');
INSERT INTO `mydb`.`states` (`stateAbbreviation`, `stateName`) VALUES ('Connecticut', 'CT');
INSERT INTO `mydb`.`states` (`stateAbbreviation`, `stateName`) VALUES ('Delaware', 'DE');
INSERT INTO `mydb`.`states` (`stateAbbreviation`, `stateName`) VALUES ('Florida', 'FL');
INSERT INTO `mydb`.`states` (`stateAbbreviation`, `stateName`) VALUES ('Georgia', 'GA');
INSERT INTO `mydb`.`states` (`stateAbbreviation`, `stateName`) VALUES ('Hawaii', 'HI');
INSERT INTO `mydb`.`states` (`stateAbbreviation`, `stateName`) VALUES ('Idaho', 'ID');
INSERT INTO `mydb`.`states` (`stateAbbreviation`, `stateName`) VALUES ('Illinois', 'IL');
INSERT INTO `mydb`.`states` (`stateAbbreviation`, `stateName`) VALUES ('Indiana', 'IN');
INSERT INTO `mydb`.`states` (`stateAbbreviation`, `stateName`) VALUES ('Iowa', 'IA');
INSERT INTO `mydb`.`states` (`stateAbbreviation`, `stateName`) VALUES ('Kansas', 'KS');
INSERT INTO `mydb`.`states` (`stateAbbreviation`, `stateName`) VALUES ('Kentucky', 'KY');
INSERT INTO `mydb`.`states` (`stateAbbreviation`, `stateName`) VALUES ('Louisiana', 'LA');
INSERT INTO `mydb`.`states` (`stateAbbreviation`, `stateName`) VALUES ('Maine', 'ME');
INSERT INTO `mydb`.`states` (`stateAbbreviation`, `stateName`) VALUES ('Maryland', 'MD');
INSERT INTO `mydb`.`states` (`stateAbbreviation`, `stateName`) VALUES ('Massachusetts', 'MA');
INSERT INTO `mydb`.`states` (`stateAbbreviation`, `stateName`) VALUES ('Michigan', 'MI');
INSERT INTO `mydb`.`states` (`stateAbbreviation`, `stateName`) VALUES ('Minnesota', 'MN');
INSERT INTO `mydb`.`states` (`stateAbbreviation`, `stateName`) VALUES ('Mississippi', 'MS');
INSERT INTO `mydb`.`states` (`stateAbbreviation`, `stateName`) VALUES ('Missouri', 'MO');
INSERT INTO `mydb`.`states` (`stateAbbreviation`, `stateName`) VALUES ('Montana', 'MT');
INSERT INTO `mydb`.`states` (`stateAbbreviation`, `stateName`) VALUES ('Nebraska', 'NE');
INSERT INTO `mydb`.`states` (`stateAbbreviation`, `stateName`) VALUES ('Nevada', 'NV');
INSERT INTO `mydb`.`states` (`stateAbbreviation`, `stateName`) VALUES ('New Hampshire', 'NH');
INSERT INTO `mydb`.`states` (`stateAbbreviation`, `stateName`) VALUES ('New Jersey', 'NJ');
INSERT INTO `mydb`.`states` (`stateAbbreviation`, `stateName`) VALUES ('New Mexico', 'NM');
INSERT INTO `mydb`.`states` (`stateAbbreviation`, `stateName`) VALUES ('New York', 'NY');
INSERT INTO `mydb`.`states` (`stateAbbreviation`, `stateName`) VALUES ('North Carolina', 'NC');
INSERT INTO `mydb`.`states` (`stateAbbreviation`, `stateName`) VALUES ('North Dakota', 'ND');
INSERT INTO `mydb`.`states` (`stateAbbreviation`, `stateName`) VALUES ('Ohio', 'OH');
INSERT INTO `mydb`.`states` (`stateAbbreviation`, `stateName`) VALUES ('Oklahoma', 'OK');
INSERT INTO `mydb`.`states` (`stateAbbreviation`, `stateName`) VALUES ('Oregon', 'OR');
INSERT INTO `mydb`.`states` (`stateAbbreviation`, `stateName`) VALUES ('Pennsylvania', 'PA');
INSERT INTO `mydb`.`states` (`stateAbbreviation`, `stateName`) VALUES ('Rhode Island', 'RI');
INSERT INTO `mydb`.`states` (`stateAbbreviation`, `stateName`) VALUES ('South Carolina', 'SC');
INSERT INTO `mydb`.`states` (`stateAbbreviation`, `stateName`) VALUES ('South Dakota', 'SD');
INSERT INTO `mydb`.`states` (`stateAbbreviation`, `stateName`) VALUES ('Tennessee', 'TN');
INSERT INTO `mydb`.`states` (`stateAbbreviation`, `stateName`) VALUES ('Texas', 'TX');
INSERT INTO `mydb`.`states` (`stateAbbreviation`, `stateName`) VALUES ('Utah', 'UT');
INSERT INTO `mydb`.`states` (`stateAbbreviation`, `stateName`) VALUES ('Vermont', 'VT');
INSERT INTO `mydb`.`states` (`stateAbbreviation`, `stateName`) VALUES ('Virginia', 'VA');
INSERT INTO `mydb`.`states` (`stateAbbreviation`, `stateName`) VALUES ('Washington', 'WA');
INSERT INTO `mydb`.`states` (`stateAbbreviation`, `stateName`) VALUES ('West Virginia', 'WV');
INSERT INTO `mydb`.`states` (`stateAbbreviation`, `stateName`) VALUES ('Wisconsin', 'WI');
INSERT INTO `mydb`.`states` (`stateAbbreviation`, `stateName`) VALUES ('Wyoming', 'WY');

COMMIT;


-- -----------------------------------------------------
-- Data for table `mydb`.`customerInfo`
-- -----------------------------------------------------
START TRANSACTION;
USE `mydb`;
INSERT INTO `mydb`.`customerInfo` (`customerID`, `firstName`, `lastName`, `Address`, `City`, `states_stateAbbreviation`, `ZipCode`, `phoneNumber`, `eMail`, `userName`, `password`) VALUES (1, 'Rosabelle', 'Grunwald', '289 Waywood Trail', 'Boca Raton', 'FL', 33499, 561-167-4682, 'rgrunwald0@networkadvertising.org', 'rgrunwald0', 'z45YG2BlmHz');
INSERT INTO `mydb`.`customerInfo` (`customerID`, `firstName`, `lastName`, `Address`, `City`, `states_stateAbbreviation`, `ZipCode`, `phoneNumber`, `eMail`, `userName`, `password`) VALUES (2, 'Rae', 'Toms', '086 Independence Crossing', 'Philadelphia', 'PA', 19151, 610-124-8328, 'rtoms1@technorati.com', 'rtoms1', 'tpU7dnr9gJ4C');
INSERT INTO `mydb`.`customerInfo` (`customerID`, `firstName`, `lastName`, `Address`, `City`, `states_stateAbbreviation`, `ZipCode`, `phoneNumber`, `eMail`, `userName`, `password`) VALUES (3, 'Zak', 'Cantera', '610 Hooker Place', 'Maple Plain', 'MN', 55572, 763-563-3114, 'zcantera2@redcross.org', 'zcantera2', '69twmEPueX');
INSERT INTO `mydb`.`customerInfo` (`customerID`, `firstName`, `lastName`, `Address`, `City`, `states_stateAbbreviation`, `ZipCode`, `phoneNumber`, `eMail`, `userName`, `password`) VALUES (4, 'Charlot', 'Hazart', '99433 Fuller Plaza', 'Houston', 'TX', 77206, 713-125-8494, 'chazart3@usatoday.com', 'chazart3', 'Pa76mtJZ04');
INSERT INTO `mydb`.`customerInfo` (`customerID`, `firstName`, `lastName`, `Address`, `City`, `states_stateAbbreviation`, `ZipCode`, `phoneNumber`, `eMail`, `userName`, `password`) VALUES (5, 'Gabbie', 'Esch', '1 Clyde Gallagher Point', 'San Diego', 'CA', 92110, 619-221-1947, 'gesch4@geocities.jp', 'gesch4', 'Iqy30O');
INSERT INTO `mydb`.`customerInfo` (`customerID`, `firstName`, `lastName`, `Address`, `City`, `states_stateAbbreviation`, `ZipCode`, `phoneNumber`, `eMail`, `userName`, `password`) VALUES (6, 'Wald', 'Lopez', '6421 Beilfuss Lane', 'Baton Rouge', 'LA', 70820, 225-637-3319, 'wlopez5@unc.edu', 'wlopez5', 'MhKuQQ13');
INSERT INTO `mydb`.`customerInfo` (`customerID`, `firstName`, `lastName`, `Address`, `City`, `states_stateAbbreviation`, `ZipCode`, `phoneNumber`, `eMail`, `userName`, `password`) VALUES (7, 'Ring', 'MacCaghan', '5 Independence Place', 'New Bedford', 'MA', 02745, 508-310-4418, 'rmaccaghan6@uol.com.br', 'rmaccaghan6', 'Isox2rnN3B2');
INSERT INTO `mydb`.`customerInfo` (`customerID`, `firstName`, `lastName`, `Address`, `City`, `states_stateAbbreviation`, `ZipCode`, `phoneNumber`, `eMail`, `userName`, `password`) VALUES (8, 'Pia', 'Sissel', '536 Luster Junction', 'Pittsburgh', 'PA', 15230, 412-450-0027, 'psissel7@weibo.com', 'psissel7', 'jteC0CgSuo');
INSERT INTO `mydb`.`customerInfo` (`customerID`, `firstName`, `lastName`, `Address`, `City`, `states_stateAbbreviation`, `ZipCode`, `phoneNumber`, `eMail`, `userName`, `password`) VALUES (9, 'Baxter', 'Habbema', '60680 Armistice Avenue', 'Toledo', 'OH', 43656, 419-861-8857, 'bhabbema8@wsj.com', 'bhabbema8', 'MSgllUtY');
INSERT INTO `mydb`.`customerInfo` (`customerID`, `firstName`, `lastName`, `Address`, `City`, `states_stateAbbreviation`, `ZipCode`, `phoneNumber`, `eMail`, `userName`, `password`) VALUES (10, 'Colly', 'Stanyard', '84302 Westerfield Hill', 'Los Angeles', 'CA', 90040, 213-191-5375, 'cstanyard9@cpanel.net', 'cstanyard9', 'Bw8ml2LMP');
INSERT INTO `mydb`.`customerInfo` (`customerID`, `firstName`, `lastName`, `Address`, `City`, `states_stateAbbreviation`, `ZipCode`, `phoneNumber`, `eMail`, `userName`, `password`) VALUES (11, 'Marin', 'Ellingsworth', '74 Colorado Trail', 'Bronx', 'NY', 10454, 718-380-3989, 'mellingswortha@ftc.gov', 'mellingswortha', 'yzwb5I2');
INSERT INTO `mydb`.`customerInfo` (`customerID`, `firstName`, `lastName`, `Address`, `City`, `states_stateAbbreviation`, `ZipCode`, `phoneNumber`, `eMail`, `userName`, `password`) VALUES (12, 'Jasmina', 'Marskell', '33223 Stang Junction', 'Scottsdale', 'AZ', 85271, 480-673-3635, 'jmarskellb@irs.gov', 'jmarskellb', 'CsCSezqQ3d');
INSERT INTO `mydb`.`customerInfo` (`customerID`, `firstName`, `lastName`, `Address`, `City`, `states_stateAbbreviation`, `ZipCode`, `phoneNumber`, `eMail`, `userName`, `password`) VALUES (13, 'Burke', 'Aizikovitch', '68566 Sundown Pass', 'New York City', 'NY', 10150, 212-256-3009, 'baizikovitchc@theglobeandmail.com', 'baizikovitchc', 'wPbHvlK0zL');
INSERT INTO `mydb`.`customerInfo` (`customerID`, `firstName`, `lastName`, `Address`, `City`, `states_stateAbbreviation`, `ZipCode`, `phoneNumber`, `eMail`, `userName`, `password`) VALUES (14, 'Nell', 'Idel', '2 Tennessee Road', 'Aiken', 'SC', 29805, 803-159-9062, 'nideld@forbes.com', 'nideld', 'apiKO7swAV');
INSERT INTO `mydb`.`customerInfo` (`customerID`, `firstName`, `lastName`, `Address`, `City`, `states_stateAbbreviation`, `ZipCode`, `phoneNumber`, `eMail`, `userName`, `password`) VALUES (15, 'Emanuel', 'Loblie', '065 Canary Way', 'Wichita', 'KS', 67260, 316-996-8322, 'elobliee@com.com', 'elobliee', 'MNsIZRo73A');
INSERT INTO `mydb`.`customerInfo` (`customerID`, `firstName`, `lastName`, `Address`, `City`, `states_stateAbbreviation`, `ZipCode`, `phoneNumber`, `eMail`, `userName`, `password`) VALUES (16, 'Langsdon', 'Jackman', '2 Lakewood Gardens Alley', 'New Orleans', 'LA', 70160, 504-747-2825, 'ljackmanf@posterous.com', 'ljackmanf', '7UTyflnm7');
INSERT INTO `mydb`.`customerInfo` (`customerID`, `firstName`, `lastName`, `Address`, `City`, `states_stateAbbreviation`, `ZipCode`, `phoneNumber`, `eMail`, `userName`, `password`) VALUES (17, 'Theresa', 'Kinavan', '0282 Prairie Rose Court', 'Chicago', 'IL', 60674, 312-553-1883, 'tkinavang@arizona.edu', 'tkinavang', 'sQJvxlwXKM5p');
INSERT INTO `mydb`.`customerInfo` (`customerID`, `firstName`, `lastName`, `Address`, `City`, `states_stateAbbreviation`, `ZipCode`, `phoneNumber`, `eMail`, `userName`, `password`) VALUES (18, 'Sanders', 'Mowling', '5 Southridge Pass', 'El Paso', 'TX', 88574, 915-916-6824, 'smowlingh@bing.com', 'smowlingh', 't6gv3fNWQOR');
INSERT INTO `mydb`.`customerInfo` (`customerID`, `firstName`, `lastName`, `Address`, `City`, `states_stateAbbreviation`, `ZipCode`, `phoneNumber`, `eMail`, `userName`, `password`) VALUES (19, 'Dallon', 'Berwick', '9046 Sutteridge Avenue', 'Las Vegas', 'NV', 89155, 702-779-7069, 'dberwicki@netvibes.com', 'dberwicki', '8jJomXt');
INSERT INTO `mydb`.`customerInfo` (`customerID`, `firstName`, `lastName`, `Address`, `City`, `states_stateAbbreviation`, `ZipCode`, `phoneNumber`, `eMail`, `userName`, `password`) VALUES (20, 'Consolata', 'Bonnyson', '504 Buhler Park', 'El Paso', 'TX', 79977, 915-671-6304, 'cbonnysonj@vistaprint.com', 'cbonnysonj', '1o93YC');
INSERT INTO `mydb`.`customerInfo` (`customerID`, `firstName`, `lastName`, `Address`, `City`, `states_stateAbbreviation`, `ZipCode`, `phoneNumber`, `eMail`, `userName`, `password`) VALUES (21, 'Alphonso', 'Rowland', '86 Rowland Trail', 'Corpus Christi', 'TX', 78410, 361-137-1583, 'arowlandk@de.vu', 'arowlandk', 'H0D16RAR7');
INSERT INTO `mydb`.`customerInfo` (`customerID`, `firstName`, `lastName`, `Address`, `City`, `states_stateAbbreviation`, `ZipCode`, `phoneNumber`, `eMail`, `userName`, `password`) VALUES (22, 'Lemmy', 'Askam', '7053 Kings Alley', 'Madison', 'WI', 53785, 608-612-0807, 'laskaml@tinypic.com', 'laskaml', 'Vkawk1ApecJ');
INSERT INTO `mydb`.`customerInfo` (`customerID`, `firstName`, `lastName`, `Address`, `City`, `states_stateAbbreviation`, `ZipCode`, `phoneNumber`, `eMail`, `userName`, `password`) VALUES (23, 'Wendel', 'Winham', '67937 Twin Pines Junction', 'Brockton', 'MA', 02405, 508-717-2226, 'wwinhamm@reddit.com', 'wwinhamm', 'k1qVQs7wj');
INSERT INTO `mydb`.`customerInfo` (`customerID`, `firstName`, `lastName`, `Address`, `City`, `states_stateAbbreviation`, `ZipCode`, `phoneNumber`, `eMail`, `userName`, `password`) VALUES (24, 'Pall', 'Ewence', '50 Dovetail Pass', 'Fargo', 'ND', 58106, 701-985-1790, 'pewencen@meetup.com', 'pewencen', 'HAegK3');
INSERT INTO `mydb`.`customerInfo` (`customerID`, `firstName`, `lastName`, `Address`, `City`, `states_stateAbbreviation`, `ZipCode`, `phoneNumber`, `eMail`, `userName`, `password`) VALUES (25, 'Torey', 'Stanger', '56844 Cherokee Hill', 'Boston', 'MA', 02163, 857-153-3935, 'tstangero@friendfeed.com', 'tstangero', 'kGjIPFjuD5Q4');
INSERT INTO `mydb`.`customerInfo` (`customerID`, `firstName`, `lastName`, `Address`, `City`, `states_stateAbbreviation`, `ZipCode`, `phoneNumber`, `eMail`, `userName`, `password`) VALUES (26, 'Reynard', 'Weadick', '71 Southridge Drive', 'Austin', 'TX', 78732, 512-483-1756, 'rweadickp@smh.com.au', 'rweadickp', 'JtFITk3WByc');
INSERT INTO `mydb`.`customerInfo` (`customerID`, `firstName`, `lastName`, `Address`, `City`, `states_stateAbbreviation`, `ZipCode`, `phoneNumber`, `eMail`, `userName`, `password`) VALUES (27, 'Trace', 'Ganford', '949 1st Drive', 'Los Angeles', 'CA', 90045, 323-750-1344, 'tganfordq@blogtalkradio.com', 'tganfordq', 'zYRBfUmVtUe');
INSERT INTO `mydb`.`customerInfo` (`customerID`, `firstName`, `lastName`, `Address`, `City`, `states_stateAbbreviation`, `ZipCode`, `phoneNumber`, `eMail`, `userName`, `password`) VALUES (28, 'Karleen', 'Cardwell', '9792 Manitowish Drive', 'Philadelphia', 'PA', 19093, 215-723-1310, 'kcardwellr@artisteer.com', 'kcardwellr', 'LPnvOLM5K7M');
INSERT INTO `mydb`.`customerInfo` (`customerID`, `firstName`, `lastName`, `Address`, `City`, `states_stateAbbreviation`, `ZipCode`, `phoneNumber`, `eMail`, `userName`, `password`) VALUES (29, 'Nicolea', 'Hounsome', '22 Golf Court', 'Clearwater', 'FL', 33763, 727-567-6443, 'nhounsomes@chronoengine.com', 'nhounsomes', 'TEyklSL8gF');
INSERT INTO `mydb`.`customerInfo` (`customerID`, `firstName`, `lastName`, `Address`, `City`, `states_stateAbbreviation`, `ZipCode`, `phoneNumber`, `eMail`, `userName`, `password`) VALUES (30, 'Barbara-anne', 'Labdon', '4346 Algoma Circle', 'Beaumont', 'TX', 77713, 409-197-2390, 'blabdont@rambler.ru', 'blabdont', 'LwllIB5Fmeg');
INSERT INTO `mydb`.`customerInfo` (`customerID`, `firstName`, `lastName`, `Address`, `City`, `states_stateAbbreviation`, `ZipCode`, `phoneNumber`, `eMail`, `userName`, `password`) VALUES (31, 'Georgina', 'Jones', '97967 Knutson Way', 'Alexandria', 'VA', 22309, 703-355-2206, 'gjonesu@wufoo.com', 'gjonesu', '12e0EO');
INSERT INTO `mydb`.`customerInfo` (`customerID`, `firstName`, `lastName`, `Address`, `City`, `states_stateAbbreviation`, `ZipCode`, `phoneNumber`, `eMail`, `userName`, `password`) VALUES (32, 'Neall', 'Brownsell', '8046 Iowa Park', 'Memphis', 'TN', 38150, 901-696-2853, 'nbrownsellv@merriam-webster.com', 'nbrownsellv', 'BPaOG9MjZ');
INSERT INTO `mydb`.`customerInfo` (`customerID`, `firstName`, `lastName`, `Address`, `City`, `states_stateAbbreviation`, `ZipCode`, `phoneNumber`, `eMail`, `userName`, `password`) VALUES (33, 'Isahella', 'Kittless', '7 Eagle Crest Crossing', 'Nashville', 'TN', 37228, 615-608-3377, 'ikittlessw@wp.com', 'ikittlessw', 'bBy3hApOpi');
INSERT INTO `mydb`.`customerInfo` (`customerID`, `firstName`, `lastName`, `Address`, `City`, `states_stateAbbreviation`, `ZipCode`, `phoneNumber`, `eMail`, `userName`, `password`) VALUES (34, 'Fred', 'Graveston', '2 Hoffman Terrace', 'Fresno', 'CA', 93704, 559-650-9923, 'fgravestonx@hexun.com', 'fgravestonx', 'xZskBQwTV1J');
INSERT INTO `mydb`.`customerInfo` (`customerID`, `firstName`, `lastName`, `Address`, `City`, `states_stateAbbreviation`, `ZipCode`, `phoneNumber`, `eMail`, `userName`, `password`) VALUES (35, 'Gleda', 'Vernay', '99650 Talisman Way', 'Lees Summit', 'MO', 64082, 816-505-0233, 'gvernayy@cyberchimps.com', 'gvernayy', 'xm0gUw3FUhk');
INSERT INTO `mydb`.`customerInfo` (`customerID`, `firstName`, `lastName`, `Address`, `City`, `states_stateAbbreviation`, `ZipCode`, `phoneNumber`, `eMail`, `userName`, `password`) VALUES (36, 'Helge', 'Blue', '41 Corscot Hill', 'Albuquerque', 'NM', 87190, 505-266-7050, 'hbluez@comsenz.com', 'hbluez', 'MMvCP6F');
INSERT INTO `mydb`.`customerInfo` (`customerID`, `firstName`, `lastName`, `Address`, `City`, `states_stateAbbreviation`, `ZipCode`, `phoneNumber`, `eMail`, `userName`, `password`) VALUES (37, 'Godfree', 'Snelman', '8317 Browning Junction', 'Birmingham', 'AL', 35215, 205-346-1264, 'gsnelman10@reuters.com', 'gsnelman10', '9uKQqA');
INSERT INTO `mydb`.`customerInfo` (`customerID`, `firstName`, `lastName`, `Address`, `City`, `states_stateAbbreviation`, `ZipCode`, `phoneNumber`, `eMail`, `userName`, `password`) VALUES (38, 'Cyndia', 'Waterland', '65928 New Castle Court', 'White Plains', 'NY', 10606, 845-912-7794, 'cwaterland11@addtoany.com', 'cwaterland11', 'Gsb7cx');
INSERT INTO `mydb`.`customerInfo` (`customerID`, `firstName`, `lastName`, `Address`, `City`, `states_stateAbbreviation`, `ZipCode`, `phoneNumber`, `eMail`, `userName`, `password`) VALUES (39, 'Reinaldo', 'Eden', '54192 Carioca Pass', 'Sioux Falls', 'SD', 57198, 605-668-5335, 'reden12@senate.gov', 'reden12', 'oRyv0GnCtmoR');
INSERT INTO `mydb`.`customerInfo` (`customerID`, `firstName`, `lastName`, `Address`, `City`, `states_stateAbbreviation`, `ZipCode`, `phoneNumber`, `eMail`, `userName`, `password`) VALUES (40, 'Say', 'Stroud', '3446 Portage Way', 'Salt Lake City', 'UT', 84135, 801-188-8729, 'sstroud13@github.io', 'sstroud13', 'ZQWKjXBb1Uq');
INSERT INTO `mydb`.`customerInfo` (`customerID`, `firstName`, `lastName`, `Address`, `City`, `states_stateAbbreviation`, `ZipCode`, `phoneNumber`, `eMail`, `userName`, `password`) VALUES (41, 'Griswold', 'D\'Agostino', '12 Express Place', 'Dayton', 'OH', 45454, 937-221-9017, 'gdagostino14@opera.com', 'gdagostino14', 'DI2JTaYdvS');
INSERT INTO `mydb`.`customerInfo` (`customerID`, `firstName`, `lastName`, `Address`, `City`, `states_stateAbbreviation`, `ZipCode`, `phoneNumber`, `eMail`, `userName`, `password`) VALUES (42, 'Max', 'Locard', '36 Birchwood Park', 'Amarillo', 'TX', 79188, 806-145-7199, 'mlocard15@woothemes.com', 'mlocard15', 'HKevTYo');
INSERT INTO `mydb`.`customerInfo` (`customerID`, `firstName`, `lastName`, `Address`, `City`, `states_stateAbbreviation`, `ZipCode`, `phoneNumber`, `eMail`, `userName`, `password`) VALUES (43, 'Joyan', 'Witterick', '85467 Schmedeman Park', 'Savannah', 'GA', 31416, 912-446-5487, 'jwitterick16@cloudflare.com', 'jwitterick16', 'Mb31xrDZ36');
INSERT INTO `mydb`.`customerInfo` (`customerID`, `firstName`, `lastName`, `Address`, `City`, `states_stateAbbreviation`, `ZipCode`, `phoneNumber`, `eMail`, `userName`, `password`) VALUES (44, 'Kermy', 'Sherry', '134 Bellgrove Drive', 'Lancaster', 'PA', 17605, 717-162-4695, 'ksherry17@forbes.com', 'ksherry17', 'P2T8g7lgQa');
INSERT INTO `mydb`.`customerInfo` (`customerID`, `firstName`, `lastName`, `Address`, `City`, `states_stateAbbreviation`, `ZipCode`, `phoneNumber`, `eMail`, `userName`, `password`) VALUES (45, 'Kendrick', 'Willis', '4 Bobwhite Point', 'Orange', 'CA', 92668, 760-439-7981, 'kwillis18@google.com.au', 'kwillis18', 'sMDtgj');
INSERT INTO `mydb`.`customerInfo` (`customerID`, `firstName`, `lastName`, `Address`, `City`, `states_stateAbbreviation`, `ZipCode`, `phoneNumber`, `eMail`, `userName`, `password`) VALUES (46, 'Stefanie', 'Ellice', '369 Green Pass', 'Lexington', 'KY', 40510, 859-559-6536, 'sellice19@live.com', 'sellice19', 'BuaQ00mEN0Sb');
INSERT INTO `mydb`.`customerInfo` (`customerID`, `firstName`, `lastName`, `Address`, `City`, `states_stateAbbreviation`, `ZipCode`, `phoneNumber`, `eMail`, `userName`, `password`) VALUES (47, 'Batsheva', 'Follin', '98 Springs Hill', 'Pompano Beach', 'FL', 33075, 754-446-3867, 'bfollin1a@slideshare.net', 'bfollin1a', 'TMR3pLo');
INSERT INTO `mydb`.`customerInfo` (`customerID`, `firstName`, `lastName`, `Address`, `City`, `states_stateAbbreviation`, `ZipCode`, `phoneNumber`, `eMail`, `userName`, `password`) VALUES (48, 'Cori', 'Leed', '39337 Kropf Hill', 'Metairie', 'LA', 70033, 504-949-8609, 'cleed1b@utexas.edu', 'cleed1b', 'W9eerBO');
INSERT INTO `mydb`.`customerInfo` (`customerID`, `firstName`, `lastName`, `Address`, `City`, `states_stateAbbreviation`, `ZipCode`, `phoneNumber`, `eMail`, `userName`, `password`) VALUES (49, 'Jany', 'Mosedall', '2429 Boyd Court', 'Oakland', 'CA', 94622, 510-222-5316, 'jmosedall1c@samsung.com', 'jmosedall1c', 'kwNPUB');
INSERT INTO `mydb`.`customerInfo` (`customerID`, `firstName`, `lastName`, `Address`, `City`, `states_stateAbbreviation`, `ZipCode`, `phoneNumber`, `eMail`, `userName`, `password`) VALUES (50, 'Cheston', 'Ainsbury', '6 Mifflin Park', 'Bridgeport', 'CT', 06673, 203-423-5564, 'cainsbury1d@toplist.cz', 'cainsbury1d', 'sZu3aQPxVL25');
INSERT INTO `mydb`.`customerInfo` (`customerID`, `firstName`, `lastName`, `Address`, `City`, `states_stateAbbreviation`, `ZipCode`, `phoneNumber`, `eMail`, `userName`, `password`) VALUES (51, 'Verena', 'Rounsefull', '02520 Melby Terrace', 'Des Moines', 'IA', 50315, 515-661-7375, 'vrounsefull1e@goo.ne.jp', 'vrounsefull1e', 'G0CxxnIy');
INSERT INTO `mydb`.`customerInfo` (`customerID`, `firstName`, `lastName`, `Address`, `City`, `states_stateAbbreviation`, `ZipCode`, `phoneNumber`, `eMail`, `userName`, `password`) VALUES (52, 'Fania', 'Daniau', '95 Fair Oaks Avenue', 'Milwaukee', 'WI', 53220, 414-502-3007, 'fdaniau1f@51.la', 'fdaniau1f', 'vdef6LND7e34');
INSERT INTO `mydb`.`customerInfo` (`customerID`, `firstName`, `lastName`, `Address`, `City`, `states_stateAbbreviation`, `ZipCode`, `phoneNumber`, `eMail`, `userName`, `password`) VALUES (53, 'Karita', 'Ionn', '63817 Clarendon Alley', 'Washington', 'DC', 20005, 202-582-0042, 'kionn1g@multiply.com', 'kionn1g', 'apCkAYZ');
INSERT INTO `mydb`.`customerInfo` (`customerID`, `firstName`, `lastName`, `Address`, `City`, `states_stateAbbreviation`, `ZipCode`, `phoneNumber`, `eMail`, `userName`, `password`) VALUES (54, 'Mirelle', 'Somerville', '02 Manitowish Center', 'Fort Lauderdale', 'FL', 33355, 754-379-8221, 'msomerville1h@moonfruit.com', 'msomerville1h', 'Ud3WbQA');
INSERT INTO `mydb`.`customerInfo` (`customerID`, `firstName`, `lastName`, `Address`, `City`, `states_stateAbbreviation`, `ZipCode`, `phoneNumber`, `eMail`, `userName`, `password`) VALUES (55, 'Torry', 'Beseke', '18 Hagan Point', 'Richmond', 'VA', 23213, 804-264-6588, 'tbeseke1i@acquirethisname.com', 'tbeseke1i', 'whpjkr');
INSERT INTO `mydb`.`customerInfo` (`customerID`, `firstName`, `lastName`, `Address`, `City`, `states_stateAbbreviation`, `ZipCode`, `phoneNumber`, `eMail`, `userName`, `password`) VALUES (56, 'Putnem', 'Pothecary', '219 Sauthoff Street', 'Silver Spring', 'MD', 20910, 301-417-8924, 'ppothecary1j@addtoany.com', 'ppothecary1j', 'fK2t8EQ0h45');
INSERT INTO `mydb`.`customerInfo` (`customerID`, `firstName`, `lastName`, `Address`, `City`, `states_stateAbbreviation`, `ZipCode`, `phoneNumber`, `eMail`, `userName`, `password`) VALUES (57, 'Nappie', 'Ewers', '1684 Jana Alley', 'Oklahoma City', 'OK', 73173, 405-801-7656, 'newers1k@fc2.com', 'newers1k', 'PvinbcOy');
INSERT INTO `mydb`.`customerInfo` (`customerID`, `firstName`, `lastName`, `Address`, `City`, `states_stateAbbreviation`, `ZipCode`, `phoneNumber`, `eMail`, `userName`, `password`) VALUES (58, 'Dom', 'Greenin', '67648 Corben Circle', 'Cleveland', 'OH', 44197, 216-825-6780, 'dgreenin1l@tamu.edu', 'dgreenin1l', 'AZ4zTA1R0vem');
INSERT INTO `mydb`.`customerInfo` (`customerID`, `firstName`, `lastName`, `Address`, `City`, `states_stateAbbreviation`, `ZipCode`, `phoneNumber`, `eMail`, `userName`, `password`) VALUES (59, 'Kiley', 'Peaddie', '323 Glacier Hill Point', 'Los Angeles', 'CA', 90101, 213-181-6570, 'kpeaddie1m@google.de', 'kpeaddie1m', 'laTvXwwH');
INSERT INTO `mydb`.`customerInfo` (`customerID`, `firstName`, `lastName`, `Address`, `City`, `states_stateAbbreviation`, `ZipCode`, `phoneNumber`, `eMail`, `userName`, `password`) VALUES (60, 'Lynde', 'Seacroft', '789 Glacier Hill Drive', 'Pittsburgh', 'PA', 15250, 412-950-6249, 'lseacroft1n@smugmug.com', 'lseacroft1n', 'AbZP98js');
INSERT INTO `mydb`.`customerInfo` (`customerID`, `firstName`, `lastName`, `Address`, `City`, `states_stateAbbreviation`, `ZipCode`, `phoneNumber`, `eMail`, `userName`, `password`) VALUES (61, 'Wilfred', 'Phittiplace', '0 Carberry Avenue', 'Fort Wayne', 'IN', 46862, 260-716-3019, 'wphittiplace1o@irs.gov', 'wphittiplace1o', 'IcQUvQms');
INSERT INTO `mydb`.`customerInfo` (`customerID`, `firstName`, `lastName`, `Address`, `City`, `states_stateAbbreviation`, `ZipCode`, `phoneNumber`, `eMail`, `userName`, `password`) VALUES (62, 'Bryana', 'MacTrustie', '27632 Buell Park', 'San Diego', 'CA', 92160, 619-777-4528, 'bmactrustie1p@jiathis.com', 'bmactrustie1p', 'OULiad');
INSERT INTO `mydb`.`customerInfo` (`customerID`, `firstName`, `lastName`, `Address`, `City`, `states_stateAbbreviation`, `ZipCode`, `phoneNumber`, `eMail`, `userName`, `password`) VALUES (63, 'Bruis', 'Blanshard', '94865 Waxwing Road', 'Nashville', 'TN', 37245, 615-357-9636, 'bblanshard1q@networkadvertising.org', 'bblanshard1q', '2eMpue');
INSERT INTO `mydb`.`customerInfo` (`customerID`, `firstName`, `lastName`, `Address`, `City`, `states_stateAbbreviation`, `ZipCode`, `phoneNumber`, `eMail`, `userName`, `password`) VALUES (64, 'Goddart', 'Jorger', '84 Blackbird Point', 'Panama City', 'FL', 32405, 850-672-8024, 'gjorger1r@ning.com', 'gjorger1r', '0F1ysIZyLJ');
INSERT INTO `mydb`.`customerInfo` (`customerID`, `firstName`, `lastName`, `Address`, `City`, `states_stateAbbreviation`, `ZipCode`, `phoneNumber`, `eMail`, `userName`, `password`) VALUES (65, 'Bunnie', 'Stroyan', '38051 Delladonna Crossing', 'San Luis Obispo', 'CA', 93407, 805-333-1600, 'bstroyan1s@un.org', 'bstroyan1s', 'F44W9kQ');
INSERT INTO `mydb`.`customerInfo` (`customerID`, `firstName`, `lastName`, `Address`, `City`, `states_stateAbbreviation`, `ZipCode`, `phoneNumber`, `eMail`, `userName`, `password`) VALUES (66, 'Lalo', 'Kirton', '99 Vera Avenue', 'Fresno', 'CA', 93740, 559-794-0910, 'lkirton1t@theglobeandmail.com', 'lkirton1t', 'mHMoB5zKkl');
INSERT INTO `mydb`.`customerInfo` (`customerID`, `firstName`, `lastName`, `Address`, `City`, `states_stateAbbreviation`, `ZipCode`, `phoneNumber`, `eMail`, `userName`, `password`) VALUES (67, 'Archibald', 'Dixcey', '75518 Kedzie Way', 'Charlotte', 'NC', 28247, 704-107-9087, 'adixcey1u@nature.com', 'adixcey1u', 'S5Qwzr2');
INSERT INTO `mydb`.`customerInfo` (`customerID`, `firstName`, `lastName`, `Address`, `City`, `states_stateAbbreviation`, `ZipCode`, `phoneNumber`, `eMail`, `userName`, `password`) VALUES (68, 'Brodie', 'Rillstone', '78624 Lyons Road', 'Spartanburg', 'SC', 29305, 864-253-5807, 'brillstone1v@eepurl.com', 'brillstone1v', 'GV9zpOHI');
INSERT INTO `mydb`.`customerInfo` (`customerID`, `firstName`, `lastName`, `Address`, `City`, `states_stateAbbreviation`, `ZipCode`, `phoneNumber`, `eMail`, `userName`, `password`) VALUES (69, 'Ara', 'Spender', '3975 3rd Drive', 'Phoenix', 'AZ', 85010, 602-584-0430, 'aspender1w@deliciousdays.com', 'aspender1w', 'PD8Mnf5UuOq');
INSERT INTO `mydb`.`customerInfo` (`customerID`, `firstName`, `lastName`, `Address`, `City`, `states_stateAbbreviation`, `ZipCode`, `phoneNumber`, `eMail`, `userName`, `password`) VALUES (70, 'Jarib', 'Lambdon', '41322 Leroy Plaza', 'Washington', 'DC', 20260, 202-141-3083, 'jlambdon1x@networksolutions.com', 'jlambdon1x', 'x5kKd0zMAlq8');
INSERT INTO `mydb`.`customerInfo` (`customerID`, `firstName`, `lastName`, `Address`, `City`, `states_stateAbbreviation`, `ZipCode`, `phoneNumber`, `eMail`, `userName`, `password`) VALUES (71, 'Arny', 'Godman', '34858 La Follette Avenue', 'Charlotte', 'NC', 28225, 704-515-3090, 'agodman1y@amazon.com', 'agodman1y', 'XOPLBm');
INSERT INTO `mydb`.`customerInfo` (`customerID`, `firstName`, `lastName`, `Address`, `City`, `states_stateAbbreviation`, `ZipCode`, `phoneNumber`, `eMail`, `userName`, `password`) VALUES (72, 'Christie', 'Blackah', '58193 Mayer Avenue', 'Fresno', 'CA', 93773, 559-672-7327, 'cblackah1z@blogspot.com', 'cblackah1z', 'EJ7Kpi7e3l');
INSERT INTO `mydb`.`customerInfo` (`customerID`, `firstName`, `lastName`, `Address`, `City`, `states_stateAbbreviation`, `ZipCode`, `phoneNumber`, `eMail`, `userName`, `password`) VALUES (73, 'Julita', 'Brisseau', '047 Delaware Alley', 'Orange', 'CA', 92862, 714-939-8965, 'jbrisseau20@umich.edu', 'jbrisseau20', 'iTFDpqT');
INSERT INTO `mydb`.`customerInfo` (`customerID`, `firstName`, `lastName`, `Address`, `City`, `states_stateAbbreviation`, `ZipCode`, `phoneNumber`, `eMail`, `userName`, `password`) VALUES (74, 'Anna-maria', 'Fenning', '50 Menomonie Junction', 'Salt Lake City', 'UT', 84152, 801-925-8270, 'afenning21@nifty.com', 'afenning21', 'hP9c3Slkx7u');
INSERT INTO `mydb`.`customerInfo` (`customerID`, `firstName`, `lastName`, `Address`, `City`, `states_stateAbbreviation`, `ZipCode`, `phoneNumber`, `eMail`, `userName`, `password`) VALUES (75, 'Yorke', 'Mc Caughan', '1 7th Alley', 'Trenton', 'NJ', 08619, 609-312-5349, 'ymccaughan22@e-recht24.de', 'ymccaughan22', '4aOgqfF1un');
INSERT INTO `mydb`.`customerInfo` (`customerID`, `firstName`, `lastName`, `Address`, `City`, `states_stateAbbreviation`, `ZipCode`, `phoneNumber`, `eMail`, `userName`, `password`) VALUES (76, 'Eddi', 'Brantzen', '57963 Village Green Hill', 'Denver', 'CO', 80223, 720-593-9168, 'ebrantzen23@google.nl', 'ebrantzen23', 'r2ydwE');
INSERT INTO `mydb`.`customerInfo` (`customerID`, `firstName`, `lastName`, `Address`, `City`, `states_stateAbbreviation`, `ZipCode`, `phoneNumber`, `eMail`, `userName`, `password`) VALUES (77, 'Doretta', 'Haxbie', '80 Shopko Crossing', 'Topeka', 'KS', 66667, 785-399-7019, 'dhaxbie24@twitpic.com', 'dhaxbie24', '0A0lKDSUtgQw');
INSERT INTO `mydb`.`customerInfo` (`customerID`, `firstName`, `lastName`, `Address`, `City`, `states_stateAbbreviation`, `ZipCode`, `phoneNumber`, `eMail`, `userName`, `password`) VALUES (78, 'Theadora', 'St. Paul', '0802 Cardinal Pass', 'Aiken', 'SC', 29805, 803-633-9294, 'tstpaul25@paypal.com', 'tstpaul25', 'fnNWJNjt8dOe');
INSERT INTO `mydb`.`customerInfo` (`customerID`, `firstName`, `lastName`, `Address`, `City`, `states_stateAbbreviation`, `ZipCode`, `phoneNumber`, `eMail`, `userName`, `password`) VALUES (79, 'Alice', 'Curragh', '5 Loftsgordon Parkway', 'Wilkes Barre', 'PA', 18763, 570-212-3898, 'acurragh26@census.gov', 'acurragh26', 'F0dOrNl4qI');
INSERT INTO `mydb`.`customerInfo` (`customerID`, `firstName`, `lastName`, `Address`, `City`, `states_stateAbbreviation`, `ZipCode`, `phoneNumber`, `eMail`, `userName`, `password`) VALUES (80, 'Shermie', 'Phelips', '44267 3rd Avenue', 'Olympia', 'WA', 98506, 360-872-7601, 'sphelips27@redcross.org', 'sphelips27', 'VqWuoOaRdNgB');
INSERT INTO `mydb`.`customerInfo` (`customerID`, `firstName`, `lastName`, `Address`, `City`, `states_stateAbbreviation`, `ZipCode`, `phoneNumber`, `eMail`, `userName`, `password`) VALUES (81, 'Dorella', 'Sudron', '6 Jana Point', 'Trenton', 'NJ', 08603, 609-188-0301, 'dsudron28@answers.com', 'dsudron28', 'NlNwXaAGY');
INSERT INTO `mydb`.`customerInfo` (`customerID`, `firstName`, `lastName`, `Address`, `City`, `states_stateAbbreviation`, `ZipCode`, `phoneNumber`, `eMail`, `userName`, `password`) VALUES (82, 'Jacquelin', 'Lenthall', '00 Jenifer Terrace', 'Dallas', 'TX', 75221, 972-501-4409, 'jlenthall29@ebay.co.uk', 'jlenthall29', 'gyHmITfIP0oc');
INSERT INTO `mydb`.`customerInfo` (`customerID`, `firstName`, `lastName`, `Address`, `City`, `states_stateAbbreviation`, `ZipCode`, `phoneNumber`, `eMail`, `userName`, `password`) VALUES (83, 'Roseann', 'Chetham', '92 Mosinee Alley', 'Wilmington', 'DE', 19892, 302-417-5593, 'rchetham2a@reuters.com', 'rchetham2a', 'ZbLCSQOMKJQ');
INSERT INTO `mydb`.`customerInfo` (`customerID`, `firstName`, `lastName`, `Address`, `City`, `states_stateAbbreviation`, `ZipCode`, `phoneNumber`, `eMail`, `userName`, `password`) VALUES (84, 'Yanaton', 'Youll', '58359 Pond Hill', 'Alexandria', 'VA', 22313, 571-971-2587, 'yyoull2b@marriott.com', 'yyoull2b', 'N3YQbANR');
INSERT INTO `mydb`.`customerInfo` (`customerID`, `firstName`, `lastName`, `Address`, `City`, `states_stateAbbreviation`, `ZipCode`, `phoneNumber`, `eMail`, `userName`, `password`) VALUES (85, 'Karel', 'Swinburne', '07 Ronald Regan Plaza', 'San Diego', 'CA', 92132, 619-195-8219, 'kswinburne2c@theguardian.com', 'kswinburne2c', 'WeBllexE');
INSERT INTO `mydb`.`customerInfo` (`customerID`, `firstName`, `lastName`, `Address`, `City`, `states_stateAbbreviation`, `ZipCode`, `phoneNumber`, `eMail`, `userName`, `password`) VALUES (86, 'Valaree', 'Maddin', '8 Spohn Alley', 'Portland', 'OR', 97255, 971-689-0682, 'vmaddin2d@smh.com.au', 'vmaddin2d', '1VfxP3Up');
INSERT INTO `mydb`.`customerInfo` (`customerID`, `firstName`, `lastName`, `Address`, `City`, `states_stateAbbreviation`, `ZipCode`, `phoneNumber`, `eMail`, `userName`, `password`) VALUES (87, 'Melany', 'Mariolle', '8 Oriole Avenue', 'Honolulu', 'HI', 96825, 808-985-5730, 'mmariolle2e@dagondesign.com', 'mmariolle2e', 'b9jr8Tc0YR1L');
INSERT INTO `mydb`.`customerInfo` (`customerID`, `firstName`, `lastName`, `Address`, `City`, `states_stateAbbreviation`, `ZipCode`, `phoneNumber`, `eMail`, `userName`, `password`) VALUES (88, 'Ardith', 'Connealy', '93 Scoville Court', 'Harrisburg', 'PA', 17110, 717-590-3100, 'aconnealy2f@desdev.cn', 'aconnealy2f', 'oEvCgEeg');
INSERT INTO `mydb`.`customerInfo` (`customerID`, `firstName`, `lastName`, `Address`, `City`, `states_stateAbbreviation`, `ZipCode`, `phoneNumber`, `eMail`, `userName`, `password`) VALUES (89, 'Shermy', 'Coneybeare', '67 Londonderry Way', 'Rochester', 'NY', 14652, 585-950-1839, 'sconeybeare2g@examiner.com', 'sconeybeare2g', 'DG72wxKaYUN');
INSERT INTO `mydb`.`customerInfo` (`customerID`, `firstName`, `lastName`, `Address`, `City`, `states_stateAbbreviation`, `ZipCode`, `phoneNumber`, `eMail`, `userName`, `password`) VALUES (90, 'Elbertine', 'Fiddiman', '7 Autumn Leaf Street', 'Colorado Springs', 'CO', 80915, 719-703-4905, 'efiddiman2h@about.com', 'efiddiman2h', '631fg8PH');
INSERT INTO `mydb`.`customerInfo` (`customerID`, `firstName`, `lastName`, `Address`, `City`, `states_stateAbbreviation`, `ZipCode`, `phoneNumber`, `eMail`, `userName`, `password`) VALUES (91, 'Rina', 'Nana', '282 Bultman Circle', 'Oakland', 'CA', 94616, 510-435-2773, 'rnana2i@tiny.cc', 'rnana2i', 'pMvLNfH');
INSERT INTO `mydb`.`customerInfo` (`customerID`, `firstName`, `lastName`, `Address`, `City`, `states_stateAbbreviation`, `ZipCode`, `phoneNumber`, `eMail`, `userName`, `password`) VALUES (92, 'Denver', 'Kybbye', '20318 Transport Pass', 'Honolulu', 'HI', 96810, 808-539-1963, 'dkybbye2j@gizmodo.com', 'dkybbye2j', 'ur2YPTU');
INSERT INTO `mydb`.`customerInfo` (`customerID`, `firstName`, `lastName`, `Address`, `City`, `states_stateAbbreviation`, `ZipCode`, `phoneNumber`, `eMail`, `userName`, `password`) VALUES (93, 'Tarrance', 'Bangham', '813 Haas Center', 'Houston', 'TX', 77095, 832-792-2979, 'tbangham2k@ezinearticles.com', 'tbangham2k', 'imwRusLa');
INSERT INTO `mydb`.`customerInfo` (`customerID`, `firstName`, `lastName`, `Address`, `City`, `states_stateAbbreviation`, `ZipCode`, `phoneNumber`, `eMail`, `userName`, `password`) VALUES (94, 'Jaymee', 'Jauncey', '907 Judy Terrace', 'Washington', 'DC', 20088, 202-202-0156, 'jjauncey2l@chronoengine.com', 'jjauncey2l', '5NjuOdFm');
INSERT INTO `mydb`.`customerInfo` (`customerID`, `firstName`, `lastName`, `Address`, `City`, `states_stateAbbreviation`, `ZipCode`, `phoneNumber`, `eMail`, `userName`, `password`) VALUES (95, 'Aile', 'Dudeney', '92042 Packers Circle', 'Bowie', 'MD', 20719, 240-384-3376, 'adudeney2m@pcworld.com', 'adudeney2m', 'HqDLUqMEbrEM');
INSERT INTO `mydb`.`customerInfo` (`customerID`, `firstName`, `lastName`, `Address`, `City`, `states_stateAbbreviation`, `ZipCode`, `phoneNumber`, `eMail`, `userName`, `password`) VALUES (96, 'Ashlie', 'Dunsire', '4821 Clyde Gallagher Terrace', 'Phoenix', 'AZ', 85025, 480-332-0383, 'adunsire2n@taobao.com', 'adunsire2n', '6R5jEhb1XI');
INSERT INTO `mydb`.`customerInfo` (`customerID`, `firstName`, `lastName`, `Address`, `City`, `states_stateAbbreviation`, `ZipCode`, `phoneNumber`, `eMail`, `userName`, `password`) VALUES (97, 'Yorgos', 'Townley', '99980 Harper Alley', 'Lincoln', 'NE', 68517, 402-259-0005, 'ytownley2o@theatlantic.com', 'ytownley2o', 'J1W0fjh9');
INSERT INTO `mydb`.`customerInfo` (`customerID`, `firstName`, `lastName`, `Address`, `City`, `states_stateAbbreviation`, `ZipCode`, `phoneNumber`, `eMail`, `userName`, `password`) VALUES (98, 'Carmine', 'Durward', '5543 Burrows Point', 'Buffalo', 'NY', 14233, 716-635-3141, 'cdurward2p@elpais.com', 'cdurward2p', 'rd0z0hdgd');
INSERT INTO `mydb`.`customerInfo` (`customerID`, `firstName`, `lastName`, `Address`, `City`, `states_stateAbbreviation`, `ZipCode`, `phoneNumber`, `eMail`, `userName`, `password`) VALUES (99, 'Brett', 'Bardell', '3027 Debra Point', 'Staten Island', 'NY', 10310, 914-315-1954, 'bbardell2q@nydailynews.com', 'bbardell2q', '0AWdoy');
INSERT INTO `mydb`.`customerInfo` (`customerID`, `firstName`, `lastName`, `Address`, `City`, `states_stateAbbreviation`, `ZipCode`, `phoneNumber`, `eMail`, `userName`, `password`) VALUES (100, 'Jolie', 'Huguenet', '24 8th Park', 'San Francisco', 'CA', 94132, 415-759-5636, 'jhuguenet2r@123-reg.co.uk', 'jhuguenet2r', 'Frap8lzrXyEF');
INSERT INTO `mydb`.`customerInfo` (`customerID`, `firstName`, `lastName`, `Address`, `City`, `states_stateAbbreviation`, `ZipCode`, `phoneNumber`, `eMail`, `userName`, `password`) VALUES (101, 'Brandice', 'Litherborough', '459 Sullivan Place', 'Springfield', 'IL', 62794, 217-974-0034, 'blitherborough2s@businessinsider.com', 'blitherborough2s', 'Tccs7WAwRtW');
INSERT INTO `mydb`.`customerInfo` (`customerID`, `firstName`, `lastName`, `Address`, `City`, `states_stateAbbreviation`, `ZipCode`, `phoneNumber`, `eMail`, `userName`, `password`) VALUES (102, 'Miranda', 'Mustin', '4481 Starling Plaza', 'San Diego', 'CA', 92186, 619-606-6107, 'mmustin2t@nih.gov', 'mmustin2t', 'dFs5Ol7');
INSERT INTO `mydb`.`customerInfo` (`customerID`, `firstName`, `lastName`, `Address`, `City`, `states_stateAbbreviation`, `ZipCode`, `phoneNumber`, `eMail`, `userName`, `password`) VALUES (103, 'Peyter', 'Cham', '97 Hintze Plaza', 'Wilmington', 'DE', 19810, 302-327-0906, 'pcham2u@mtv.com', 'pcham2u', 'bHW9HVTXpFq');
INSERT INTO `mydb`.`customerInfo` (`customerID`, `firstName`, `lastName`, `Address`, `City`, `states_stateAbbreviation`, `ZipCode`, `phoneNumber`, `eMail`, `userName`, `password`) VALUES (104, 'Gustav', 'Adcock', '23722 Logan Junction', 'Lansing', 'MI', 48901, 517-113-2163, 'gadcock2v@sciencedirect.com', 'gadcock2v', 'M3y1t1DK');
INSERT INTO `mydb`.`customerInfo` (`customerID`, `firstName`, `lastName`, `Address`, `City`, `states_stateAbbreviation`, `ZipCode`, `phoneNumber`, `eMail`, `userName`, `password`) VALUES (105, 'Ethel', 'Moodie', '87084 Dwight Junction', 'Denver', 'CO', 80235, 720-543-6168, 'emoodie2w@bbb.org', 'emoodie2w', 'KaQBw2');
INSERT INTO `mydb`.`customerInfo` (`customerID`, `firstName`, `lastName`, `Address`, `City`, `states_stateAbbreviation`, `ZipCode`, `phoneNumber`, `eMail`, `userName`, `password`) VALUES (106, 'Marylinda', 'Cree', '230 Summerview Parkway', 'Lexington', 'KY', 40546, 859-669-2442, 'mcree2x@nasa.gov', 'mcree2x', '1KVcjVkSL');
INSERT INTO `mydb`.`customerInfo` (`customerID`, `firstName`, `lastName`, `Address`, `City`, `states_stateAbbreviation`, `ZipCode`, `phoneNumber`, `eMail`, `userName`, `password`) VALUES (107, 'Gabriel', 'Gallatly', '98 Division Pass', 'Washington', 'DC', 20022, 202-195-0986, 'ggallatly2y@plala.or.jp', 'ggallatly2y', 'NUpJs6');
INSERT INTO `mydb`.`customerInfo` (`customerID`, `firstName`, `lastName`, `Address`, `City`, `states_stateAbbreviation`, `ZipCode`, `phoneNumber`, `eMail`, `userName`, `password`) VALUES (108, 'Trisha', 'Giabucci', '1 Debs Lane', 'Providence', 'RI', 02905, 401-980-1636, 'tgiabucci2z@mit.edu', 'tgiabucci2z', 'RRkhVyjnQ4');
INSERT INTO `mydb`.`customerInfo` (`customerID`, `firstName`, `lastName`, `Address`, `City`, `states_stateAbbreviation`, `ZipCode`, `phoneNumber`, `eMail`, `userName`, `password`) VALUES (109, 'Hillary', 'Jentle', '07104 Summerview Court', 'Washington', 'DC', 20404, 202-465-7223, 'hjentle30@dedecms.com', 'hjentle30', '7E8q4X');
INSERT INTO `mydb`.`customerInfo` (`customerID`, `firstName`, `lastName`, `Address`, `City`, `states_stateAbbreviation`, `ZipCode`, `phoneNumber`, `eMail`, `userName`, `password`) VALUES (110, 'Elvera', 'Palister', '0 Washington Center', 'Detroit', 'MI', 48242, 248-166-3320, 'epalister31@discovery.com', 'epalister31', 'Sl9PPi');
INSERT INTO `mydb`.`customerInfo` (`customerID`, `firstName`, `lastName`, `Address`, `City`, `states_stateAbbreviation`, `ZipCode`, `phoneNumber`, `eMail`, `userName`, `password`) VALUES (111, 'Jan', 'Fairest', '408 Toban Place', 'Denver', 'CO', 80270, 303-448-0532, 'jfairest32@etsy.com', 'jfairest32', 'Y7HCO8BoXv9');
INSERT INTO `mydb`.`customerInfo` (`customerID`, `firstName`, `lastName`, `Address`, `City`, `states_stateAbbreviation`, `ZipCode`, `phoneNumber`, `eMail`, `userName`, `password`) VALUES (112, 'Forster', 'Matussov', '74804 Utah Junction', 'El Paso', 'TX', 79994, 915-156-8652, 'fmatussov33@gizmodo.com', 'fmatussov33', 'uGur15k8vtH');
INSERT INTO `mydb`.`customerInfo` (`customerID`, `firstName`, `lastName`, `Address`, `City`, `states_stateAbbreviation`, `ZipCode`, `phoneNumber`, `eMail`, `userName`, `password`) VALUES (113, 'Lyndsie', 'Argrave', '072 Mayer Junction', 'Lexington', 'KY', 40581, 859-612-4135, 'largrave34@about.com', 'largrave34', 'qlnt1uxoVAx9');
INSERT INTO `mydb`.`customerInfo` (`customerID`, `firstName`, `lastName`, `Address`, `City`, `states_stateAbbreviation`, `ZipCode`, `phoneNumber`, `eMail`, `userName`, `password`) VALUES (114, 'Lora', 'Corck', '2 Lakeland Court', 'Fayetteville', 'NC', 28305, 910-262-0500, 'lcorck35@wikia.com', 'lcorck35', '6F22hPfur');
INSERT INTO `mydb`.`customerInfo` (`customerID`, `firstName`, `lastName`, `Address`, `City`, `states_stateAbbreviation`, `ZipCode`, `phoneNumber`, `eMail`, `userName`, `password`) VALUES (115, 'Harp', 'Losebie', '459 Fulton Trail', 'Rochester', 'NY', 14624, 585-275-3882, 'hlosebie36@hhs.gov', 'hlosebie36', 'wAYXb12OaQ8');
INSERT INTO `mydb`.`customerInfo` (`customerID`, `firstName`, `lastName`, `Address`, `City`, `states_stateAbbreviation`, `ZipCode`, `phoneNumber`, `eMail`, `userName`, `password`) VALUES (116, 'Valentine', 'Edmonston', '3 Northview Street', 'Lubbock', 'TX', 79410, 806-578-4884, 'vedmonston37@unc.edu', 'vedmonston37', 'ICpFycbvPMw');
INSERT INTO `mydb`.`customerInfo` (`customerID`, `firstName`, `lastName`, `Address`, `City`, `states_stateAbbreviation`, `ZipCode`, `phoneNumber`, `eMail`, `userName`, `password`) VALUES (117, 'Alexina', 'Bridat', '4 Dayton Alley', 'Wichita', 'KS', 67220, 316-558-9138, 'abridat38@yahoo.com', 'abridat38', 'HINnKQ');
INSERT INTO `mydb`.`customerInfo` (`customerID`, `firstName`, `lastName`, `Address`, `City`, `states_stateAbbreviation`, `ZipCode`, `phoneNumber`, `eMail`, `userName`, `password`) VALUES (118, 'Marius', 'Napier', '40401 Comanche Pass', 'Hialeah', 'FL', 33018, 305-199-8964, 'mnapier39@friendfeed.com', 'mnapier39', 'DqNp6hYp');
INSERT INTO `mydb`.`customerInfo` (`customerID`, `firstName`, `lastName`, `Address`, `City`, `states_stateAbbreviation`, `ZipCode`, `phoneNumber`, `eMail`, `userName`, `password`) VALUES (119, 'Claudell', 'Ambridge', '7 Esker Court', 'San Jose', 'CA', 95113, 650-318-1950, 'cambridge3a@i2i.jp', 'cambridge3a', 'cosYxr2');
INSERT INTO `mydb`.`customerInfo` (`customerID`, `firstName`, `lastName`, `Address`, `City`, `states_stateAbbreviation`, `ZipCode`, `phoneNumber`, `eMail`, `userName`, `password`) VALUES (120, 'Ailyn', 'Spurgeon', '05251 Golf View Parkway', 'Trenton', 'NJ', 08619, 609-989-1918, 'aspurgeon3b@indiegogo.com', 'aspurgeon3b', 'lL6CbRkX');
INSERT INTO `mydb`.`customerInfo` (`customerID`, `firstName`, `lastName`, `Address`, `City`, `states_stateAbbreviation`, `ZipCode`, `phoneNumber`, `eMail`, `userName`, `password`) VALUES (121, 'Vanya', 'More', '88 Larry Center', 'Philadelphia', 'PA', 19184, 215-318-9126, 'vmore3c@seattletimes.com', 'vmore3c', '9GlAzM');
INSERT INTO `mydb`.`customerInfo` (`customerID`, `firstName`, `lastName`, `Address`, `City`, `states_stateAbbreviation`, `ZipCode`, `phoneNumber`, `eMail`, `userName`, `password`) VALUES (122, 'Moishe', 'Hendricks', '0 Dixon Junction', 'Anchorage', 'AK', 99512, 907-506-3852, 'mhendricks3d@rambler.ru', 'mhendricks3d', 'QxLgHlanBPYZ');
INSERT INTO `mydb`.`customerInfo` (`customerID`, `firstName`, `lastName`, `Address`, `City`, `states_stateAbbreviation`, `ZipCode`, `phoneNumber`, `eMail`, `userName`, `password`) VALUES (123, 'Garvey', 'Noe', '86 Sherman Avenue', 'Saint Petersburg', 'FL', 33705, 727-781-7432, 'gnoe3e@hexun.com', 'gnoe3e', 'sSBzPyPw');
INSERT INTO `mydb`.`customerInfo` (`customerID`, `firstName`, `lastName`, `Address`, `City`, `states_stateAbbreviation`, `ZipCode`, `phoneNumber`, `eMail`, `userName`, `password`) VALUES (124, 'Starla', 'Bradburne', '99 Gateway Place', 'Valley Forge', 'PA', 19495, 484-505-5755, 'sbradburne3f@usgs.gov', 'sbradburne3f', '8TR75GMH');
INSERT INTO `mydb`.`customerInfo` (`customerID`, `firstName`, `lastName`, `Address`, `City`, `states_stateAbbreviation`, `ZipCode`, `phoneNumber`, `eMail`, `userName`, `password`) VALUES (125, 'Willy', 'Korpal', '81856 John Wall Hill', 'Des Moines', 'IA', 50320, 515-589-7518, 'wkorpal3g@usnews.com', 'wkorpal3g', 'm6szxGorsV');
INSERT INTO `mydb`.`customerInfo` (`customerID`, `firstName`, `lastName`, `Address`, `City`, `states_stateAbbreviation`, `ZipCode`, `phoneNumber`, `eMail`, `userName`, `password`) VALUES (126, 'Doug', 'Hearnah', '48192 Burrows Alley', 'Fort Wayne', 'IN', 46862, 260-926-8152, 'dhearnah3h@fda.gov', 'dhearnah3h', 'Fmvdk0uoLVw');
INSERT INTO `mydb`.`customerInfo` (`customerID`, `firstName`, `lastName`, `Address`, `City`, `states_stateAbbreviation`, `ZipCode`, `phoneNumber`, `eMail`, `userName`, `password`) VALUES (127, 'Vanda', 'Cardo', '1 Westport Trail', 'Detroit', 'MI', 48232, 313-267-2778, 'vcardo3i@wp.com', 'vcardo3i', 'IHqzDsaWQC');
INSERT INTO `mydb`.`customerInfo` (`customerID`, `firstName`, `lastName`, `Address`, `City`, `states_stateAbbreviation`, `ZipCode`, `phoneNumber`, `eMail`, `userName`, `password`) VALUES (128, 'Shirline', 'MacDougall', '74365 Manufacturers Place', 'Manchester', 'NH', 03105, 603-887-4424, 'smacdougall3j@mapy.cz', 'smacdougall3j', 'sy4ONY');
INSERT INTO `mydb`.`customerInfo` (`customerID`, `firstName`, `lastName`, `Address`, `City`, `states_stateAbbreviation`, `ZipCode`, `phoneNumber`, `eMail`, `userName`, `password`) VALUES (129, 'Sky', 'Farrimond', '2619 Mayfield Trail', 'Washington', 'DC', 20078, 202-948-4591, 'sfarrimond3k@narod.ru', 'sfarrimond3k', 'nYXN4Q');
INSERT INTO `mydb`.`customerInfo` (`customerID`, `firstName`, `lastName`, `Address`, `City`, `states_stateAbbreviation`, `ZipCode`, `phoneNumber`, `eMail`, `userName`, `password`) VALUES (130, 'Sibley', 'Gianotti', '062 Florence Road', 'Jacksonville', 'FL', 32277, 904-278-2179, 'sgianotti3l@census.gov', 'sgianotti3l', '7RUeqc');
INSERT INTO `mydb`.`customerInfo` (`customerID`, `firstName`, `lastName`, `Address`, `City`, `states_stateAbbreviation`, `ZipCode`, `phoneNumber`, `eMail`, `userName`, `password`) VALUES (131, 'Marcellina', 'Couth', '417 Cascade Park', 'Des Moines', 'IA', 50981, 515-443-9253, 'mcouth3m@skype.com', 'mcouth3m', 'rI2CcfPBJ');
INSERT INTO `mydb`.`customerInfo` (`customerID`, `firstName`, `lastName`, `Address`, `City`, `states_stateAbbreviation`, `ZipCode`, `phoneNumber`, `eMail`, `userName`, `password`) VALUES (132, 'Liva', 'Summerfield', '652 Holmberg Plaza', 'Dayton', 'OH', 45426, 937-246-2593, 'lsummerfield3n@multiply.com', 'lsummerfield3n', 'MV8yw7uPZ');
INSERT INTO `mydb`.`customerInfo` (`customerID`, `firstName`, `lastName`, `Address`, `City`, `states_stateAbbreviation`, `ZipCode`, `phoneNumber`, `eMail`, `userName`, `password`) VALUES (133, 'Joellen', 'Cressingham', '413 School Hill', 'Philadelphia', 'PA', 19141, 215-492-0559, 'jcressingham3o@github.com', 'jcressingham3o', 'tipDSOorne');
INSERT INTO `mydb`.`customerInfo` (`customerID`, `firstName`, `lastName`, `Address`, `City`, `states_stateAbbreviation`, `ZipCode`, `phoneNumber`, `eMail`, `userName`, `password`) VALUES (134, 'Prudy', 'Heninghem', '62 Artisan Place', 'Los Angeles', 'CA', 90101, 213-370-0487, 'pheninghem3p@1und1.de', 'pheninghem3p', '79t3DZeA2x');
INSERT INTO `mydb`.`customerInfo` (`customerID`, `firstName`, `lastName`, `Address`, `City`, `states_stateAbbreviation`, `ZipCode`, `phoneNumber`, `eMail`, `userName`, `password`) VALUES (135, 'Clevey', 'Tremoulet', '31893 Forster Terrace', 'Virginia Beach', 'VA', 23454, 757-188-8948, 'ctremoulet3q@usa.gov', 'ctremoulet3q', 'C58x3u5');
INSERT INTO `mydb`.`customerInfo` (`customerID`, `firstName`, `lastName`, `Address`, `City`, `states_stateAbbreviation`, `ZipCode`, `phoneNumber`, `eMail`, `userName`, `password`) VALUES (136, 'Lonnie', 'Merle', '2 Stoughton Lane', 'Jacksonville', 'FL', 32255, 904-225-8081, 'lmerle3r@mozilla.org', 'lmerle3r', 'QRc9DVFsi');
INSERT INTO `mydb`.`customerInfo` (`customerID`, `firstName`, `lastName`, `Address`, `City`, `states_stateAbbreviation`, `ZipCode`, `phoneNumber`, `eMail`, `userName`, `password`) VALUES (137, 'Portia', 'Mesias', '8459 Blackbird Street', 'Fort Lauderdale', 'FL', 33336, 754-722-2075, 'pmesias3s@ocn.ne.jp', 'pmesias3s', 'mwLru4voD');
INSERT INTO `mydb`.`customerInfo` (`customerID`, `firstName`, `lastName`, `Address`, `City`, `states_stateAbbreviation`, `ZipCode`, `phoneNumber`, `eMail`, `userName`, `password`) VALUES (138, 'Alyosha', 'Colbert', '4 Colorado Lane', 'Hialeah', 'FL', 33018, 305-758-7311, 'acolbert3t@jimdo.com', 'acolbert3t', 'CrchayRCh');
INSERT INTO `mydb`.`customerInfo` (`customerID`, `firstName`, `lastName`, `Address`, `City`, `states_stateAbbreviation`, `ZipCode`, `phoneNumber`, `eMail`, `userName`, `password`) VALUES (139, 'Mira', 'Radford', '1362 Di Loreto Terrace', 'Salt Lake City', 'UT', 84135, 801-912-7058, 'mradford3u@dailymail.co.uk', 'mradford3u', '57OUgv');
INSERT INTO `mydb`.`customerInfo` (`customerID`, `firstName`, `lastName`, `Address`, `City`, `states_stateAbbreviation`, `ZipCode`, `phoneNumber`, `eMail`, `userName`, `password`) VALUES (140, 'Klement', 'Baudic', '77 Wayridge Drive', 'Shawnee Mission', 'KS', 66205, 816-556-9699, 'kbaudic3v@va.gov', 'kbaudic3v', 'g3PUtDC44');
INSERT INTO `mydb`.`customerInfo` (`customerID`, `firstName`, `lastName`, `Address`, `City`, `states_stateAbbreviation`, `ZipCode`, `phoneNumber`, `eMail`, `userName`, `password`) VALUES (141, 'Dewain', 'Menear', '20 Paget Center', 'San Francisco', 'CA', 94159, 415-534-8749, 'dmenear3w@sphinn.com', 'dmenear3w', 'pzRynrA');
INSERT INTO `mydb`.`customerInfo` (`customerID`, `firstName`, `lastName`, `Address`, `City`, `states_stateAbbreviation`, `ZipCode`, `phoneNumber`, `eMail`, `userName`, `password`) VALUES (142, 'Klarika', 'Hurle', '0508 Amoth Road', 'Atlanta', 'GA', 30336, 404-935-1461, 'khurle3x@google.com.hk', 'khurle3x', 'ivE3sQmz');
INSERT INTO `mydb`.`customerInfo` (`customerID`, `firstName`, `lastName`, `Address`, `City`, `states_stateAbbreviation`, `ZipCode`, `phoneNumber`, `eMail`, `userName`, `password`) VALUES (143, 'Lizette', 'Spowart', '65788 Bunker Hill Lane', 'Los Angeles', 'CA', 90060, 323-623-3518, 'lspowart3y@prweb.com', 'lspowart3y', 'UknIeLDNBzT6');
INSERT INTO `mydb`.`customerInfo` (`customerID`, `firstName`, `lastName`, `Address`, `City`, `states_stateAbbreviation`, `ZipCode`, `phoneNumber`, `eMail`, `userName`, `password`) VALUES (144, 'Elisa', 'Brockest', '6 Banding Place', 'Milwaukee', 'WI', 53220, 414-492-0449, 'ebrockest3z@goo.gl', 'ebrockest3z', 'H2VcII');
INSERT INTO `mydb`.`customerInfo` (`customerID`, `firstName`, `lastName`, `Address`, `City`, `states_stateAbbreviation`, `ZipCode`, `phoneNumber`, `eMail`, `userName`, `password`) VALUES (145, 'Wini', 'Castaneda', '5 Lerdahl Hill', 'Burbank', 'CA', 91505, 818-936-3248, 'wcastaneda40@upenn.edu', 'wcastaneda40', 'g1ygXLO0eM');
INSERT INTO `mydb`.`customerInfo` (`customerID`, `firstName`, `lastName`, `Address`, `City`, `states_stateAbbreviation`, `ZipCode`, `phoneNumber`, `eMail`, `userName`, `password`) VALUES (146, 'Kurtis', 'Lube', '9 Fulton Hill', 'Fort Lauderdale', 'FL', 33325, 954-549-5435, 'klube41@1und1.de', 'klube41', 'WzYvmw80z');
INSERT INTO `mydb`.`customerInfo` (`customerID`, `firstName`, `lastName`, `Address`, `City`, `states_stateAbbreviation`, `ZipCode`, `phoneNumber`, `eMail`, `userName`, `password`) VALUES (147, 'Kathye', 'Lovegrove', '58 Porter Park', 'Dayton', 'OH', 45414, 937-714-7850, 'klovegrove42@desdev.cn', 'klovegrove42', 'qNFe2DoyTuuM');
INSERT INTO `mydb`.`customerInfo` (`customerID`, `firstName`, `lastName`, `Address`, `City`, `states_stateAbbreviation`, `ZipCode`, `phoneNumber`, `eMail`, `userName`, `password`) VALUES (148, 'Angelo', 'Boatwright', '66572 Logan Lane', 'Atlanta', 'GA', 31136, 404-508-1617, 'aboatwright43@stanford.edu', 'aboatwright43', '41Yed54nPEU2');
INSERT INTO `mydb`.`customerInfo` (`customerID`, `firstName`, `lastName`, `Address`, `City`, `states_stateAbbreviation`, `ZipCode`, `phoneNumber`, `eMail`, `userName`, `password`) VALUES (149, 'Ferdie', 'Divall', '0 Surrey Parkway', 'Tacoma', 'WA', 98442, 253-353-5058, 'fdivall44@engadget.com', 'fdivall44', '8N15tp');
INSERT INTO `mydb`.`customerInfo` (`customerID`, `firstName`, `lastName`, `Address`, `City`, `states_stateAbbreviation`, `ZipCode`, `phoneNumber`, `eMail`, `userName`, `password`) VALUES (150, 'Danella', 'Piotrowski', '06242 Meadow Ridge Park', 'Bethesda', 'MD', 20816, 301-453-9934, 'dpiotrowski45@list-manage.com', 'dpiotrowski45', '5FJdO8J');

COMMIT;


-- -----------------------------------------------------
-- Data for table `mydb`.`paymentInfo`
-- -----------------------------------------------------
START TRANSACTION;
USE `mydb`;
INSERT INTO `mydb`.`paymentInfo` (`customerInfo_customerID`, `cardNumber`, `firstName`, `lastName`, `expirationDate`, `securityCode`, `billingaddress`, `city`, `states_stateAbbreviation`, `zipCode`) VALUES (142, 3540104383023661, 'Eamon', 'Carrack', '6/13/2084', 369, '1945 Grover Avenue', 'Norman', 'OK', '73071');
INSERT INTO `mydb`.`paymentInfo` (`customerInfo_customerID`, `cardNumber`, `firstName`, `lastName`, `expirationDate`, `securityCode`, `billingaddress`, `city`, `states_stateAbbreviation`, `zipCode`) VALUES (53, 670631445481608093, 'Tanny', 'Wolsey', '11/22/2077', 359, '1 Loeprich Road', 'Fairfield', 'CT', '06825');
INSERT INTO `mydb`.`paymentInfo` (`customerInfo_customerID`, `cardNumber`, `firstName`, `lastName`, `expirationDate`, `securityCode`, `billingaddress`, `city`, `states_stateAbbreviation`, `zipCode`) VALUES (36, 30137873338010, 'Merrili', 'Alves', '8/10/2022', 254, '4149 Trailsway Point', 'Albuquerque', 'NM', '87190');
INSERT INTO `mydb`.`paymentInfo` (`customerInfo_customerID`, `cardNumber`, `firstName`, `lastName`, `expirationDate`, `securityCode`, `billingaddress`, `city`, `states_stateAbbreviation`, `zipCode`) VALUES (104, 564182450949543724, 'Antoni', 'Risom', '2/23/2077', 495, '92820 Butternut Center', 'Boston', 'MA', '02283');
INSERT INTO `mydb`.`paymentInfo` (`customerInfo_customerID`, `cardNumber`, `firstName`, `lastName`, `expirationDate`, `securityCode`, `billingaddress`, `city`, `states_stateAbbreviation`, `zipCode`) VALUES (41, 5893014278401757, 'Emeline', 'Powling', '8/15/2049', 313, '0170 Hanson Terrace', 'Murfreesboro', 'TN', '37131');
INSERT INTO `mydb`.`paymentInfo` (`customerInfo_customerID`, `cardNumber`, `firstName`, `lastName`, `expirationDate`, `securityCode`, `billingaddress`, `city`, `states_stateAbbreviation`, `zipCode`) VALUES (29, 4041595950341091, 'Deloris', 'Normanville', '11/29/2052', 156, '3 Summerview Pass', 'Berkeley', 'CA', '94705');
INSERT INTO `mydb`.`paymentInfo` (`customerInfo_customerID`, `cardNumber`, `firstName`, `lastName`, `expirationDate`, `securityCode`, `billingaddress`, `city`, `states_stateAbbreviation`, `zipCode`) VALUES (76, 3549140725371211, 'Hale', 'Haselhurst', '4/29/2056', 539, '57 Ramsey Junction', 'Dallas', 'TX', '75246');
INSERT INTO `mydb`.`paymentInfo` (`customerInfo_customerID`, `cardNumber`, `firstName`, `lastName`, `expirationDate`, `securityCode`, `billingaddress`, `city`, `states_stateAbbreviation`, `zipCode`) VALUES (19, 4903332213125687805, 'Roldan', 'Olver', '5/2/2092', 252, '5 Pearson Court', 'Jeffersonville', 'IN', '47134');
INSERT INTO `mydb`.`paymentInfo` (`customerInfo_customerID`, `cardNumber`, `firstName`, `lastName`, `expirationDate`, `securityCode`, `billingaddress`, `city`, `states_stateAbbreviation`, `zipCode`) VALUES (111, 4913183417003573, 'Laina', 'Kiddy', '8/18/2074', 466, '6 Hagan Trail', 'Los Angeles', 'CA', '90025');
INSERT INTO `mydb`.`paymentInfo` (`customerInfo_customerID`, `cardNumber`, `firstName`, `lastName`, `expirationDate`, `securityCode`, `billingaddress`, `city`, `states_stateAbbreviation`, `zipCode`) VALUES (115, 503808044777481008, 'Bernete', 'Colicot', '6/2/2088', 657, '7 Judy Alley', 'Hyattsville', 'MD', '20784');
INSERT INTO `mydb`.`paymentInfo` (`customerInfo_customerID`, `cardNumber`, `firstName`, `lastName`, `expirationDate`, `securityCode`, `billingaddress`, `city`, `states_stateAbbreviation`, `zipCode`) VALUES (105, 374288973973257, 'Levey', 'Houseman', '6/18/2080', 765, '3965 Daystar Court', 'Terre Haute', 'IN', '47805');
INSERT INTO `mydb`.`paymentInfo` (`customerInfo_customerID`, `cardNumber`, `firstName`, `lastName`, `expirationDate`, `securityCode`, `billingaddress`, `city`, `states_stateAbbreviation`, `zipCode`) VALUES (27, 3562046333972625, 'Nikita', 'Etherington', '2/27/2086', 637, '39831 Roxbury Circle', 'San Francisco', 'CA', '94154');
INSERT INTO `mydb`.`paymentInfo` (`customerInfo_customerID`, `cardNumber`, `firstName`, `lastName`, `expirationDate`, `securityCode`, `billingaddress`, `city`, `states_stateAbbreviation`, `zipCode`) VALUES (129, 3586315565779152, 'Dill', 'Cattlow', '4/2/2092', 765, '2203 School Court', 'Los Angeles', 'CA', '90081');
INSERT INTO `mydb`.`paymentInfo` (`customerInfo_customerID`, `cardNumber`, `firstName`, `lastName`, `expirationDate`, `securityCode`, `billingaddress`, `city`, `states_stateAbbreviation`, `zipCode`) VALUES (70, 4041377845075246, 'Terencio', 'Dumbrall', '6/30/2098', 499, '65058 Menomonie Road', 'Brooklyn', 'NY', '11247');
INSERT INTO `mydb`.`paymentInfo` (`customerInfo_customerID`, `cardNumber`, `firstName`, `lastName`, `expirationDate`, `securityCode`, `billingaddress`, `city`, `states_stateAbbreviation`, `zipCode`) VALUES (3, 5602214850428390, 'Lorenzo', 'Rundall', '6/3/2091', 928, '885 Bobwhite Crossing', 'Grand Rapids', 'MI', '49560');
INSERT INTO `mydb`.`paymentInfo` (`customerInfo_customerID`, `cardNumber`, `firstName`, `lastName`, `expirationDate`, `securityCode`, `billingaddress`, `city`, `states_stateAbbreviation`, `zipCode`) VALUES (43, 3579796046230023, 'Cully', 'Conaghan', '6/6/2091', 193, '6007 Oakridge Court', 'Staten Island', 'NY', '10305');
INSERT INTO `mydb`.`paymentInfo` (`customerInfo_customerID`, `cardNumber`, `firstName`, `lastName`, `expirationDate`, `securityCode`, `billingaddress`, `city`, `states_stateAbbreviation`, `zipCode`) VALUES (115, 4523944043740249, 'Andre', 'Habble', '3/7/2078', 599, '05739 Anniversary Pass', 'Charleston', 'WV', '25321');
INSERT INTO `mydb`.`paymentInfo` (`customerInfo_customerID`, `cardNumber`, `firstName`, `lastName`, `expirationDate`, `securityCode`, `billingaddress`, `city`, `states_stateAbbreviation`, `zipCode`) VALUES (137, 3583778524897618, 'Vanessa', 'Seary', '7/28/2067', 114, '62 Fordem Street', 'Omaha', 'NE', '68144');
INSERT INTO `mydb`.`paymentInfo` (`customerInfo_customerID`, `cardNumber`, `firstName`, `lastName`, `expirationDate`, `securityCode`, `billingaddress`, `city`, `states_stateAbbreviation`, `zipCode`) VALUES (141, 3536876091815423, 'Redd', 'Reek', '8/17/2093', 842, '7 Bluejay Street', 'Pensacola', 'FL', '32575');
INSERT INTO `mydb`.`paymentInfo` (`customerInfo_customerID`, `cardNumber`, `firstName`, `lastName`, `expirationDate`, `securityCode`, `billingaddress`, `city`, `states_stateAbbreviation`, `zipCode`) VALUES (80, 6304740309804210, 'Gris', 'Chipp', '12/4/2056', 444, '5265 Montana Park', 'Los Angeles', 'CA', '90025');
INSERT INTO `mydb`.`paymentInfo` (`customerInfo_customerID`, `cardNumber`, `firstName`, `lastName`, `expirationDate`, `securityCode`, `billingaddress`, `city`, `states_stateAbbreviation`, `zipCode`) VALUES (103, 560223586542826070, 'Bethena', 'Elven', '8/17/2051', 961, '076 Lerdahl Parkway', 'Akron', 'OH', '44305');
INSERT INTO `mydb`.`paymentInfo` (`customerInfo_customerID`, `cardNumber`, `firstName`, `lastName`, `expirationDate`, `securityCode`, `billingaddress`, `city`, `states_stateAbbreviation`, `zipCode`) VALUES (99, 3571472610371720, 'Peirce', 'Caton', '4/3/2052', 288, '84 Knutson Place', 'Rochester', 'NY', '14652');
INSERT INTO `mydb`.`paymentInfo` (`customerInfo_customerID`, `cardNumber`, `firstName`, `lastName`, `expirationDate`, `securityCode`, `billingaddress`, `city`, `states_stateAbbreviation`, `zipCode`) VALUES (137, 3581839732784428, 'Jan', 'Corton', '10/16/2098', 174, '3 Montana Place', 'Santa Ana', 'CA', '92705');
INSERT INTO `mydb`.`paymentInfo` (`customerInfo_customerID`, `cardNumber`, `firstName`, `lastName`, `expirationDate`, `securityCode`, `billingaddress`, `city`, `states_stateAbbreviation`, `zipCode`) VALUES (146, 490316660706105429, 'Fionnula', 'Hanway', '3/18/2077', 627, '8 Tennessee Park', 'New York City', 'NY', '10165');
INSERT INTO `mydb`.`paymentInfo` (`customerInfo_customerID`, `cardNumber`, `firstName`, `lastName`, `expirationDate`, `securityCode`, `billingaddress`, `city`, `states_stateAbbreviation`, `zipCode`) VALUES (127, 3561352583141916, 'Wendel', 'Rudeyeard', '4/18/2037', 609, '30 Declaration Pass', 'Stamford', 'CT', '06922');
INSERT INTO `mydb`.`paymentInfo` (`customerInfo_customerID`, `cardNumber`, `firstName`, `lastName`, `expirationDate`, `securityCode`, `billingaddress`, `city`, `states_stateAbbreviation`, `zipCode`) VALUES (80, 3533287179440865, 'Sharla', 'Turk', '9/4/2090', 995, '55400 Spaight Road', 'Fort Wayne', 'IN', '46857');
INSERT INTO `mydb`.`paymentInfo` (`customerInfo_customerID`, `cardNumber`, `firstName`, `lastName`, `expirationDate`, `securityCode`, `billingaddress`, `city`, `states_stateAbbreviation`, `zipCode`) VALUES (100, 3562372656097992, 'Dinny', 'Orro', '11/22/2028', 241, '31004 Burning Wood Plaza', 'Cincinnati', 'OH', '45249');
INSERT INTO `mydb`.`paymentInfo` (`customerInfo_customerID`, `cardNumber`, `firstName`, `lastName`, `expirationDate`, `securityCode`, `billingaddress`, `city`, `states_stateAbbreviation`, `zipCode`) VALUES (119, 201993855706431, 'Mallory', 'Sarra', '6/13/2087', 579, '9 Oneill Drive', 'Sacramento', 'CA', '95852');
INSERT INTO `mydb`.`paymentInfo` (`customerInfo_customerID`, `cardNumber`, `firstName`, `lastName`, `expirationDate`, `securityCode`, `billingaddress`, `city`, `states_stateAbbreviation`, `zipCode`) VALUES (12, 633342509899420108, 'Leonhard', 'Skilling', '3/7/2068', 434, '155 Hoard Hill', 'Sacramento', 'CA', '95823');
INSERT INTO `mydb`.`paymentInfo` (`customerInfo_customerID`, `cardNumber`, `firstName`, `lastName`, `expirationDate`, `securityCode`, `billingaddress`, `city`, `states_stateAbbreviation`, `zipCode`) VALUES (31, 4041590148121497, 'Bab', 'Taborre', '10/2/2047', 679, '846 Linden Drive', 'Dayton', 'OH', '45403');
INSERT INTO `mydb`.`paymentInfo` (`customerInfo_customerID`, `cardNumber`, `firstName`, `lastName`, `expirationDate`, `securityCode`, `billingaddress`, `city`, `states_stateAbbreviation`, `zipCode`) VALUES (131, 30481030159020, 'Lezley', 'Boldra', '8/7/2053', 508, '75405 Longview Court', 'Atlanta', 'GA', '30351');
INSERT INTO `mydb`.`paymentInfo` (`customerInfo_customerID`, `cardNumber`, `firstName`, `lastName`, `expirationDate`, `securityCode`, `billingaddress`, `city`, `states_stateAbbreviation`, `zipCode`) VALUES (113, 3551809329024179, 'Konstantin', 'Heed', '10/27/2053', 568, '15 Mayfield Avenue', 'Columbus', 'OH', '43231');
INSERT INTO `mydb`.`paymentInfo` (`customerInfo_customerID`, `cardNumber`, `firstName`, `lastName`, `expirationDate`, `securityCode`, `billingaddress`, `city`, `states_stateAbbreviation`, `zipCode`) VALUES (55, 3536421608446600, 'Ruprecht', 'Lively', '5/15/2064', 566, '8 Colorado Hill', 'Charlotte', 'NC', '28235');
INSERT INTO `mydb`.`paymentInfo` (`customerInfo_customerID`, `cardNumber`, `firstName`, `lastName`, `expirationDate`, `securityCode`, `billingaddress`, `city`, `states_stateAbbreviation`, `zipCode`) VALUES (36, 501826572238926668, 'Heloise', 'Sheilds', '5/14/2076', 173, '21 Toban Lane', 'Modesto', 'CA', '95397');
INSERT INTO `mydb`.`paymentInfo` (`customerInfo_customerID`, `cardNumber`, `firstName`, `lastName`, `expirationDate`, `securityCode`, `billingaddress`, `city`, `states_stateAbbreviation`, `zipCode`) VALUES (135, 372301329235172, 'Syd', 'Doubrava', '9/28/2026', 996, '5 Petterle Pass', 'Los Angeles', 'CA', '90060');
INSERT INTO `mydb`.`paymentInfo` (`customerInfo_customerID`, `cardNumber`, `firstName`, `lastName`, `expirationDate`, `securityCode`, `billingaddress`, `city`, `states_stateAbbreviation`, `zipCode`) VALUES (136, 3574632591713177, 'Charmane', 'Ben', '3/12/2044', 339, '5 Warbler Circle', 'Springfield', 'MO', '65810');
INSERT INTO `mydb`.`paymentInfo` (`customerInfo_customerID`, `cardNumber`, `firstName`, `lastName`, `expirationDate`, `securityCode`, `billingaddress`, `city`, `states_stateAbbreviation`, `zipCode`) VALUES (94, 201776427908316, 'Gianna', 'Tees', '10/25/2065', 997, '89720 Logan Lane', 'Phoenix', 'AZ', '85040');
INSERT INTO `mydb`.`paymentInfo` (`customerInfo_customerID`, `cardNumber`, `firstName`, `lastName`, `expirationDate`, `securityCode`, `billingaddress`, `city`, `states_stateAbbreviation`, `zipCode`) VALUES (133, 3541968561250448, 'Torie', 'Pentlow', '9/27/2074', 903, '17752 Coolidge Way', 'Greenville', 'SC', '29615');
INSERT INTO `mydb`.`paymentInfo` (`customerInfo_customerID`, `cardNumber`, `firstName`, `lastName`, `expirationDate`, `securityCode`, `billingaddress`, `city`, `states_stateAbbreviation`, `zipCode`) VALUES (70, 4352346639439, 'Melitta', 'Kearley', '4/2/2096', 255, '91 Daystar Parkway', 'Cincinnati', 'OH', '45208');
INSERT INTO `mydb`.`paymentInfo` (`customerInfo_customerID`, `cardNumber`, `firstName`, `lastName`, `expirationDate`, `securityCode`, `billingaddress`, `city`, `states_stateAbbreviation`, `zipCode`) VALUES (16, 564182806325344492, 'Milicent', 'Garrow', '9/3/2049', 146, '4 Heffernan Hill', 'Lakeland', 'FL', '33811');
INSERT INTO `mydb`.`paymentInfo` (`customerInfo_customerID`, `cardNumber`, `firstName`, `lastName`, `expirationDate`, `securityCode`, `billingaddress`, `city`, `states_stateAbbreviation`, `zipCode`) VALUES (113, 3556898462559625, 'Shani', 'Botha', '3/20/2078', 167, '44387 Spohn Center', 'Dayton', 'OH', '45490');
INSERT INTO `mydb`.`paymentInfo` (`customerInfo_customerID`, `cardNumber`, `firstName`, `lastName`, `expirationDate`, `securityCode`, `billingaddress`, `city`, `states_stateAbbreviation`, `zipCode`) VALUES (62, 3559418081515986, 'Leighton', 'Furlonge', '8/6/2041', 866, '616 Lillian Plaza', 'Southfield', 'MI', '48076');
INSERT INTO `mydb`.`paymentInfo` (`customerInfo_customerID`, `cardNumber`, `firstName`, `lastName`, `expirationDate`, `securityCode`, `billingaddress`, `city`, `states_stateAbbreviation`, `zipCode`) VALUES (33, 5495950209700290, 'Renata', 'St Clair', '7/17/2090', 992, '3 Union Lane', 'Fresno', 'CA', '93715');
INSERT INTO `mydb`.`paymentInfo` (`customerInfo_customerID`, `cardNumber`, `firstName`, `lastName`, `expirationDate`, `securityCode`, `billingaddress`, `city`, `states_stateAbbreviation`, `zipCode`) VALUES (24, 3568088872536019, 'Antonius', 'Liddard', '4/19/2027', 273, '121 Shopko Way', 'Birmingham', 'AL', '35242');
INSERT INTO `mydb`.`paymentInfo` (`customerInfo_customerID`, `cardNumber`, `firstName`, `lastName`, `expirationDate`, `securityCode`, `billingaddress`, `city`, `states_stateAbbreviation`, `zipCode`) VALUES (16, 3528118536381285, 'Durant', 'McCart', '8/9/2032', 353, '8 Grasskamp Crossing', 'Huntington', 'WV', '25705');
INSERT INTO `mydb`.`paymentInfo` (`customerInfo_customerID`, `cardNumber`, `firstName`, `lastName`, `expirationDate`, `securityCode`, `billingaddress`, `city`, `states_stateAbbreviation`, `zipCode`) VALUES (46, 374288276773230, 'Ethelind', 'Smillie', '5/1/2059', 538, '5722 Old Gate Way', 'Redwood City', 'CA', '94064');
INSERT INTO `mydb`.`paymentInfo` (`customerInfo_customerID`, `cardNumber`, `firstName`, `lastName`, `expirationDate`, `securityCode`, `billingaddress`, `city`, `states_stateAbbreviation`, `zipCode`) VALUES (9, 4936447964905649454, 'Martelle', 'Jendrach', '1/18/2030', 302, '314 Lukken Point', 'Topeka', 'KS', '66699');
INSERT INTO `mydb`.`paymentInfo` (`customerInfo_customerID`, `cardNumber`, `firstName`, `lastName`, `expirationDate`, `securityCode`, `billingaddress`, `city`, `states_stateAbbreviation`, `zipCode`) VALUES (75, 3537943591319303, 'Derrek', 'Budgeon', '4/19/2045', 343, '0 Meadow Valley Trail', 'Honolulu', 'HI', '96815');
INSERT INTO `mydb`.`paymentInfo` (`customerInfo_customerID`, `cardNumber`, `firstName`, `lastName`, `expirationDate`, `securityCode`, `billingaddress`, `city`, `states_stateAbbreviation`, `zipCode`) VALUES (49, 3583917786483143, 'Shea', 'Fillgate', '2/24/2040', 819, '46963 Meadow Vale Junction', 'Pasadena', 'CA', '91186');
INSERT INTO `mydb`.`paymentInfo` (`customerInfo_customerID`, `cardNumber`, `firstName`, `lastName`, `expirationDate`, `securityCode`, `billingaddress`, `city`, `states_stateAbbreviation`, `zipCode`) VALUES (109, 3574029044689627, 'Ulla', 'Duck', '2/17/2081', 637, '7 Pearson Alley', 'Saint Louis', 'MO', '63169');
INSERT INTO `mydb`.`paymentInfo` (`customerInfo_customerID`, `cardNumber`, `firstName`, `lastName`, `expirationDate`, `securityCode`, `billingaddress`, `city`, `states_stateAbbreviation`, `zipCode`) VALUES (50, 5142572819296118, 'Silvana', 'Riach', '10/5/2033', 331, '2 Union Junction', 'Escondido', 'CA', '92030');
INSERT INTO `mydb`.`paymentInfo` (`customerInfo_customerID`, `cardNumber`, `firstName`, `lastName`, `expirationDate`, `securityCode`, `billingaddress`, `city`, `states_stateAbbreviation`, `zipCode`) VALUES (139, 4303405714052187, 'Alexei', 'Kleewein', '12/23/2019', 449, '32554 Donald Hill', 'Detroit', 'MI', '48232');
INSERT INTO `mydb`.`paymentInfo` (`customerInfo_customerID`, `cardNumber`, `firstName`, `lastName`, `expirationDate`, `securityCode`, `billingaddress`, `city`, `states_stateAbbreviation`, `zipCode`) VALUES (11, 6759434433695749451, 'Avis', 'Vasler', '3/25/2031', 904, '31399 Kingsford Way', 'Englewood', 'CO', '80150');
INSERT INTO `mydb`.`paymentInfo` (`customerInfo_customerID`, `cardNumber`, `firstName`, `lastName`, `expirationDate`, `securityCode`, `billingaddress`, `city`, `states_stateAbbreviation`, `zipCode`) VALUES (84, 3582859489178052, 'Monroe', 'Letteresse', '3/22/2060', 636, '56141 Lukken Point', 'Frederick', 'MD', '21705');
INSERT INTO `mydb`.`paymentInfo` (`customerInfo_customerID`, `cardNumber`, `firstName`, `lastName`, `expirationDate`, `securityCode`, `billingaddress`, `city`, `states_stateAbbreviation`, `zipCode`) VALUES (41, 5100179945159366, 'Trev', 'Gowrich', '1/31/2021', 462, '79 Maywood Way', 'Honolulu', 'HI', '96835');
INSERT INTO `mydb`.`paymentInfo` (`customerInfo_customerID`, `cardNumber`, `firstName`, `lastName`, `expirationDate`, `securityCode`, `billingaddress`, `city`, `states_stateAbbreviation`, `zipCode`) VALUES (149, 5602227156794737, 'Latrina', 'Coveley', '6/2/2046', 881, '60738 Di Loreto Hill', 'Washington', 'DC', '20244');
INSERT INTO `mydb`.`paymentInfo` (`customerInfo_customerID`, `cardNumber`, `firstName`, `lastName`, `expirationDate`, `securityCode`, `billingaddress`, `city`, `states_stateAbbreviation`, `zipCode`) VALUES (78, 4405251664587047, 'Jasper', 'Scapens', '6/29/2062', 269, '9 Cottonwood Court', 'Amarillo', 'TX', '79182');
INSERT INTO `mydb`.`paymentInfo` (`customerInfo_customerID`, `cardNumber`, `firstName`, `lastName`, `expirationDate`, `securityCode`, `billingaddress`, `city`, `states_stateAbbreviation`, `zipCode`) VALUES (6, 3584778359337333, 'Duky', 'Bangham', '1/5/2046', 627, '93787 Nevada Trail', 'New York City', 'NY', '10004');
INSERT INTO `mydb`.`paymentInfo` (`customerInfo_customerID`, `cardNumber`, `firstName`, `lastName`, `expirationDate`, `securityCode`, `billingaddress`, `city`, `states_stateAbbreviation`, `zipCode`) VALUES (48, 3551886324910149, 'Joshua', 'Wardhough', '3/24/2060', 156, '396 Northwestern Lane', 'Houston', 'TX', '77095');
INSERT INTO `mydb`.`paymentInfo` (`customerInfo_customerID`, `cardNumber`, `firstName`, `lastName`, `expirationDate`, `securityCode`, `billingaddress`, `city`, `states_stateAbbreviation`, `zipCode`) VALUES (88, 3582160586440804, 'Myranda', 'Trenfield', '8/4/2092', 224, '9 Westridge Road', 'Cape Coral', 'FL', '33915');
INSERT INTO `mydb`.`paymentInfo` (`customerInfo_customerID`, `cardNumber`, `firstName`, `lastName`, `expirationDate`, `securityCode`, `billingaddress`, `city`, `states_stateAbbreviation`, `zipCode`) VALUES (107, 3581549499211073, 'Pincus', 'Mahy', '4/20/2071', 660, '3451 Browning Place', 'Fort Lauderdale', 'FL', '33355');
INSERT INTO `mydb`.`paymentInfo` (`customerInfo_customerID`, `cardNumber`, `firstName`, `lastName`, `expirationDate`, `securityCode`, `billingaddress`, `city`, `states_stateAbbreviation`, `zipCode`) VALUES (46, 3555513228396250, 'Dell', 'Fruen', '1/16/2089', 927, '5 Acker Parkway', 'Modesto', 'CA', '95354');
INSERT INTO `mydb`.`paymentInfo` (`customerInfo_customerID`, `cardNumber`, `firstName`, `lastName`, `expirationDate`, `securityCode`, `billingaddress`, `city`, `states_stateAbbreviation`, `zipCode`) VALUES (69, 6304614858516405031, 'Anna', 'Wyleman', '1/26/2093', 343, '906 Cordelia Way', 'Hartford', 'CT', '06160');
INSERT INTO `mydb`.`paymentInfo` (`customerInfo_customerID`, `cardNumber`, `firstName`, `lastName`, `expirationDate`, `securityCode`, `billingaddress`, `city`, `states_stateAbbreviation`, `zipCode`) VALUES (103, 3583536818754923, 'Cass', 'Pitman', '12/5/2088', 902, '26 East Pass', 'Los Angeles', 'CA', '90076');
INSERT INTO `mydb`.`paymentInfo` (`customerInfo_customerID`, `cardNumber`, `firstName`, `lastName`, `expirationDate`, `securityCode`, `billingaddress`, `city`, `states_stateAbbreviation`, `zipCode`) VALUES (48, 50203002665442840, 'Paulie', 'Bedingfield', '9/2/2082', 397, '89 Birchwood Pass', 'Jacksonville', 'FL', '32236');
INSERT INTO `mydb`.`paymentInfo` (`customerInfo_customerID`, `cardNumber`, `firstName`, `lastName`, `expirationDate`, `securityCode`, `billingaddress`, `city`, `states_stateAbbreviation`, `zipCode`) VALUES (130, 3528191962448860, 'Datha', 'Kubczak', '10/13/2097', 707, '86 Calypso Trail', 'Seattle', 'WA', '98115');
INSERT INTO `mydb`.`paymentInfo` (`customerInfo_customerID`, `cardNumber`, `firstName`, `lastName`, `expirationDate`, `securityCode`, `billingaddress`, `city`, `states_stateAbbreviation`, `zipCode`) VALUES (146, 060486832657849173, 'Kennedy', 'Murrell', '5/20/2020', 603, '48084 Di Loreto Parkway', 'Peoria', 'IL', '61605');
INSERT INTO `mydb`.`paymentInfo` (`customerInfo_customerID`, `cardNumber`, `firstName`, `lastName`, `expirationDate`, `securityCode`, `billingaddress`, `city`, `states_stateAbbreviation`, `zipCode`) VALUES (110, 3528828713529601, 'Martino', 'Carnilian', '2/28/2066', 787, '88143 Loeprich Park', 'El Paso', 'TX', '88558');
INSERT INTO `mydb`.`paymentInfo` (`customerInfo_customerID`, `cardNumber`, `firstName`, `lastName`, `expirationDate`, `securityCode`, `billingaddress`, `city`, `states_stateAbbreviation`, `zipCode`) VALUES (40, 6709092103041024630, 'Darrin', 'Lorriman', '6/14/2063', 622, '9 Eagle Crest Center', 'Shawnee Mission', 'KS', '66215');
INSERT INTO `mydb`.`paymentInfo` (`customerInfo_customerID`, `cardNumber`, `firstName`, `lastName`, `expirationDate`, `securityCode`, `billingaddress`, `city`, `states_stateAbbreviation`, `zipCode`) VALUES (44, 3589938035334303, 'Cari', 'Jakoubec', '7/29/2089', 383, '3 Lien Center', 'Norfolk', 'VA', '23504');
INSERT INTO `mydb`.`paymentInfo` (`customerInfo_customerID`, `cardNumber`, `firstName`, `lastName`, `expirationDate`, `securityCode`, `billingaddress`, `city`, `states_stateAbbreviation`, `zipCode`) VALUES (29, 30596005994679, 'Annaliese', 'Thumim', '11/1/2053', 627, '356 Fuller Plaza', 'Youngstown', 'OH', '44505');
INSERT INTO `mydb`.`paymentInfo` (`customerInfo_customerID`, `cardNumber`, `firstName`, `lastName`, `expirationDate`, `securityCode`, `billingaddress`, `city`, `states_stateAbbreviation`, `zipCode`) VALUES (68, 4633777650288, 'Chuck', 'Etheridge', '6/18/2051', 159, '7603 Lunder Trail', 'Atlanta', 'GA', '30392');
INSERT INTO `mydb`.`paymentInfo` (`customerInfo_customerID`, `cardNumber`, `firstName`, `lastName`, `expirationDate`, `securityCode`, `billingaddress`, `city`, `states_stateAbbreviation`, `zipCode`) VALUES (9, 5602233399830155, 'Milly', 'Olekhov', '12/24/2027', 427, '2 Alpine Point', 'Macon', 'GA', '31210');
INSERT INTO `mydb`.`paymentInfo` (`customerInfo_customerID`, `cardNumber`, `firstName`, `lastName`, `expirationDate`, `securityCode`, `billingaddress`, `city`, `states_stateAbbreviation`, `zipCode`) VALUES (42, 6759994355741939, 'Alverta', 'Haborn', '11/18/2031', 878, '70909 Debra Plaza', 'Colorado Springs', 'CO', '80935');
INSERT INTO `mydb`.`paymentInfo` (`customerInfo_customerID`, `cardNumber`, `firstName`, `lastName`, `expirationDate`, `securityCode`, `billingaddress`, `city`, `states_stateAbbreviation`, `zipCode`) VALUES (58, 6334713125016487613, 'Portia', 'Methringham', '3/15/2094', 519, '69802 Comanche Terrace', 'Las Vegas', 'NV', '89140');
INSERT INTO `mydb`.`paymentInfo` (`customerInfo_customerID`, `cardNumber`, `firstName`, `lastName`, `expirationDate`, `securityCode`, `billingaddress`, `city`, `states_stateAbbreviation`, `zipCode`) VALUES (35, 3545028343750359, 'Quintin', 'Gallamore', '8/6/2040', 636, '0292 Sugar Court', 'Mobile', 'AL', '36689');
INSERT INTO `mydb`.`paymentInfo` (`customerInfo_customerID`, `cardNumber`, `firstName`, `lastName`, `expirationDate`, `securityCode`, `billingaddress`, `city`, `states_stateAbbreviation`, `zipCode`) VALUES (21, 5100171525536592, 'Gregg', 'Willans', '2/23/2089', 907, '04 Orin Junction', 'Jackson', 'MS', '39210');
INSERT INTO `mydb`.`paymentInfo` (`customerInfo_customerID`, `cardNumber`, `firstName`, `lastName`, `expirationDate`, `securityCode`, `billingaddress`, `city`, `states_stateAbbreviation`, `zipCode`) VALUES (85, 5010128182776738, 'Pierette', 'Sellner', '7/13/2068', 986, '4799 Hermina Terrace', 'Albany', 'NY', '12227');
INSERT INTO `mydb`.`paymentInfo` (`customerInfo_customerID`, `cardNumber`, `firstName`, `lastName`, `expirationDate`, `securityCode`, `billingaddress`, `city`, `states_stateAbbreviation`, `zipCode`) VALUES (78, 30299896133313, 'Everard', 'Habben', '1/15/2043', 223, '92 Washington Place', 'Jamaica', 'NY', '11431');
INSERT INTO `mydb`.`paymentInfo` (`customerInfo_customerID`, `cardNumber`, `firstName`, `lastName`, `expirationDate`, `securityCode`, `billingaddress`, `city`, `states_stateAbbreviation`, `zipCode`) VALUES (121, 3537107725955263, 'Walliw', 'Stainland', '4/12/2081', 852, '2740 Hayes Court', 'Springfield', 'MA', '01114');
INSERT INTO `mydb`.`paymentInfo` (`customerInfo_customerID`, `cardNumber`, `firstName`, `lastName`, `expirationDate`, `securityCode`, `billingaddress`, `city`, `states_stateAbbreviation`, `zipCode`) VALUES (1, 3581907823944639, 'Diana', 'Coat', '1/31/2035', 381, '3077 Springview Way', 'Charlottesville', 'VA', '22903');
INSERT INTO `mydb`.`paymentInfo` (`customerInfo_customerID`, `cardNumber`, `firstName`, `lastName`, `expirationDate`, `securityCode`, `billingaddress`, `city`, `states_stateAbbreviation`, `zipCode`) VALUES (96, 30084580507174, 'Walt', 'Hawkshaw', '6/14/2073', 819, '044 Ridge Oak Road', 'Saint Paul', 'MN', '55114');
INSERT INTO `mydb`.`paymentInfo` (`customerInfo_customerID`, `cardNumber`, `firstName`, `lastName`, `expirationDate`, `securityCode`, `billingaddress`, `city`, `states_stateAbbreviation`, `zipCode`) VALUES (89, 5602240636553357509, 'Ike', 'Mee', '3/18/2064', 937, '0 Fairfield Center', 'Bronx', 'NY', '10459');
INSERT INTO `mydb`.`paymentInfo` (`customerInfo_customerID`, `cardNumber`, `firstName`, `lastName`, `expirationDate`, `securityCode`, `billingaddress`, `city`, `states_stateAbbreviation`, `zipCode`) VALUES (132, 3538531611330027, 'Faye', 'Bromilow', '2/9/2068', 171, '797 Hermina Place', 'Indianapolis', 'IN', '46278');
INSERT INTO `mydb`.`paymentInfo` (`customerInfo_customerID`, `cardNumber`, `firstName`, `lastName`, `expirationDate`, `securityCode`, `billingaddress`, `city`, `states_stateAbbreviation`, `zipCode`) VALUES (145, 5602233659046237, 'Husain', 'Shiel', '4/10/2027', 489, '434 Riverside Place', 'San Diego', 'CA', '92121');
INSERT INTO `mydb`.`paymentInfo` (`customerInfo_customerID`, `cardNumber`, `firstName`, `lastName`, `expirationDate`, `securityCode`, `billingaddress`, `city`, `states_stateAbbreviation`, `zipCode`) VALUES (4, 3552243032549026, 'Ruthanne', 'O\'Cuddie', '11/14/2062', 139, '8 Artisan Place', 'Phoenix', 'AZ', '85025');
INSERT INTO `mydb`.`paymentInfo` (`customerInfo_customerID`, `cardNumber`, `firstName`, `lastName`, `expirationDate`, `securityCode`, `billingaddress`, `city`, `states_stateAbbreviation`, `zipCode`) VALUES (20, 374283916966740, 'Aurelea', 'Froom', '8/31/2082', 611, '23622 Waxwing Court', 'Springfield', 'IL', '62723');
INSERT INTO `mydb`.`paymentInfo` (`customerInfo_customerID`, `cardNumber`, `firstName`, `lastName`, `expirationDate`, `securityCode`, `billingaddress`, `city`, `states_stateAbbreviation`, `zipCode`) VALUES (110, 6761799728393765443, 'Tony', 'Klauer', '8/7/2085', 897, '83 Truax Alley', 'Amarillo', 'TX', '79118');
INSERT INTO `mydb`.`paymentInfo` (`customerInfo_customerID`, `cardNumber`, `firstName`, `lastName`, `expirationDate`, `securityCode`, `billingaddress`, `city`, `states_stateAbbreviation`, `zipCode`) VALUES (58, 3583650806543527, 'Reggi', 'Sherwell', '9/1/2079', 836, '807 Charing Cross Point', 'Salt Lake City', 'UT', '84125');
INSERT INTO `mydb`.`paymentInfo` (`customerInfo_customerID`, `cardNumber`, `firstName`, `lastName`, `expirationDate`, `securityCode`, `billingaddress`, `city`, `states_stateAbbreviation`, `zipCode`) VALUES (138, 5108756585802249, 'Cecily', 'Surpliss', '8/14/2088', 690, '07 Dunning Pass', 'Sacramento', 'CA', '94250');
INSERT INTO `mydb`.`paymentInfo` (`customerInfo_customerID`, `cardNumber`, `firstName`, `lastName`, `expirationDate`, `securityCode`, `billingaddress`, `city`, `states_stateAbbreviation`, `zipCode`) VALUES (8, 30213416538471, 'Red', 'Gunningham', '6/18/2037', 305, '30565 Independence Point', 'Minneapolis', 'MN', '55423');
INSERT INTO `mydb`.`paymentInfo` (`customerInfo_customerID`, `cardNumber`, `firstName`, `lastName`, `expirationDate`, `securityCode`, `billingaddress`, `city`, `states_stateAbbreviation`, `zipCode`) VALUES (6, 30067626210960, 'Irwin', 'Sebrook', '6/26/2093', 917, '61879 Ludington Avenue', 'Bradenton', 'FL', '34205');
INSERT INTO `mydb`.`paymentInfo` (`customerInfo_customerID`, `cardNumber`, `firstName`, `lastName`, `expirationDate`, `securityCode`, `billingaddress`, `city`, `states_stateAbbreviation`, `zipCode`) VALUES (107, 3530345265341117, 'Berta', 'Dorran', '7/3/2037', 167, '66070 Pond Trail', 'Phoenix', 'AZ', '85083');
INSERT INTO `mydb`.`paymentInfo` (`customerInfo_customerID`, `cardNumber`, `firstName`, `lastName`, `expirationDate`, `securityCode`, `billingaddress`, `city`, `states_stateAbbreviation`, `zipCode`) VALUES (66, 3548572420445364, 'Aylmer', 'Askey', '2/21/2078', 212, '37 Declaration Plaza', 'Albany', 'NY', '12232');
INSERT INTO `mydb`.`paymentInfo` (`customerInfo_customerID`, `cardNumber`, `firstName`, `lastName`, `expirationDate`, `securityCode`, `billingaddress`, `city`, `states_stateAbbreviation`, `zipCode`) VALUES (137, 4017950649699, 'Iggie', 'Ibbitson', '4/28/2040', 552, '6 Rowland Avenue', 'Erie', 'PA', '16565');
INSERT INTO `mydb`.`paymentInfo` (`customerInfo_customerID`, `cardNumber`, `firstName`, `lastName`, `expirationDate`, `securityCode`, `billingaddress`, `city`, `states_stateAbbreviation`, `zipCode`) VALUES (98, 3536509874713149, 'Carline', 'Seadon', '11/25/2048', 104, '44 Surrey Hill', 'Sarasota', 'FL', '34238');
INSERT INTO `mydb`.`paymentInfo` (`customerInfo_customerID`, `cardNumber`, `firstName`, `lastName`, `expirationDate`, `securityCode`, `billingaddress`, `city`, `states_stateAbbreviation`, `zipCode`) VALUES (124, 50207894414730301, 'Raimund', 'McCuffie', '7/10/2053', 141, '9724 Lillian Court', 'Sacramento', 'CA', '94245');
INSERT INTO `mydb`.`paymentInfo` (`customerInfo_customerID`, `cardNumber`, `firstName`, `lastName`, `expirationDate`, `securityCode`, `billingaddress`, `city`, `states_stateAbbreviation`, `zipCode`) VALUES (116, 337941725731797, 'Corry', 'Slay', '3/24/2069', 237, '6 Onsgard Place', 'Montgomery', 'AL', '36125');
INSERT INTO `mydb`.`paymentInfo` (`customerInfo_customerID`, `cardNumber`, `firstName`, `lastName`, `expirationDate`, `securityCode`, `billingaddress`, `city`, `states_stateAbbreviation`, `zipCode`) VALUES (142, 3584565768350233, 'Larry', 'Danit', '7/24/2076', 898, '55373 Service Alley', 'West Palm Beach', 'FL', '33421');
INSERT INTO `mydb`.`paymentInfo` (`customerInfo_customerID`, `cardNumber`, `firstName`, `lastName`, `expirationDate`, `securityCode`, `billingaddress`, `city`, `states_stateAbbreviation`, `zipCode`) VALUES (50, 3559771084713366, 'Madeleine', 'Smallman', '6/20/2037', 952, '530 Lighthouse Bay Trail', 'Atlanta', 'GA', '30368');
INSERT INTO `mydb`.`paymentInfo` (`customerInfo_customerID`, `cardNumber`, `firstName`, `lastName`, `expirationDate`, `securityCode`, `billingaddress`, `city`, `states_stateAbbreviation`, `zipCode`) VALUES (27, 6394754813181222, 'Viviana', 'Twaite', '9/27/2027', 150, '2 Everett Lane', 'Chicago', 'IL', '60669');
INSERT INTO `mydb`.`paymentInfo` (`customerInfo_customerID`, `cardNumber`, `firstName`, `lastName`, `expirationDate`, `securityCode`, `billingaddress`, `city`, `states_stateAbbreviation`, `zipCode`) VALUES (79, 5602245410162525, 'Cassie', 'Shakelade', '5/10/2062', 174, '1 Packers Street', 'Cleveland', 'OH', '44111');
INSERT INTO `mydb`.`paymentInfo` (`customerInfo_customerID`, `cardNumber`, `firstName`, `lastName`, `expirationDate`, `securityCode`, `billingaddress`, `city`, `states_stateAbbreviation`, `zipCode`) VALUES (25, 3584981552577958, 'Lionel', 'McAlpine', '12/12/2066', 980, '6 Northridge Road', 'Birmingham', 'AL', '35205');
INSERT INTO `mydb`.`paymentInfo` (`customerInfo_customerID`, `cardNumber`, `firstName`, `lastName`, `expirationDate`, `securityCode`, `billingaddress`, `city`, `states_stateAbbreviation`, `zipCode`) VALUES (4, 3567633616775018, 'Sonny', 'Olin', '1/26/2056', 971, '4314 Gulseth Trail', 'Orange', 'CA', '92668');
INSERT INTO `mydb`.`paymentInfo` (`customerInfo_customerID`, `cardNumber`, `firstName`, `lastName`, `expirationDate`, `securityCode`, `billingaddress`, `city`, `states_stateAbbreviation`, `zipCode`) VALUES (84, 3567685638949161, 'Dickie', 'Burn', '12/20/2029', 730, '417 Kings Pass', 'Washington', 'DC', '20380');
INSERT INTO `mydb`.`paymentInfo` (`customerInfo_customerID`, `cardNumber`, `firstName`, `lastName`, `expirationDate`, `securityCode`, `billingaddress`, `city`, `states_stateAbbreviation`, `zipCode`) VALUES (81, 3585784974450211, 'Benetta', 'Trigg', '2/22/2087', 765, '68558 Melvin Court', 'Seattle', 'WA', '98158');
INSERT INTO `mydb`.`paymentInfo` (`customerInfo_customerID`, `cardNumber`, `firstName`, `lastName`, `expirationDate`, `securityCode`, `billingaddress`, `city`, `states_stateAbbreviation`, `zipCode`) VALUES (82, 5488969902455753, 'Helli', 'Tollmache', '5/21/2092', 683, '494 Center Point', 'Melbourne', 'FL', '32941');
INSERT INTO `mydb`.`paymentInfo` (`customerInfo_customerID`, `cardNumber`, `firstName`, `lastName`, `expirationDate`, `securityCode`, `billingaddress`, `city`, `states_stateAbbreviation`, `zipCode`) VALUES (100, 670669613375236389, 'Elly', 'Goldin', '3/25/2089', 879, '4259 Melody Trail', 'Santa Ana', 'CA', '92705');
INSERT INTO `mydb`.`paymentInfo` (`customerInfo_customerID`, `cardNumber`, `firstName`, `lastName`, `expirationDate`, `securityCode`, `billingaddress`, `city`, `states_stateAbbreviation`, `zipCode`) VALUES (85, 3547742143264688, 'Raychel', 'Scargle', '6/9/2079', 249, '417 Jana Plaza', 'Wilkes Barre', 'PA', '18763');
INSERT INTO `mydb`.`paymentInfo` (`customerInfo_customerID`, `cardNumber`, `firstName`, `lastName`, `expirationDate`, `securityCode`, `billingaddress`, `city`, `states_stateAbbreviation`, `zipCode`) VALUES (118, 3554109668420089, 'Bondon', 'Rishman', '11/12/2092', 241, '110 Gale Junction', 'Melbourne', 'FL', '32919');
INSERT INTO `mydb`.`paymentInfo` (`customerInfo_customerID`, `cardNumber`, `firstName`, `lastName`, `expirationDate`, `securityCode`, `billingaddress`, `city`, `states_stateAbbreviation`, `zipCode`) VALUES (11, 3563278983843462, 'Germain', 'Fulleylove', '12/22/2069', 874, '7 Texas Way', 'Hot Springs National Park', 'AR', '71914');
INSERT INTO `mydb`.`paymentInfo` (`customerInfo_customerID`, `cardNumber`, `firstName`, `lastName`, `expirationDate`, `securityCode`, `billingaddress`, `city`, `states_stateAbbreviation`, `zipCode`) VALUES (47, 3552258720670850, 'Barth', 'Goodbarne', '1/29/2048', 652, '26 Debra Road', 'Trenton', 'NJ', '08608');
INSERT INTO `mydb`.`paymentInfo` (`customerInfo_customerID`, `cardNumber`, `firstName`, `lastName`, `expirationDate`, `securityCode`, `billingaddress`, `city`, `states_stateAbbreviation`, `zipCode`) VALUES (92, 3576988924590197, 'Ruggiero', 'Masselin', '1/25/2050', 948, '485 Commercial Street', 'Bozeman', 'MT', '59771');
INSERT INTO `mydb`.`paymentInfo` (`customerInfo_customerID`, `cardNumber`, `firstName`, `lastName`, `expirationDate`, `securityCode`, `billingaddress`, `city`, `states_stateAbbreviation`, `zipCode`) VALUES (49, 5602227174895789, 'Kristi', 'Shervil', '10/15/2093', 348, '182 Village Point', 'Los Angeles', 'CA', '90101');
INSERT INTO `mydb`.`paymentInfo` (`customerInfo_customerID`, `cardNumber`, `firstName`, `lastName`, `expirationDate`, `securityCode`, `billingaddress`, `city`, `states_stateAbbreviation`, `zipCode`) VALUES (129, 3560337921748713, 'Giacomo', 'Arpur', '10/11/2061', 138, '7 Northport Parkway', 'Scottsdale', 'AZ', '85271');
INSERT INTO `mydb`.`paymentInfo` (`customerInfo_customerID`, `cardNumber`, `firstName`, `lastName`, `expirationDate`, `securityCode`, `billingaddress`, `city`, `states_stateAbbreviation`, `zipCode`) VALUES (68, 5313878985440486, 'Dicky', 'Johantges', '10/22/2079', 809, '491 Colorado Circle', 'Pittsburgh', 'PA', '15215');
INSERT INTO `mydb`.`paymentInfo` (`customerInfo_customerID`, `cardNumber`, `firstName`, `lastName`, `expirationDate`, `securityCode`, `billingaddress`, `city`, `states_stateAbbreviation`, `zipCode`) VALUES (49, 5100172776893864, 'Yoshiko', 'Mitie', '1/27/2039', 742, '18 Lyons Terrace', 'Abilene', 'TX', '79699');
INSERT INTO `mydb`.`paymentInfo` (`customerInfo_customerID`, `cardNumber`, `firstName`, `lastName`, `expirationDate`, `securityCode`, `billingaddress`, `city`, `states_stateAbbreviation`, `zipCode`) VALUES (24, 201636777180942, 'Alvy', 'Tilmouth', '3/17/2028', 117, '770 Sheridan Center', 'Irving', 'TX', '75062');
INSERT INTO `mydb`.`paymentInfo` (`customerInfo_customerID`, `cardNumber`, `firstName`, `lastName`, `expirationDate`, `securityCode`, `billingaddress`, `city`, `states_stateAbbreviation`, `zipCode`) VALUES (97, 3535486568620305, 'Galven', 'Nobes', '8/3/2067', 305, '3170 Granby Place', 'Pittsburgh', 'PA', '15215');
INSERT INTO `mydb`.`paymentInfo` (`customerInfo_customerID`, `cardNumber`, `firstName`, `lastName`, `expirationDate`, `securityCode`, `billingaddress`, `city`, `states_stateAbbreviation`, `zipCode`) VALUES (95, 5493933560043908, 'Mace', 'Harget', '4/25/2064', 220, '420 John Wall Plaza', 'Portland', 'OR', '97286');
INSERT INTO `mydb`.`paymentInfo` (`customerInfo_customerID`, `cardNumber`, `firstName`, `lastName`, `expirationDate`, `securityCode`, `billingaddress`, `city`, `states_stateAbbreviation`, `zipCode`) VALUES (77, 560221206228592571, 'Basilio', 'MacLice', '1/2/2081', 671, '30 New Castle Way', 'Boston', 'MA', '02104');
INSERT INTO `mydb`.`paymentInfo` (`customerInfo_customerID`, `cardNumber`, `firstName`, `lastName`, `expirationDate`, `securityCode`, `billingaddress`, `city`, `states_stateAbbreviation`, `zipCode`) VALUES (20, 3589489651054320, 'Bernardina', 'Gostling', '9/21/2028', 294, '3776 Veith Road', 'Tacoma', 'WA', '98442');
INSERT INTO `mydb`.`paymentInfo` (`customerInfo_customerID`, `cardNumber`, `firstName`, `lastName`, `expirationDate`, `securityCode`, `billingaddress`, `city`, `states_stateAbbreviation`, `zipCode`) VALUES (52, 5488516255572666, 'Katherina', 'Fahy', '4/1/2028', 702, '8230 Johnson Terrace', 'Detroit', 'MI', '48242');
INSERT INTO `mydb`.`paymentInfo` (`customerInfo_customerID`, `cardNumber`, `firstName`, `lastName`, `expirationDate`, `securityCode`, `billingaddress`, `city`, `states_stateAbbreviation`, `zipCode`) VALUES (127, 4911228065152651, 'Saraann', 'Daubeny', '6/24/2032', 755, '222 Almo Park', 'El Paso', 'TX', '79928');
INSERT INTO `mydb`.`paymentInfo` (`customerInfo_customerID`, `cardNumber`, `firstName`, `lastName`, `expirationDate`, `securityCode`, `billingaddress`, `city`, `states_stateAbbreviation`, `zipCode`) VALUES (74, 3588128413108237, 'Judie', 'Berford', '10/10/2063', 449, '21 Sundown Lane', 'Texarkana', 'TX', '75507');
INSERT INTO `mydb`.`paymentInfo` (`customerInfo_customerID`, `cardNumber`, `firstName`, `lastName`, `expirationDate`, `securityCode`, `billingaddress`, `city`, `states_stateAbbreviation`, `zipCode`) VALUES (128, 3567575571358217, 'Samara', 'Mahady', '11/30/2021', 907, '9546 Butternut Plaza', 'Columbus', 'OH', '43240');
INSERT INTO `mydb`.`paymentInfo` (`customerInfo_customerID`, `cardNumber`, `firstName`, `lastName`, `expirationDate`, `securityCode`, `billingaddress`, `city`, `states_stateAbbreviation`, `zipCode`) VALUES (24, 3572980762380959, 'Ginni', 'Bulfield', '3/14/2031', 804, '20 Drewry Junction', 'Paterson', 'NJ', '07505');
INSERT INTO `mydb`.`paymentInfo` (`customerInfo_customerID`, `cardNumber`, `firstName`, `lastName`, `expirationDate`, `securityCode`, `billingaddress`, `city`, `states_stateAbbreviation`, `zipCode`) VALUES (19, 6763924299205444944, 'Gert', 'Echelle', '3/17/2086', 795, '86 Kinsman Junction', 'Billings', 'MT', '59105');
INSERT INTO `mydb`.`paymentInfo` (`customerInfo_customerID`, `cardNumber`, `firstName`, `lastName`, `expirationDate`, `securityCode`, `billingaddress`, `city`, `states_stateAbbreviation`, `zipCode`) VALUES (74, 5429377907776912, 'Carlina', 'Glasscock', '11/28/2081', 590, '20098 Southridge Road', 'Washington', 'DC', '20337');
INSERT INTO `mydb`.`paymentInfo` (`customerInfo_customerID`, `cardNumber`, `firstName`, `lastName`, `expirationDate`, `securityCode`, `billingaddress`, `city`, `states_stateAbbreviation`, `zipCode`) VALUES (114, 4041595718974, 'Janaya', 'Hallet', '3/23/2065', 124, '46 4th Trail', 'Charlotte', 'NC', '28299');
INSERT INTO `mydb`.`paymentInfo` (`customerInfo_customerID`, `cardNumber`, `firstName`, `lastName`, `expirationDate`, `securityCode`, `billingaddress`, `city`, `states_stateAbbreviation`, `zipCode`) VALUES (140, 3553448838488035, 'Mildred', 'Costellow', '8/29/2058', 343, '97 Spenser Court', 'Vienna', 'VA', '22184');
INSERT INTO `mydb`.`paymentInfo` (`customerInfo_customerID`, `cardNumber`, `firstName`, `lastName`, `expirationDate`, `securityCode`, `billingaddress`, `city`, `states_stateAbbreviation`, `zipCode`) VALUES (28, 3564179545759239, 'Alejandro', 'Broggetti', '5/6/2041', 857, '936 Continental Drive', 'Denver', 'CO', '80217');
INSERT INTO `mydb`.`paymentInfo` (`customerInfo_customerID`, `cardNumber`, `firstName`, `lastName`, `expirationDate`, `securityCode`, `billingaddress`, `city`, `states_stateAbbreviation`, `zipCode`) VALUES (135, 3537054465129172, 'Zacharias', 'Alwell', '5/11/2047', 821, '5 Warner Terrace', 'Corpus Christi', 'TX', '78475');
INSERT INTO `mydb`.`paymentInfo` (`customerInfo_customerID`, `cardNumber`, `firstName`, `lastName`, `expirationDate`, `securityCode`, `billingaddress`, `city`, `states_stateAbbreviation`, `zipCode`) VALUES (125, 3544238405506307, 'Wilburt', 'Vigrass', '4/24/2081', 266, '4 Dottie Parkway', 'Cincinnati', 'OH', '45249');
INSERT INTO `mydb`.`paymentInfo` (`customerInfo_customerID`, `cardNumber`, `firstName`, `lastName`, `expirationDate`, `securityCode`, `billingaddress`, `city`, `states_stateAbbreviation`, `zipCode`) VALUES (132, 3580383524909639, 'Mattheus', 'Mayworth', '3/27/2037', 577, '17 Kings Trail', 'North Hollywood', 'CA', '91616');
INSERT INTO `mydb`.`paymentInfo` (`customerInfo_customerID`, `cardNumber`, `firstName`, `lastName`, `expirationDate`, `securityCode`, `billingaddress`, `city`, `states_stateAbbreviation`, `zipCode`) VALUES (58, 3534393366853479, 'Stafani', 'Allsworth', '12/20/2021', 648, '7167 Dorton Court', 'Peoria', 'IL', '61635');
INSERT INTO `mydb`.`paymentInfo` (`customerInfo_customerID`, `cardNumber`, `firstName`, `lastName`, `expirationDate`, `securityCode`, `billingaddress`, `city`, `states_stateAbbreviation`, `zipCode`) VALUES (134, 3576614116730462, 'Thelma', 'Delue', '12/9/2044', 468, '5 Continental Way', 'Vero Beach', 'FL', '32969');
INSERT INTO `mydb`.`paymentInfo` (`customerInfo_customerID`, `cardNumber`, `firstName`, `lastName`, `expirationDate`, `securityCode`, `billingaddress`, `city`, `states_stateAbbreviation`, `zipCode`) VALUES (62, 201891311627995, 'Celle', 'McCroft', '12/5/2097', 386, '536 Buena Vista Center', 'San Mateo', 'CA', '94405');
INSERT INTO `mydb`.`paymentInfo` (`customerInfo_customerID`, `cardNumber`, `firstName`, `lastName`, `expirationDate`, `securityCode`, `billingaddress`, `city`, `states_stateAbbreviation`, `zipCode`) VALUES (141, 6759387414655242, 'Bartie', 'Cromleholme', '3/20/2047', 955, '057 Cardinal Lane', 'Saint Louis', 'MO', '63104');
INSERT INTO `mydb`.`paymentInfo` (`customerInfo_customerID`, `cardNumber`, `firstName`, `lastName`, `expirationDate`, `securityCode`, `billingaddress`, `city`, `states_stateAbbreviation`, `zipCode`) VALUES (86, 4508181317643077, 'Ethan', 'Choupin', '1/6/2061', 490, '177 Straubel Road', 'Houston', 'TX', '77212');
INSERT INTO `mydb`.`paymentInfo` (`customerInfo_customerID`, `cardNumber`, `firstName`, `lastName`, `expirationDate`, `securityCode`, `billingaddress`, `city`, `states_stateAbbreviation`, `zipCode`) VALUES (12, 5100149643145710, 'Lothaire', 'Ablott', '3/6/2052', 406, '80 Upham Plaza', 'Daytona Beach', 'FL', '32123');
INSERT INTO `mydb`.`paymentInfo` (`customerInfo_customerID`, `cardNumber`, `firstName`, `lastName`, `expirationDate`, `securityCode`, `billingaddress`, `city`, `states_stateAbbreviation`, `zipCode`) VALUES (149, 30555598478383, 'Rab', 'Rayne', '2/6/2084', 445, '01154 Stone Corner Street', 'Macon', 'GA', '31210');
INSERT INTO `mydb`.`paymentInfo` (`customerInfo_customerID`, `cardNumber`, `firstName`, `lastName`, `expirationDate`, `securityCode`, `billingaddress`, `city`, `states_stateAbbreviation`, `zipCode`) VALUES (96, 4905592089645219695, 'Ellwood', 'Twidell', '2/21/2099', 611, '39 Warrior Way', 'Anderson', 'IN', '46015');
INSERT INTO `mydb`.`paymentInfo` (`customerInfo_customerID`, `cardNumber`, `firstName`, `lastName`, `expirationDate`, `securityCode`, `billingaddress`, `city`, `states_stateAbbreviation`, `zipCode`) VALUES (29, 4041599492585900, 'Marillin', 'Becks', '4/28/2083', 349, '43010 Sutherland Junction', 'San Antonio', 'TX', '78210');
INSERT INTO `mydb`.`paymentInfo` (`customerInfo_customerID`, `cardNumber`, `firstName`, `lastName`, `expirationDate`, `securityCode`, `billingaddress`, `city`, `states_stateAbbreviation`, `zipCode`) VALUES (38, 5452733096628050, 'Renaud', 'Coneau', '1/12/2023', 571, '903 Lakewood Place', 'Long Beach', 'CA', '90831');
INSERT INTO `mydb`.`paymentInfo` (`customerInfo_customerID`, `cardNumber`, `firstName`, `lastName`, `expirationDate`, `securityCode`, `billingaddress`, `city`, `states_stateAbbreviation`, `zipCode`) VALUES (85, 3566652721608261, 'Muffin', 'Skin', '1/14/2065', 137, '38161 Susan Court', 'Norfolk', 'VA', '23514');
INSERT INTO `mydb`.`paymentInfo` (`customerInfo_customerID`, `cardNumber`, `firstName`, `lastName`, `expirationDate`, `securityCode`, `billingaddress`, `city`, `states_stateAbbreviation`, `zipCode`) VALUES (53, 5641824215577245370, 'Marlon', 'Lempertz', '1/20/2080', 240, '658 Dorton Park', 'Sioux City', 'IA', '51105');
INSERT INTO `mydb`.`paymentInfo` (`customerInfo_customerID`, `cardNumber`, `firstName`, `lastName`, `expirationDate`, `securityCode`, `billingaddress`, `city`, `states_stateAbbreviation`, `zipCode`) VALUES (32, 5602243448234499, 'Oona', 'Murra', '9/7/2057', 432, '7522 Boyd Pass', 'Aurora', 'CO', '80015');
INSERT INTO `mydb`.`paymentInfo` (`customerInfo_customerID`, `cardNumber`, `firstName`, `lastName`, `expirationDate`, `securityCode`, `billingaddress`, `city`, `states_stateAbbreviation`, `zipCode`) VALUES (67, 343305660813881, 'Garv', 'Pittendreigh', '11/9/2095', 567, '7948 Dorton Circle', 'Longview', 'TX', '75605');
INSERT INTO `mydb`.`paymentInfo` (`customerInfo_customerID`, `cardNumber`, `firstName`, `lastName`, `expirationDate`, `securityCode`, `billingaddress`, `city`, `states_stateAbbreviation`, `zipCode`) VALUES (147, 201405945613345, 'Brody', 'Osbourne', '9/13/2078', 746, '169 Autumn Leaf Way', 'Jacksonville', 'FL', '32244');
INSERT INTO `mydb`.`paymentInfo` (`customerInfo_customerID`, `cardNumber`, `firstName`, `lastName`, `expirationDate`, `securityCode`, `billingaddress`, `city`, `states_stateAbbreviation`, `zipCode`) VALUES (56, 6304925796708582, 'Scotty', 'Aitken', '7/13/2064', 994, '526 Forest Lane', 'New York City', 'NY', '10155');
INSERT INTO `mydb`.`paymentInfo` (`customerInfo_customerID`, `cardNumber`, `firstName`, `lastName`, `expirationDate`, `securityCode`, `billingaddress`, `city`, `states_stateAbbreviation`, `zipCode`) VALUES (19, 3583421155414359, 'Carri', 'Dautry', '4/4/2045', 558, '89 Brown Court', 'Honolulu', 'HI', '96850');
INSERT INTO `mydb`.`paymentInfo` (`customerInfo_customerID`, `cardNumber`, `firstName`, `lastName`, `expirationDate`, `securityCode`, `billingaddress`, `city`, `states_stateAbbreviation`, `zipCode`) VALUES (110, 3543643443029744, 'Rudd', 'MacCrann', '5/18/2024', 203, '7 Lake View Street', 'Syracuse', 'NY', '13251');
INSERT INTO `mydb`.`paymentInfo` (`customerInfo_customerID`, `cardNumber`, `firstName`, `lastName`, `expirationDate`, `securityCode`, `billingaddress`, `city`, `states_stateAbbreviation`, `zipCode`) VALUES (32, 3552111441651560, 'Elva', 'Dumbelton', '10/18/2026', 273, '154 Center Place', 'Tampa', 'FL', '33615');
INSERT INTO `mydb`.`paymentInfo` (`customerInfo_customerID`, `cardNumber`, `firstName`, `lastName`, `expirationDate`, `securityCode`, `billingaddress`, `city`, `states_stateAbbreviation`, `zipCode`) VALUES (26, 3544203400495781, 'Marthena', 'Rule', '3/20/2054', 251, '2 Blue Bill Park Parkway', 'Houston', 'TX', '77070');
INSERT INTO `mydb`.`paymentInfo` (`customerInfo_customerID`, `cardNumber`, `firstName`, `lastName`, `expirationDate`, `securityCode`, `billingaddress`, `city`, `states_stateAbbreviation`, `zipCode`) VALUES (122, 5380084005806305, 'Rodger', 'Dalyell', '12/2/2078', 652, '0 Clove Junction', 'Santa Barbara', 'CA', '93106');
INSERT INTO `mydb`.`paymentInfo` (`customerInfo_customerID`, `cardNumber`, `firstName`, `lastName`, `expirationDate`, `securityCode`, `billingaddress`, `city`, `states_stateAbbreviation`, `zipCode`) VALUES (54, 5018181407820246796, 'Aubrette', 'Blaxill', '3/14/2022', 562, '3339 Lunder Place', 'Palo Alto', 'CA', '94302');
INSERT INTO `mydb`.`paymentInfo` (`customerInfo_customerID`, `cardNumber`, `firstName`, `lastName`, `expirationDate`, `securityCode`, `billingaddress`, `city`, `states_stateAbbreviation`, `zipCode`) VALUES (75, 3536261620336722, 'Blithe', 'Edsell', '9/22/2087', 688, '470 Maple Way', 'Salt Lake City', 'UT', '84152');
INSERT INTO `mydb`.`paymentInfo` (`customerInfo_customerID`, `cardNumber`, `firstName`, `lastName`, `expirationDate`, `securityCode`, `billingaddress`, `city`, `states_stateAbbreviation`, `zipCode`) VALUES (18, 3563648509965876, 'Martha', 'Frankiss', '2/19/2090', 847, '17374 Butterfield Road', 'Austin', 'TX', '78715');
INSERT INTO `mydb`.`paymentInfo` (`customerInfo_customerID`, `cardNumber`, `firstName`, `lastName`, `expirationDate`, `securityCode`, `billingaddress`, `city`, `states_stateAbbreviation`, `zipCode`) VALUES (39, 3568232530799367, 'Valene', 'Dikels', '4/13/2074', 760, '290 Moulton Avenue', 'Jackson', 'MS', '39216');
INSERT INTO `mydb`.`paymentInfo` (`customerInfo_customerID`, `cardNumber`, `firstName`, `lastName`, `expirationDate`, `securityCode`, `billingaddress`, `city`, `states_stateAbbreviation`, `zipCode`) VALUES (11, 4175000592638853, 'Engelbert', 'Lynnitt', '1/22/2026', 959, '8 Michigan Junction', 'Davenport', 'IA', '52809');
INSERT INTO `mydb`.`paymentInfo` (`customerInfo_customerID`, `cardNumber`, `firstName`, `lastName`, `expirationDate`, `securityCode`, `billingaddress`, `city`, `states_stateAbbreviation`, `zipCode`) VALUES (137, 3551995742030339, 'Cordula', 'Newstead', '5/10/2074', 101, '5 Sugar Circle', 'Dayton', 'OH', '45426');
INSERT INTO `mydb`.`paymentInfo` (`customerInfo_customerID`, `cardNumber`, `firstName`, `lastName`, `expirationDate`, `securityCode`, `billingaddress`, `city`, `states_stateAbbreviation`, `zipCode`) VALUES (50, 3554021927604744, 'Dee', 'Koppes', '11/29/2035', 717, '435 Manley Pass', 'Oakland', 'CA', '94616');
INSERT INTO `mydb`.`paymentInfo` (`customerInfo_customerID`, `cardNumber`, `firstName`, `lastName`, `expirationDate`, `securityCode`, `billingaddress`, `city`, `states_stateAbbreviation`, `zipCode`) VALUES (82, 30112458450019, 'Jamey', 'Stickins', '8/29/2066', 501, '60 Bartillon Alley', 'Anniston', 'AL', '36205');
INSERT INTO `mydb`.`paymentInfo` (`customerInfo_customerID`, `cardNumber`, `firstName`, `lastName`, `expirationDate`, `securityCode`, `billingaddress`, `city`, `states_stateAbbreviation`, `zipCode`) VALUES (79, 5602244044503248181, 'Kerstin', 'Widger', '8/18/2045', 980, '64 Paget Alley', 'El Paso', 'TX', '79923');
INSERT INTO `mydb`.`paymentInfo` (`customerInfo_customerID`, `cardNumber`, `firstName`, `lastName`, `expirationDate`, `securityCode`, `billingaddress`, `city`, `states_stateAbbreviation`, `zipCode`) VALUES (112, 4041590985144578, 'Kira', 'Mallabar', '7/17/2084', 569, '632 Talisman Place', 'Albany', 'NY', '12262');
INSERT INTO `mydb`.`paymentInfo` (`customerInfo_customerID`, `cardNumber`, `firstName`, `lastName`, `expirationDate`, `securityCode`, `billingaddress`, `city`, `states_stateAbbreviation`, `zipCode`) VALUES (65, 6377758580854375, 'Forrest', 'Leades', '12/9/2054', 868, '90915 Norway Maple Center', 'Norfolk', 'VA', '23509');
INSERT INTO `mydb`.`paymentInfo` (`customerInfo_customerID`, `cardNumber`, `firstName`, `lastName`, `expirationDate`, `securityCode`, `billingaddress`, `city`, `states_stateAbbreviation`, `zipCode`) VALUES (16, 4508525902773147, 'Adelle', 'Kersting', '12/18/2056', 444, '02463 Sage Center', 'Cedar Rapids', 'IA', '52405');
INSERT INTO `mydb`.`paymentInfo` (`customerInfo_customerID`, `cardNumber`, `firstName`, `lastName`, `expirationDate`, `securityCode`, `billingaddress`, `city`, `states_stateAbbreviation`, `zipCode`) VALUES (16, 630446432448674706, 'Tiler', 'Alvis', '7/31/2083', 162, '42 Carpenter Street', 'Bridgeport', 'CT', '06606');
INSERT INTO `mydb`.`paymentInfo` (`customerInfo_customerID`, `cardNumber`, `firstName`, `lastName`, `expirationDate`, `securityCode`, `billingaddress`, `city`, `states_stateAbbreviation`, `zipCode`) VALUES (85, 201703641081803, 'Kirbee', 'Flatley', '8/15/2030', 569, '7563 Ilene Court', 'Grand Forks', 'ND', '58207');
INSERT INTO `mydb`.`paymentInfo` (`customerInfo_customerID`, `cardNumber`, `firstName`, `lastName`, `expirationDate`, `securityCode`, `billingaddress`, `city`, `states_stateAbbreviation`, `zipCode`) VALUES (142, 3558370144724421, 'Alwin', 'McKinstry', '10/9/2074', 614, '0976 Aberg Road', 'Washington', 'DC', '20525');
INSERT INTO `mydb`.`paymentInfo` (`customerInfo_customerID`, `cardNumber`, `firstName`, `lastName`, `expirationDate`, `securityCode`, `billingaddress`, `city`, `states_stateAbbreviation`, `zipCode`) VALUES (81, 4786839984374, 'Nata', 'Lammin', '1/9/2094', 265, '4 Eggendart Pass', 'Davenport', 'IA', '52804');
INSERT INTO `mydb`.`paymentInfo` (`customerInfo_customerID`, `cardNumber`, `firstName`, `lastName`, `expirationDate`, `securityCode`, `billingaddress`, `city`, `states_stateAbbreviation`, `zipCode`) VALUES (65, 3578398212604601, 'Leonelle', 'MacGebenay', '2/16/2084', 719, '7174 Green Ridge Street', 'Milwaukee', 'WI', '53263');
INSERT INTO `mydb`.`paymentInfo` (`customerInfo_customerID`, `cardNumber`, `firstName`, `lastName`, `expirationDate`, `securityCode`, `billingaddress`, `city`, `states_stateAbbreviation`, `zipCode`) VALUES (24, 5038700835177981, 'Guillemette', 'Frantzeni', '2/18/2021', 158, '0 Westport Road', 'Indianapolis', 'IN', '46254');
INSERT INTO `mydb`.`paymentInfo` (`customerInfo_customerID`, `cardNumber`, `firstName`, `lastName`, `expirationDate`, `securityCode`, `billingaddress`, `city`, `states_stateAbbreviation`, `zipCode`) VALUES (2, 201698054510142, 'Dasha', 'Linbohm', '2/18/2065', 836, '31 Sage Junction', 'Portland', 'OR', '97232');
INSERT INTO `mydb`.`paymentInfo` (`customerInfo_customerID`, `cardNumber`, `firstName`, `lastName`, `expirationDate`, `securityCode`, `billingaddress`, `city`, `states_stateAbbreviation`, `zipCode`) VALUES (41, 676225656855354457, 'Datha', 'Van Oord', '9/20/2018', 152, '3678 Comanche Point', 'Davenport', 'IA', '52809');
INSERT INTO `mydb`.`paymentInfo` (`customerInfo_customerID`, `cardNumber`, `firstName`, `lastName`, `expirationDate`, `securityCode`, `billingaddress`, `city`, `states_stateAbbreviation`, `zipCode`) VALUES (86, 3540913318382020, 'Mareah', 'Coen', '1/28/2099', 290, '5 Holy Cross Road', 'Columbus', 'OH', '43226');
INSERT INTO `mydb`.`paymentInfo` (`customerInfo_customerID`, `cardNumber`, `firstName`, `lastName`, `expirationDate`, `securityCode`, `billingaddress`, `city`, `states_stateAbbreviation`, `zipCode`) VALUES (2, 3582020608084230, 'Eliza', 'Brittain', '12/9/2043', 625, '8260 Summit Terrace', 'Charlottesville', 'VA', '22908');
INSERT INTO `mydb`.`paymentInfo` (`customerInfo_customerID`, `cardNumber`, `firstName`, `lastName`, `expirationDate`, `securityCode`, `billingaddress`, `city`, `states_stateAbbreviation`, `zipCode`) VALUES (16, 5602228527916637, 'Morgen', 'Tearney', '2/12/2063', 509, '868 Dottie Center', 'South Lake Tahoe', 'CA', '96154');
INSERT INTO `mydb`.`paymentInfo` (`customerInfo_customerID`, `cardNumber`, `firstName`, `lastName`, `expirationDate`, `securityCode`, `billingaddress`, `city`, `states_stateAbbreviation`, `zipCode`) VALUES (81, 5641829472556854798, 'Reynolds', 'Staddart', '6/14/2047', 151, '5 Stephen Drive', 'Albany', 'NY', '12232');
INSERT INTO `mydb`.`paymentInfo` (`customerInfo_customerID`, `cardNumber`, `firstName`, `lastName`, `expirationDate`, `securityCode`, `billingaddress`, `city`, `states_stateAbbreviation`, `zipCode`) VALUES (27, 3552382624241855, 'Laurie', 'Beevor', '8/19/2092', 863, '77 Muir Junction', 'Washington', 'DC', '20530');
INSERT INTO `mydb`.`paymentInfo` (`customerInfo_customerID`, `cardNumber`, `firstName`, `lastName`, `expirationDate`, `securityCode`, `billingaddress`, `city`, `states_stateAbbreviation`, `zipCode`) VALUES (98, 5502200235275789, 'Matelda', 'Hazeup', '8/13/2060', 492, '25 Helena Trail', 'El Paso', 'TX', '88569');
INSERT INTO `mydb`.`paymentInfo` (`customerInfo_customerID`, `cardNumber`, `firstName`, `lastName`, `expirationDate`, `securityCode`, `billingaddress`, `city`, `states_stateAbbreviation`, `zipCode`) VALUES (133, 3554147741470184, 'Alphonse', 'Pittson', '12/12/2029', 988, '09048 Blaine Drive', 'Fresno', 'CA', '93726');
INSERT INTO `mydb`.`paymentInfo` (`customerInfo_customerID`, `cardNumber`, `firstName`, `lastName`, `expirationDate`, `securityCode`, `billingaddress`, `city`, `states_stateAbbreviation`, `zipCode`) VALUES (9, 5010124788842842, 'Vanni', 'Pelling', '7/12/2093', 709, '4990 Lakeland Plaza', 'Metairie', 'LA', '70005');
INSERT INTO `mydb`.`paymentInfo` (`customerInfo_customerID`, `cardNumber`, `firstName`, `lastName`, `expirationDate`, `securityCode`, `billingaddress`, `city`, `states_stateAbbreviation`, `zipCode`) VALUES (117, 3560270172712635, 'Torr', 'Novis', '4/5/2088', 245, '3696 Debra Circle', 'Houston', 'TX', '77090');
INSERT INTO `mydb`.`paymentInfo` (`customerInfo_customerID`, `cardNumber`, `firstName`, `lastName`, `expirationDate`, `securityCode`, `billingaddress`, `city`, `states_stateAbbreviation`, `zipCode`) VALUES (54, 5426315086757751, 'Baird', 'Wyllcock', '7/31/2073', 392, '64 Bartillon Crossing', 'Lynchburg', 'VA', '24515');
INSERT INTO `mydb`.`paymentInfo` (`customerInfo_customerID`, `cardNumber`, `firstName`, `lastName`, `expirationDate`, `securityCode`, `billingaddress`, `city`, `states_stateAbbreviation`, `zipCode`) VALUES (49, 50382827641506265, 'Mamie', 'Batman', '4/22/2095', 963, '62 Farmco Center', 'Chico', 'CA', '95973');
INSERT INTO `mydb`.`paymentInfo` (`customerInfo_customerID`, `cardNumber`, `firstName`, `lastName`, `expirationDate`, `securityCode`, `billingaddress`, `city`, `states_stateAbbreviation`, `zipCode`) VALUES (133, 4017956713432, 'Gaye', 'Tosspell', '12/9/2043', 969, '14 Carey Place', 'New York City', 'NY', '10029');
INSERT INTO `mydb`.`paymentInfo` (`customerInfo_customerID`, `cardNumber`, `firstName`, `lastName`, `expirationDate`, `securityCode`, `billingaddress`, `city`, `states_stateAbbreviation`, `zipCode`) VALUES (117, 5360375394677909, 'Zeb', 'Tetther', '3/5/2095', 116, '90590 Clemons Drive', 'Saint Joseph', 'MO', '64504');
INSERT INTO `mydb`.`paymentInfo` (`customerInfo_customerID`, `cardNumber`, `firstName`, `lastName`, `expirationDate`, `securityCode`, `billingaddress`, `city`, `states_stateAbbreviation`, `zipCode`) VALUES (62, 5602237213924763, 'Lacy', 'Gillooly', '10/4/2029', 589, '67295 Myrtle Alley', 'Austin', 'TX', '78715');
INSERT INTO `mydb`.`paymentInfo` (`customerInfo_customerID`, `cardNumber`, `firstName`, `lastName`, `expirationDate`, `securityCode`, `billingaddress`, `city`, `states_stateAbbreviation`, `zipCode`) VALUES (30, 5602234704832647, 'Aleksandr', 'Cathcart', '5/3/2031', 130, '86 Lighthouse Bay Way', 'Colorado Springs', 'CO', '80915');
INSERT INTO `mydb`.`paymentInfo` (`customerInfo_customerID`, `cardNumber`, `firstName`, `lastName`, `expirationDate`, `securityCode`, `billingaddress`, `city`, `states_stateAbbreviation`, `zipCode`) VALUES (23, 3538837002837391, 'Jane', 'Russam', '2/17/2037', 452, '0443 Pierstorff Place', 'Garden Grove', 'CA', '92844');
INSERT INTO `mydb`.`paymentInfo` (`customerInfo_customerID`, `cardNumber`, `firstName`, `lastName`, `expirationDate`, `securityCode`, `billingaddress`, `city`, `states_stateAbbreviation`, `zipCode`) VALUES (110, 30189397494910, 'Maire', 'MacGee', '10/11/2031', 121, '9 Barby Circle', 'Albany', 'NY', '12205');
INSERT INTO `mydb`.`paymentInfo` (`customerInfo_customerID`, `cardNumber`, `firstName`, `lastName`, `expirationDate`, `securityCode`, `billingaddress`, `city`, `states_stateAbbreviation`, `zipCode`) VALUES (3, 670947858339276336, 'Quill', 'Doyle', '9/26/2089', 714, '34688 Schlimgen Plaza', 'Carol Stream', 'IL', '60158');
INSERT INTO `mydb`.`paymentInfo` (`customerInfo_customerID`, `cardNumber`, `firstName`, `lastName`, `expirationDate`, `securityCode`, `billingaddress`, `city`, `states_stateAbbreviation`, `zipCode`) VALUES (50, 201967806431232, 'Tybie', 'Pounsett', '6/5/2092', 113, '9 Kropf Hill', 'Cape Coral', 'FL', '33915');
INSERT INTO `mydb`.`paymentInfo` (`customerInfo_customerID`, `cardNumber`, `firstName`, `lastName`, `expirationDate`, `securityCode`, `billingaddress`, `city`, `states_stateAbbreviation`, `zipCode`) VALUES (33, 3564519042382631, 'Farica', 'Davidge', '10/14/2090', 441, '1702 Heath Avenue', 'Inglewood', 'CA', '90398');
INSERT INTO `mydb`.`paymentInfo` (`customerInfo_customerID`, `cardNumber`, `firstName`, `lastName`, `expirationDate`, `securityCode`, `billingaddress`, `city`, `states_stateAbbreviation`, `zipCode`) VALUES (90, 3535266813966319, 'Bevin', 'Arnowitz', '3/23/2091', 426, '91464 Bartelt Trail', 'San Angelo', 'TX', '76905');
INSERT INTO `mydb`.`paymentInfo` (`customerInfo_customerID`, `cardNumber`, `firstName`, `lastName`, `expirationDate`, `securityCode`, `billingaddress`, `city`, `states_stateAbbreviation`, `zipCode`) VALUES (60, 5038805094746984397, 'Conny', 'Ballam', '9/15/2075', 951, '44 Morning Avenue', 'Columbus', 'MS', '39705');
INSERT INTO `mydb`.`paymentInfo` (`customerInfo_customerID`, `cardNumber`, `firstName`, `lastName`, `expirationDate`, `securityCode`, `billingaddress`, `city`, `states_stateAbbreviation`, `zipCode`) VALUES (119, 30022526209349, 'Marve', 'Barrowcliff', '11/7/2058', 439, '265 Almo Parkway', 'Bozeman', 'MT', '59771');
INSERT INTO `mydb`.`paymentInfo` (`customerInfo_customerID`, `cardNumber`, `firstName`, `lastName`, `expirationDate`, `securityCode`, `billingaddress`, `city`, `states_stateAbbreviation`, `zipCode`) VALUES (110, 3536024603965325, 'Peggi', 'Glassopp', '7/25/2021', 746, '4 Milwaukee Street', 'San Francisco', 'CA', '94159');

COMMIT;


-- -----------------------------------------------------
-- Data for table `mydb`.`rating`
-- -----------------------------------------------------
START TRANSACTION;
USE `mydb`;
INSERT INTO `mydb`.`rating` (`rating`, `ratingDescription`, `Comments`) VALUES ('G', 'General audiences', 'All ages admitted');
INSERT INTO `mydb`.`rating` (`rating`, `ratingDescription`, `Comments`) VALUES ('PG', 'Parental guidance suggested', 'Some material may not be suitable for children');
INSERT INTO `mydb`.`rating` (`rating`, `ratingDescription`, `Comments`) VALUES ('PG13', 'Parents strongly cautioned', 'Some material may be inappropriate for children under 13');
INSERT INTO `mydb`.`rating` (`rating`, `ratingDescription`, `Comments`) VALUES ('R', 'Restricted', 'Under 17 requires accompanying parent or adult guardian');
INSERT INTO `mydb`.`rating` (`rating`, `ratingDescription`, `Comments`) VALUES ('NC17', 'No one 17 and under', 'No one 17 and under admitted ');

COMMIT;


-- -----------------------------------------------------
-- Data for table `mydb`.`movies`
-- -----------------------------------------------------
START TRANSACTION;
USE `mydb`;
INSERT INTO `mydb`.`movies` (`movieId`, `Title`, `length`, `genre`, `rating_rating`, `rentalPrice`, `purchasePrice`) VALUES (1, 'Kon-Tiki', 1:59:28, 'Adventure|Documentary|Drama', 'G', $3.78, $9.29);
INSERT INTO `mydb`.`movies` (`movieId`, `Title`, `length`, `genre`, `rating_rating`, `rentalPrice`, `purchasePrice`) VALUES (2, 'Man Called Adam, A', 3:57:02, 'Drama', 'PG13', $11.00, $9.89);
INSERT INTO `mydb`.`movies` (`movieId`, `Title`, `length`, `genre`, `rating_rating`, `rentalPrice`, `purchasePrice`) VALUES (3, 'For Whom the Bell Tolls', 1:02:46, 'Adventure|Drama|Romance|War', 'PG', $12.86, $4.25);
INSERT INTO `mydb`.`movies` (`movieId`, `Title`, `length`, `genre`, `rating_rating`, `rentalPrice`, `purchasePrice`) VALUES (4, 'First Man Into Space', 4:54:18, 'Drama|Horror|Sci-Fi', 'NC17', $2.88, $3.28);
INSERT INTO `mydb`.`movies` (`movieId`, `Title`, `length`, `genre`, `rating_rating`, `rentalPrice`, `purchasePrice`) VALUES (5, 'Match Factory Girl, The (Tulitikkutehtaan tytt)', 0:01:11, 'Comedy|Drama', 'PG13', $7.77, $2.67);
INSERT INTO `mydb`.`movies` (`movieId`, `Title`, `length`, `genre`, `rating_rating`, `rentalPrice`, `purchasePrice`) VALUES (6, 'Holding, The', 4:48:08, 'Horror|Thriller', 'G', $10.03, $3.75);
INSERT INTO `mydb`.`movies` (`movieId`, `Title`, `length`, `genre`, `rating_rating`, `rentalPrice`, `purchasePrice`) VALUES (7, 'Saturday Night', 1:40:31, 'Documentary', 'G', $7.01, $11.57);
INSERT INTO `mydb`.`movies` (`movieId`, `Title`, `length`, `genre`, `rating_rating`, `rentalPrice`, `purchasePrice`) VALUES (8, 'Rust and Bone (De rouille et d\'os)', 4:04:50, 'Drama|Romance', 'G', $6.03, $8.49);
INSERT INTO `mydb`.`movies` (`movieId`, `Title`, `length`, `genre`, `rating_rating`, `rentalPrice`, `purchasePrice`) VALUES (9, 'Anne of Green Gables: The Sequel (a.k.a. Anne of Avonlea)', 2:21:28, 'Children|Drama|Romance', 'PG13', $5.61, $7.96);
INSERT INTO `mydb`.`movies` (`movieId`, `Title`, `length`, `genre`, `rating_rating`, `rentalPrice`, `purchasePrice`) VALUES (10, '\'Salem\'s Lot', 1:04:01, 'Drama|Horror|Mystery|Thriller', 'PG', $2.17, $8.29);
INSERT INTO `mydb`.`movies` (`movieId`, `Title`, `length`, `genre`, `rating_rating`, `rentalPrice`, `purchasePrice`) VALUES (11, 'The Runner from Ravenshead', 2:17:17, 'Children', 'PG', $11.57, $11.25);
INSERT INTO `mydb`.`movies` (`movieId`, `Title`, `length`, `genre`, `rating_rating`, `rentalPrice`, `purchasePrice`) VALUES (12, 'Cleanflix', 1:13:06, 'Crime|Documentary', 'PG13', $9.07, $3.44);
INSERT INTO `mydb`.`movies` (`movieId`, `Title`, `length`, `genre`, `rating_rating`, `rentalPrice`, `purchasePrice`) VALUES (13, 'Divorce - Italian Style (Divorzio all\'italiana)', 2:19:43, 'Comedy', 'PG13', $2.82, $3.08);
INSERT INTO `mydb`.`movies` (`movieId`, `Title`, `length`, `genre`, `rating_rating`, `rentalPrice`, `purchasePrice`) VALUES (14, 'Gurren Lagann: Childhood\'s End (Gekij ban Tengen toppa guren ragan: Guren hen)', 2:02:00, 'Adventure|Animation|Drama|Sci-Fi|War', 'PG', $2.29, $4.24);
INSERT INTO `mydb`.`movies` (`movieId`, `Title`, `length`, `genre`, `rating_rating`, `rentalPrice`, `purchasePrice`) VALUES (15, 'I, Cesar (Moi Csar, 10 ans 1/2, 1m39)', 0:49:18, 'Children|Comedy', 'PG', $5.92, $6.91);
INSERT INTO `mydb`.`movies` (`movieId`, `Title`, `length`, `genre`, `rating_rating`, `rentalPrice`, `purchasePrice`) VALUES (16, 'Universal Soldier: Day of Reckoning', 2:34:19, 'Action|Sci-Fi|Thriller', 'PG', $8.23, $2.65);
INSERT INTO `mydb`.`movies` (`movieId`, `Title`, `length`, `genre`, `rating_rating`, `rentalPrice`, `purchasePrice`) VALUES (17, 'Frontrunners', 1:20:24, 'Documentary', 'PG13', $10.05, $13.16);
INSERT INTO `mydb`.`movies` (`movieId`, `Title`, `length`, `genre`, `rating_rating`, `rentalPrice`, `purchasePrice`) VALUES (18, 'Ugly Dachshund, The', 3:53:39, 'Children|Comedy', 'PG13', $3.22, $14.90);
INSERT INTO `mydb`.`movies` (`movieId`, `Title`, `length`, `genre`, `rating_rating`, `rentalPrice`, `purchasePrice`) VALUES (19, 'Man There Was, A (Terje Vigen)', 3:27:13, 'Drama', 'PG13', $11.55, $11.28);
INSERT INTO `mydb`.`movies` (`movieId`, `Title`, `length`, `genre`, `rating_rating`, `rentalPrice`, `purchasePrice`) VALUES (20, 'Reefer Madness: The Movie Musical', 3:57:46, 'Comedy|Drama|Musical', 'NC17', $8.27, $14.67);
INSERT INTO `mydb`.`movies` (`movieId`, `Title`, `length`, `genre`, `rating_rating`, `rentalPrice`, `purchasePrice`) VALUES (21, 'Danube Exodus, The', 1:55:46, 'Documentary', 'PG', $2.55, $10.18);
INSERT INTO `mydb`.`movies` (`movieId`, `Title`, `length`, `genre`, `rating_rating`, `rentalPrice`, `purchasePrice`) VALUES (22, 'She Does Not Drink, Smoke or Flirt But... She Talks', 2:15:16, 'Comedy', 'NC17', $9.42, $6.20);
INSERT INTO `mydb`.`movies` (`movieId`, `Title`, `length`, `genre`, `rating_rating`, `rentalPrice`, `purchasePrice`) VALUES (23, 'Uprise', 1:46:10, 'Drama', 'PG', $7.72, $11.97);
INSERT INTO `mydb`.`movies` (`movieId`, `Title`, `length`, `genre`, `rating_rating`, `rentalPrice`, `purchasePrice`) VALUES (24, 'Heat, The', 2:38:43, 'Action|Comedy|Crime', 'G', $6.26, $8.52);
INSERT INTO `mydb`.`movies` (`movieId`, `Title`, `length`, `genre`, `rating_rating`, `rentalPrice`, `purchasePrice`) VALUES (25, 'Where the Buffalo Roam', 3:53:16, 'Comedy', 'R', $13.09, $3.97);
INSERT INTO `mydb`.`movies` (`movieId`, `Title`, `length`, `genre`, `rating_rating`, `rentalPrice`, `purchasePrice`) VALUES (26, 'Keeper of Lost Causes, The (Kvinden i buret)', 3:53:41, 'Crime|Mystery|Thriller', 'G', $3.34, $12.12);
INSERT INTO `mydb`.`movies` (`movieId`, `Title`, `length`, `genre`, `rating_rating`, `rentalPrice`, `purchasePrice`) VALUES (27, 'Faraway, So Close (In weiter Ferne, so nah!)', 2:29:28, 'Drama|Fantasy|Mystery|Romance', 'PG', $11.12, $8.79);
INSERT INTO `mydb`.`movies` (`movieId`, `Title`, `length`, `genre`, `rating_rating`, `rentalPrice`, `purchasePrice`) VALUES (28, 'For All Mankind', 2:06:37, 'Documentary', 'G', $5.53, $12.74);
INSERT INTO `mydb`.`movies` (`movieId`, `Title`, `length`, `genre`, `rating_rating`, `rentalPrice`, `purchasePrice`) VALUES (29, 'White Oleander', 0:51:04, 'Drama', 'NC17', $7.01, $13.77);
INSERT INTO `mydb`.`movies` (`movieId`, `Title`, `length`, `genre`, `rating_rating`, `rentalPrice`, `purchasePrice`) VALUES (30, 'RKO 281', 4:49:46, 'Drama', 'G', $13.12, $4.46);
INSERT INTO `mydb`.`movies` (`movieId`, `Title`, `length`, `genre`, `rating_rating`, `rentalPrice`, `purchasePrice`) VALUES (31, 'Lone Ranger and the Lost City of Gold, The', 3:39:03, 'Adventure|Mystery|Western', 'G', $10.85, $13.44);
INSERT INTO `mydb`.`movies` (`movieId`, `Title`, `length`, `genre`, `rating_rating`, `rentalPrice`, `purchasePrice`) VALUES (32, 'Submerged', 0:37:55, 'Action', 'PG13', $14.12, $3.53);
INSERT INTO `mydb`.`movies` (`movieId`, `Title`, `length`, `genre`, `rating_rating`, `rentalPrice`, `purchasePrice`) VALUES (33, 'Male and Female', 1:52:49, 'Adventure|Drama', 'R', $9.67, $7.10);
INSERT INTO `mydb`.`movies` (`movieId`, `Title`, `length`, `genre`, `rating_rating`, `rentalPrice`, `purchasePrice`) VALUES (34, 'City of Men (Cidade dos Homens)', 3:34:31, 'Drama', 'G', $2.27, $4.81);
INSERT INTO `mydb`.`movies` (`movieId`, `Title`, `length`, `genre`, `rating_rating`, `rentalPrice`, `purchasePrice`) VALUES (35, 'Piano Teacher, The (La pianiste)', 1:46:42, 'Drama', 'G', $14.47, $8.20);
INSERT INTO `mydb`.`movies` (`movieId`, `Title`, `length`, `genre`, `rating_rating`, `rentalPrice`, `purchasePrice`) VALUES (36, 'Club Fed', 1:16:39, 'Comedy', 'R', $3.96, $8.42);
INSERT INTO `mydb`.`movies` (`movieId`, `Title`, `length`, `genre`, `rating_rating`, `rentalPrice`, `purchasePrice`) VALUES (37, 'Hero Wanted', 3:28:01, 'Action|Crime|Drama|Thriller', 'NC17', $7.13, $12.28);
INSERT INTO `mydb`.`movies` (`movieId`, `Title`, `length`, `genre`, `rating_rating`, `rentalPrice`, `purchasePrice`) VALUES (38, 'OT: Our Town', 1:57:20, 'Documentary', 'R', $5.90, $3.43);
INSERT INTO `mydb`.`movies` (`movieId`, `Title`, `length`, `genre`, `rating_rating`, `rentalPrice`, `purchasePrice`) VALUES (39, 'They Call Me Renegade', 0:19:51, 'Action|Adventure|Comedy|Western', 'PG13', $5.39, $3.40);
INSERT INTO `mydb`.`movies` (`movieId`, `Title`, `length`, `genre`, `rating_rating`, `rentalPrice`, `purchasePrice`) VALUES (40, 'Passion of Joan of Arc, The (Passion de Jeanne d\'Arc, La)', 3:42:34, 'Drama', 'PG', $9.80, $13.67);
INSERT INTO `mydb`.`movies` (`movieId`, `Title`, `length`, `genre`, `rating_rating`, `rentalPrice`, `purchasePrice`) VALUES (41, 'Grandfather, The (Abuelo, El)', 2:39:51, 'Drama', 'PG13', $9.71, $9.33);
INSERT INTO `mydb`.`movies` (`movieId`, `Title`, `length`, `genre`, `rating_rating`, `rentalPrice`, `purchasePrice`) VALUES (42, 'Faculty, The', 3:46:42, 'Horror|Sci-Fi', 'G', $9.23, $6.77);
INSERT INTO `mydb`.`movies` (`movieId`, `Title`, `length`, `genre`, `rating_rating`, `rentalPrice`, `purchasePrice`) VALUES (43, 'White Darkness, The', 4:36:12, 'Documentary', 'PG13', $2.00, $2.17);
INSERT INTO `mydb`.`movies` (`movieId`, `Title`, `length`, `genre`, `rating_rating`, `rentalPrice`, `purchasePrice`) VALUES (44, 'Lilo & Stitch', 0:17:17, 'Adventure|Animation|Children|Sci-Fi', 'PG13', $12.41, $6.89);
INSERT INTO `mydb`.`movies` (`movieId`, `Title`, `length`, `genre`, `rating_rating`, `rentalPrice`, `purchasePrice`) VALUES (45, 'Unfaithful Wife, The (Femme infidle, La)', 0:05:28, 'Drama|Thriller', 'NC17', $14.26, $8.22);
INSERT INTO `mydb`.`movies` (`movieId`, `Title`, `length`, `genre`, `rating_rating`, `rentalPrice`, `purchasePrice`) VALUES (46, 'False Trail (Jgarna 2)', 2:53:47, 'Crime|Mystery|Thriller', 'G', $6.81, $10.13);
INSERT INTO `mydb`.`movies` (`movieId`, `Title`, `length`, `genre`, `rating_rating`, `rentalPrice`, `purchasePrice`) VALUES (47, 'Koi... Mil Gaya', 0:58:05, 'Action|Adventure|Fantasy|Sci-Fi', 'NC17', $14.22, $14.33);
INSERT INTO `mydb`.`movies` (`movieId`, `Title`, `length`, `genre`, `rating_rating`, `rentalPrice`, `purchasePrice`) VALUES (48, 'Sharkwater', 2:42:01, 'Documentary', 'PG13', $2.98, $7.25);
INSERT INTO `mydb`.`movies` (`movieId`, `Title`, `length`, `genre`, `rating_rating`, `rentalPrice`, `purchasePrice`) VALUES (49, 'Blade: Trinity', 0:55:40, 'Action|Fantasy|Horror|Thriller', 'PG', $13.96, $14.19);
INSERT INTO `mydb`.`movies` (`movieId`, `Title`, `length`, `genre`, `rating_rating`, `rentalPrice`, `purchasePrice`) VALUES (50, 'Devil\'s Carnival, The', 0:57:37, 'Horror|Musical', 'G', $9.68, $9.58);
INSERT INTO `mydb`.`movies` (`movieId`, `Title`, `length`, `genre`, `rating_rating`, `rentalPrice`, `purchasePrice`) VALUES (51, 'Murder of Fred Hampton, The', 2:56:48, 'Crime|Documentary', 'R', $14.53, $3.53);
INSERT INTO `mydb`.`movies` (`movieId`, `Title`, `length`, `genre`, `rating_rating`, `rentalPrice`, `purchasePrice`) VALUES (52, 'Haunted House', 0:29:36, '(no genres listed)', 'PG13', $6.69, $13.84);
INSERT INTO `mydb`.`movies` (`movieId`, `Title`, `length`, `genre`, `rating_rating`, `rentalPrice`, `purchasePrice`) VALUES (53, 'Satin Rouge', 4:55:39, 'Drama|Musical', 'PG', $4.56, $8.04);
INSERT INTO `mydb`.`movies` (`movieId`, `Title`, `length`, `genre`, `rating_rating`, `rentalPrice`, `purchasePrice`) VALUES (54, 'Mean Season, The', 3:32:25, 'Crime|Thriller', 'PG13', $5.31, $3.49);
INSERT INTO `mydb`.`movies` (`movieId`, `Title`, `length`, `genre`, `rating_rating`, `rentalPrice`, `purchasePrice`) VALUES (55, 'August: Osage County', 4:21:24, 'Comedy|Drama', 'NC17', $7.43, $12.03);
INSERT INTO `mydb`.`movies` (`movieId`, `Title`, `length`, `genre`, `rating_rating`, `rentalPrice`, `purchasePrice`) VALUES (56, 'Like You Know It All (Jal aljido mothamyeonseo)', 4:21:34, 'Drama', 'R', $5.97, $14.89);
INSERT INTO `mydb`.`movies` (`movieId`, `Title`, `length`, `genre`, `rating_rating`, `rentalPrice`, `purchasePrice`) VALUES (57, 'Charlie Chan at the Wax Museum', 0:11:29, 'Comedy|Crime|Mystery|Thriller', 'PG13', $13.94, $9.17);
INSERT INTO `mydb`.`movies` (`movieId`, `Title`, `length`, `genre`, `rating_rating`, `rentalPrice`, `purchasePrice`) VALUES (58, 'Nina Takes a Lover', 1:54:37, 'Comedy|Romance', 'PG13', $12.66, $9.26);
INSERT INTO `mydb`.`movies` (`movieId`, `Title`, `length`, `genre`, `rating_rating`, `rentalPrice`, `purchasePrice`) VALUES (59, '2 Days in New York', 0:11:33, 'Comedy', 'PG13', $8.28, $4.93);
INSERT INTO `mydb`.`movies` (`movieId`, `Title`, `length`, `genre`, `rating_rating`, `rentalPrice`, `purchasePrice`) VALUES (60, 'Eureka', 3:08:26, 'Drama', 'PG13', $14.68, $8.85);
INSERT INTO `mydb`.`movies` (`movieId`, `Title`, `length`, `genre`, `rating_rating`, `rentalPrice`, `purchasePrice`) VALUES (61, 'Fear Island', 3:17:46, 'Horror|Mystery|Thriller', 'G', $5.37, $5.39);
INSERT INTO `mydb`.`movies` (`movieId`, `Title`, `length`, `genre`, `rating_rating`, `rentalPrice`, `purchasePrice`) VALUES (62, '911 in Plane Site', 2:09:45, 'Documentary', 'PG', $2.33, $2.19);
INSERT INTO `mydb`.`movies` (`movieId`, `Title`, `length`, `genre`, `rating_rating`, `rentalPrice`, `purchasePrice`) VALUES (63, 'Araya', 2:51:00, 'Documentary', 'R', $6.15, $9.04);
INSERT INTO `mydb`.`movies` (`movieId`, `Title`, `length`, `genre`, `rating_rating`, `rentalPrice`, `purchasePrice`) VALUES (64, 'Lot Like Love, A', 3:31:05, 'Comedy|Drama|Romance', 'PG13', $13.60, $8.02);
INSERT INTO `mydb`.`movies` (`movieId`, `Title`, `length`, `genre`, `rating_rating`, `rentalPrice`, `purchasePrice`) VALUES (65, 'Sixth Sense, The', 2:36:42, 'Drama|Horror|Mystery', 'PG', $14.34, $7.49);
INSERT INTO `mydb`.`movies` (`movieId`, `Title`, `length`, `genre`, `rating_rating`, `rentalPrice`, `purchasePrice`) VALUES (66, 'Wicker Man, The', 2:46:40, 'Horror|Mystery|Thriller', 'NC17', $14.11, $13.49);
INSERT INTO `mydb`.`movies` (`movieId`, `Title`, `length`, `genre`, `rating_rating`, `rentalPrice`, `purchasePrice`) VALUES (67, 'Sky Captain and the World of Tomorrow', 4:08:13, 'Action|Adventure|Sci-Fi', 'R', $9.26, $11.52);
INSERT INTO `mydb`.`movies` (`movieId`, `Title`, `length`, `genre`, `rating_rating`, `rentalPrice`, `purchasePrice`) VALUES (68, 'Jesse Stone: Benefit of the Doubt', 3:55:27, 'Crime|Drama', 'PG', $13.93, $13.76);
INSERT INTO `mydb`.`movies` (`movieId`, `Title`, `length`, `genre`, `rating_rating`, `rentalPrice`, `purchasePrice`) VALUES (69, 'Apache Country', 2:27:55, 'Action|Western', 'NC17', $2.86, $2.63);
INSERT INTO `mydb`.`movies` (`movieId`, `Title`, `length`, `genre`, `rating_rating`, `rentalPrice`, `purchasePrice`) VALUES (70, 'Save the Last Dance', 2:10:48, 'Drama|Romance', 'NC17', $3.15, $3.04);
INSERT INTO `mydb`.`movies` (`movieId`, `Title`, `length`, `genre`, `rating_rating`, `rentalPrice`, `purchasePrice`) VALUES (71, 'Days of Heaven', 3:38:55, 'Drama', 'PG', $9.75, $12.44);
INSERT INTO `mydb`.`movies` (`movieId`, `Title`, `length`, `genre`, `rating_rating`, `rentalPrice`, `purchasePrice`) VALUES (72, 'Frankenfish', 0:06:30, 'Action|Comedy|Horror|Sci-Fi|Thriller', 'NC17', $4.74, $13.58);
INSERT INTO `mydb`.`movies` (`movieId`, `Title`, `length`, `genre`, `rating_rating`, `rentalPrice`, `purchasePrice`) VALUES (73, 'Turtle\'s Tale: Sammy\'s Adventures, A', 2:14:04, 'Adventure|Animation', 'PG', $7.75, $8.57);
INSERT INTO `mydb`.`movies` (`movieId`, `Title`, `length`, `genre`, `rating_rating`, `rentalPrice`, `purchasePrice`) VALUES (74, 'Generale Della Rovere, Il', 1:47:24, 'Drama', 'PG', $9.75, $9.65);
INSERT INTO `mydb`.`movies` (`movieId`, `Title`, `length`, `genre`, `rating_rating`, `rentalPrice`, `purchasePrice`) VALUES (75, 'Three Amigos!', 4:35:09, 'Comedy|Western', 'NC17', $8.20, $2.85);
INSERT INTO `mydb`.`movies` (`movieId`, `Title`, `length`, `genre`, `rating_rating`, `rentalPrice`, `purchasePrice`) VALUES (76, 'Exodus: Gods and Kings', 4:46:45, 'Action|Adventure|Drama', 'NC17', $8.40, $8.78);
INSERT INTO `mydb`.`movies` (`movieId`, `Title`, `length`, `genre`, `rating_rating`, `rentalPrice`, `purchasePrice`) VALUES (77, 'Princess O\'Rourke', 0:04:22, 'Comedy|Romance', 'G', $9.85, $4.53);
INSERT INTO `mydb`.`movies` (`movieId`, `Title`, `length`, `genre`, `rating_rating`, `rentalPrice`, `purchasePrice`) VALUES (78, 'Head Over Heels (De Pernas pro Ar)', 4:25:25, 'Comedy', 'R', $11.69, $9.59);
INSERT INTO `mydb`.`movies` (`movieId`, `Title`, `length`, `genre`, `rating_rating`, `rentalPrice`, `purchasePrice`) VALUES (79, 'Black Camel, The (Charlie Chan in the Black Camel)', 3:54:23, 'Crime|Drama|Horror|Mystery|Thriller', 'G', $9.54, $12.61);
INSERT INTO `mydb`.`movies` (`movieId`, `Title`, `length`, `genre`, `rating_rating`, `rentalPrice`, `purchasePrice`) VALUES (80, 'Last Seduction II, The', 1:27:48, 'Crime|Drama|Thriller', 'R', $9.21, $7.63);
INSERT INTO `mydb`.`movies` (`movieId`, `Title`, `length`, `genre`, `rating_rating`, `rentalPrice`, `purchasePrice`) VALUES (81, 'Licence to Kill', 1:46:09, 'Action|Adventure|Thriller', 'PG13', $3.89, $4.00);
INSERT INTO `mydb`.`movies` (`movieId`, `Title`, `length`, `genre`, `rating_rating`, `rentalPrice`, `purchasePrice`) VALUES (82, 'Chance of a Lifetime, The', 1:20:02, 'Crime|Drama', 'R', $14.12, $4.72);
INSERT INTO `mydb`.`movies` (`movieId`, `Title`, `length`, `genre`, `rating_rating`, `rentalPrice`, `purchasePrice`) VALUES (83, 'Milwaukee, Minnesota', 2:46:18, 'Drama', 'R', $7.17, $10.20);
INSERT INTO `mydb`.`movies` (`movieId`, `Title`, `length`, `genre`, `rating_rating`, `rentalPrice`, `purchasePrice`) VALUES (84, 'Cthulhu', 1:11:41, 'Drama|Thriller', 'R', $7.93, $5.48);
INSERT INTO `mydb`.`movies` (`movieId`, `Title`, `length`, `genre`, `rating_rating`, `rentalPrice`, `purchasePrice`) VALUES (85, 'Day of the Beast, The (Da de la Bestia, El)', 0:58:40, 'Adventure|Comedy|Thriller', 'NC17', $6.62, $3.21);
INSERT INTO `mydb`.`movies` (`movieId`, `Title`, `length`, `genre`, `rating_rating`, `rentalPrice`, `purchasePrice`) VALUES (86, 'Little Soldier, The (Petit soldat, Le)', 4:34:01, 'Drama|War', 'NC17', $7.46, $9.15);
INSERT INTO `mydb`.`movies` (`movieId`, `Title`, `length`, `genre`, `rating_rating`, `rentalPrice`, `purchasePrice`) VALUES (87, 'Midnight Express', 0:12:20, 'Drama', 'NC17', $9.01, $9.75);
INSERT INTO `mydb`.`movies` (`movieId`, `Title`, `length`, `genre`, `rating_rating`, `rentalPrice`, `purchasePrice`) VALUES (88, 'Darkon', 1:11:36, 'Documentary|Fantasy', 'PG13', $7.67, $8.38);
INSERT INTO `mydb`.`movies` (`movieId`, `Title`, `length`, `genre`, `rating_rating`, `rentalPrice`, `purchasePrice`) VALUES (89, 'Tapped', 0:19:15, 'Documentary', 'PG', $13.05, $5.13);
INSERT INTO `mydb`.`movies` (`movieId`, `Title`, `length`, `genre`, `rating_rating`, `rentalPrice`, `purchasePrice`) VALUES (90, 'Ecstasy (xtasis)', 4:06:01, 'Drama', 'PG', $12.51, $12.93);
INSERT INTO `mydb`.`movies` (`movieId`, `Title`, `length`, `genre`, `rating_rating`, `rentalPrice`, `purchasePrice`) VALUES (91, 'Great Caruso, The', 1:19:07, 'Drama|Musical', 'PG13', $14.54, $13.73);
INSERT INTO `mydb`.`movies` (`movieId`, `Title`, `length`, `genre`, `rating_rating`, `rentalPrice`, `purchasePrice`) VALUES (92, 'Boys Love', 1:25:12, 'Drama|Romance', 'PG13', $3.31, $8.41);
INSERT INTO `mydb`.`movies` (`movieId`, `Title`, `length`, `genre`, `rating_rating`, `rentalPrice`, `purchasePrice`) VALUES (93, 'Lassie Come Home', 0:09:26, 'Adventure|Children|Drama', 'R', $7.23, $10.32);
INSERT INTO `mydb`.`movies` (`movieId`, `Title`, `length`, `genre`, `rating_rating`, `rentalPrice`, `purchasePrice`) VALUES (94, 'North Country', 2:26:19, 'Drama', 'PG13', $2.68, $4.55);
INSERT INTO `mydb`.`movies` (`movieId`, `Title`, `length`, `genre`, `rating_rating`, `rentalPrice`, `purchasePrice`) VALUES (95, 'Princess Bride, The', 3:44:43, 'Action|Adventure|Comedy|Fantasy|Romance', 'R', $14.96, $14.43);
INSERT INTO `mydb`.`movies` (`movieId`, `Title`, `length`, `genre`, `rating_rating`, `rentalPrice`, `purchasePrice`) VALUES (96, 'I Love You, Don\'t Touch Me!', 2:00:53, 'Drama|Romance', 'G', $2.73, $8.21);
INSERT INTO `mydb`.`movies` (`movieId`, `Title`, `length`, `genre`, `rating_rating`, `rentalPrice`, `purchasePrice`) VALUES (97, 'Clean, Shaven', 3:59:02, 'Crime|Drama', 'G', $3.26, $12.72);
INSERT INTO `mydb`.`movies` (`movieId`, `Title`, `length`, `genre`, `rating_rating`, `rentalPrice`, `purchasePrice`) VALUES (98, 'Alpha and Omega', 1:21:10, 'Adventure|Animation|Children|Comedy|Romance', 'PG13', $7.90, $4.00);
INSERT INTO `mydb`.`movies` (`movieId`, `Title`, `length`, `genre`, `rating_rating`, `rentalPrice`, `purchasePrice`) VALUES (99, 'Winner, The', 3:47:48, 'Comedy|Crime|Thriller', 'NC17', $3.76, $2.08);
INSERT INTO `mydb`.`movies` (`movieId`, `Title`, `length`, `genre`, `rating_rating`, `rentalPrice`, `purchasePrice`) VALUES (100, 'Rapture, The', 2:29:15, 'Drama|Mystery', 'NC17', $8.26, $12.04);
INSERT INTO `mydb`.`movies` (`movieId`, `Title`, `length`, `genre`, `rating_rating`, `rentalPrice`, `purchasePrice`) VALUES (101, 'Hackers', 1:16:07, 'Action|Adventure|Crime|Thriller', 'G', $2.07, $5.23);
INSERT INTO `mydb`.`movies` (`movieId`, `Title`, `length`, `genre`, `rating_rating`, `rentalPrice`, `purchasePrice`) VALUES (102, 'Gigi', 1:41:34, 'Musical', 'R', $9.28, $3.55);
INSERT INTO `mydb`.`movies` (`movieId`, `Title`, `length`, `genre`, `rating_rating`, `rentalPrice`, `purchasePrice`) VALUES (103, 'Double Vision (Shuang tong)', 4:23:14, 'Horror|Mystery|Thriller', 'PG', $7.43, $11.96);
INSERT INTO `mydb`.`movies` (`movieId`, `Title`, `length`, `genre`, `rating_rating`, `rentalPrice`, `purchasePrice`) VALUES (104, 'Betrayed (True and the Brave, The)', 1:21:42, 'Drama|Romance|Thriller|War', 'PG', $4.94, $8.84);
INSERT INTO `mydb`.`movies` (`movieId`, `Title`, `length`, `genre`, `rating_rating`, `rentalPrice`, `purchasePrice`) VALUES (105, 'Tower Heist', 0:21:01, 'Action|Comedy|Crime', 'NC17', $3.23, $10.49);
INSERT INTO `mydb`.`movies` (`movieId`, `Title`, `length`, `genre`, `rating_rating`, `rentalPrice`, `purchasePrice`) VALUES (106, 'Persepolis', 1:19:03, 'Animation|Drama', 'R', $8.61, $9.24);
INSERT INTO `mydb`.`movies` (`movieId`, `Title`, `length`, `genre`, `rating_rating`, `rentalPrice`, `purchasePrice`) VALUES (107, 'Bill Maher... But I\'m Not Wrong', 1:19:09, 'Comedy', 'NC17', $14.08, $14.65);
INSERT INTO `mydb`.`movies` (`movieId`, `Title`, `length`, `genre`, `rating_rating`, `rentalPrice`, `purchasePrice`) VALUES (108, 'Assault, The (Aanslag, De)', 4:52:53, 'Drama|Romance|War', 'G', $8.23, $4.84);
INSERT INTO `mydb`.`movies` (`movieId`, `Title`, `length`, `genre`, `rating_rating`, `rentalPrice`, `purchasePrice`) VALUES (109, 'Delicate Delinquent, The', 1:12:57, 'Comedy', 'NC17', $12.88, $8.49);
INSERT INTO `mydb`.`movies` (`movieId`, `Title`, `length`, `genre`, `rating_rating`, `rentalPrice`, `purchasePrice`) VALUES (110, 'Express, The', 1:25:55, 'Drama', 'PG13', $4.75, $7.53);
INSERT INTO `mydb`.`movies` (`movieId`, `Title`, `length`, `genre`, `rating_rating`, `rentalPrice`, `purchasePrice`) VALUES (111, 'Strip-tease', 2:50:02, 'Drama', 'G', $10.39, $3.78);
INSERT INTO `mydb`.`movies` (`movieId`, `Title`, `length`, `genre`, `rating_rating`, `rentalPrice`, `purchasePrice`) VALUES (112, 'Divorcee, The', 1:33:05, 'Drama|Romance', 'PG13', $9.03, $3.87);
INSERT INTO `mydb`.`movies` (`movieId`, `Title`, `length`, `genre`, `rating_rating`, `rentalPrice`, `purchasePrice`) VALUES (113, 'American Psycho', 2:04:14, 'Crime|Horror|Mystery|Thriller', 'R', $8.53, $4.13);
INSERT INTO `mydb`.`movies` (`movieId`, `Title`, `length`, `genre`, `rating_rating`, `rentalPrice`, `purchasePrice`) VALUES (114, 'Brest Fortress (Brestskaya krepost)', 2:00:49, 'Action|Drama|War', 'PG', $3.68, $14.53);
INSERT INTO `mydb`.`movies` (`movieId`, `Title`, `length`, `genre`, `rating_rating`, `rentalPrice`, `purchasePrice`) VALUES (115, 'Captain Phillips', 3:53:09, 'Adventure|Drama|Thriller|IMAX', 'NC17', $2.61, $7.38);
INSERT INTO `mydb`.`movies` (`movieId`, `Title`, `length`, `genre`, `rating_rating`, `rentalPrice`, `purchasePrice`) VALUES (116, 'Fermat\'s Room (La habitacin de Fermat)', 1:47:44, 'Mystery|Thriller', 'PG', $6.56, $5.00);
INSERT INTO `mydb`.`movies` (`movieId`, `Title`, `length`, `genre`, `rating_rating`, `rentalPrice`, `purchasePrice`) VALUES (117, 'Whole Town\'s Talking, The (Passport to Fame)', 3:55:43, 'Comedy|Crime', 'R', $9.48, $8.40);
INSERT INTO `mydb`.`movies` (`movieId`, `Title`, `length`, `genre`, `rating_rating`, `rentalPrice`, `purchasePrice`) VALUES (118, 'Incubus', 3:51:06, 'Horror', 'PG13', $13.20, $8.88);
INSERT INTO `mydb`.`movies` (`movieId`, `Title`, `length`, `genre`, `rating_rating`, `rentalPrice`, `purchasePrice`) VALUES (119, 'Permanent Record', 1:35:38, 'Drama', 'R', $3.90, $10.16);
INSERT INTO `mydb`.`movies` (`movieId`, `Title`, `length`, `genre`, `rating_rating`, `rentalPrice`, `purchasePrice`) VALUES (120, 'We Were Here', 0:31:30, 'Documentary', 'G', $3.38, $9.33);
INSERT INTO `mydb`.`movies` (`movieId`, `Title`, `length`, `genre`, `rating_rating`, `rentalPrice`, `purchasePrice`) VALUES (121, 'Colossal Youth (Juventude Em Marcha)', 2:35:43, 'Drama', 'PG', $13.62, $6.28);
INSERT INTO `mydb`.`movies` (`movieId`, `Title`, `length`, `genre`, `rating_rating`, `rentalPrice`, `purchasePrice`) VALUES (122, 'War of the Buttons', 2:38:25, 'Adventure|Children|Drama', 'R', $9.63, $12.76);
INSERT INTO `mydb`.`movies` (`movieId`, `Title`, `length`, `genre`, `rating_rating`, `rentalPrice`, `purchasePrice`) VALUES (123, 'Nine Lives (Ni liv)', 0:17:18, 'Action|Adventure|War', 'NC17', $14.77, $5.32);
INSERT INTO `mydb`.`movies` (`movieId`, `Title`, `length`, `genre`, `rating_rating`, `rentalPrice`, `purchasePrice`) VALUES (124, 'Tickets', 2:12:04, 'Comedy|Drama', 'PG13', $13.49, $13.64);
INSERT INTO `mydb`.`movies` (`movieId`, `Title`, `length`, `genre`, `rating_rating`, `rentalPrice`, `purchasePrice`) VALUES (125, 'Dangerous Liaisons', 0:18:24, 'Drama|Romance', 'PG', $10.89, $13.12);
INSERT INTO `mydb`.`movies` (`movieId`, `Title`, `length`, `genre`, `rating_rating`, `rentalPrice`, `purchasePrice`) VALUES (126, 'Apostle, The', 0:06:55, 'Drama', 'PG13', $6.24, $5.25);
INSERT INTO `mydb`.`movies` (`movieId`, `Title`, `length`, `genre`, `rating_rating`, `rentalPrice`, `purchasePrice`) VALUES (127, 'By the Law', 4:06:53, 'Drama', 'PG13', $3.08, $13.39);
INSERT INTO `mydb`.`movies` (`movieId`, `Title`, `length`, `genre`, `rating_rating`, `rentalPrice`, `purchasePrice`) VALUES (128, 'People vs. George Lucas, The', 2:19:03, 'Documentary', 'PG13', $3.46, $12.60);
INSERT INTO `mydb`.`movies` (`movieId`, `Title`, `length`, `genre`, `rating_rating`, `rentalPrice`, `purchasePrice`) VALUES (129, 'Fantastic Night, The (Nuit fantastique, La)', 0:06:23, 'Romance', 'NC17', $9.32, $12.29);
INSERT INTO `mydb`.`movies` (`movieId`, `Title`, `length`, `genre`, `rating_rating`, `rentalPrice`, `purchasePrice`) VALUES (130, 'One I Love, The', 4:40:42, 'Comedy|Drama|Romance', 'R', $5.16, $12.59);
INSERT INTO `mydb`.`movies` (`movieId`, `Title`, `length`, `genre`, `rating_rating`, `rentalPrice`, `purchasePrice`) VALUES (131, 'Rains Came, The', 2:01:25, 'Adventure|Drama|Romance', 'R', $6.38, $4.61);
INSERT INTO `mydb`.`movies` (`movieId`, `Title`, `length`, `genre`, `rating_rating`, `rentalPrice`, `purchasePrice`) VALUES (132, 'All Together, The', 2:19:44, 'Comedy|Drama|Romance', 'PG', $12.56, $3.95);
INSERT INTO `mydb`.`movies` (`movieId`, `Title`, `length`, `genre`, `rating_rating`, `rentalPrice`, `purchasePrice`) VALUES (133, 'Kid Brother, The', 3:27:23, 'Children|Comedy|Romance', 'PG13', $2.35, $9.21);
INSERT INTO `mydb`.`movies` (`movieId`, `Title`, `length`, `genre`, `rating_rating`, `rentalPrice`, `purchasePrice`) VALUES (134, 'Just a Little Harmless Sex', 4:46:49, 'Comedy|Romance', 'PG', $5.95, $13.93);
INSERT INTO `mydb`.`movies` (`movieId`, `Title`, `length`, `genre`, `rating_rating`, `rentalPrice`, `purchasePrice`) VALUES (135, 'Lap Dance', 4:57:34, 'Drama', 'PG', $5.34, $11.52);
INSERT INTO `mydb`.`movies` (`movieId`, `Title`, `length`, `genre`, `rating_rating`, `rentalPrice`, `purchasePrice`) VALUES (136, 'Gigot', 1:56:11, 'Comedy', 'R', $2.87, $3.37);
INSERT INTO `mydb`.`movies` (`movieId`, `Title`, `length`, `genre`, `rating_rating`, `rentalPrice`, `purchasePrice`) VALUES (137, 'Wrong Man, The', 3:55:42, 'Romance|Thriller', 'R', $9.96, $14.55);
INSERT INTO `mydb`.`movies` (`movieId`, `Title`, `length`, `genre`, `rating_rating`, `rentalPrice`, `purchasePrice`) VALUES (138, 'Erotic Man, The', 0:36:33, 'Drama', 'R', $13.55, $3.42);
INSERT INTO `mydb`.`movies` (`movieId`, `Title`, `length`, `genre`, `rating_rating`, `rentalPrice`, `purchasePrice`) VALUES (139, 'Other Girls', 3:51:14, 'Drama', 'PG13', $9.73, $8.36);
INSERT INTO `mydb`.`movies` (`movieId`, `Title`, `length`, `genre`, `rating_rating`, `rentalPrice`, `purchasePrice`) VALUES (140, 'Devil Doll', 2:14:57, 'Horror', 'NC17', $3.73, $11.11);
INSERT INTO `mydb`.`movies` (`movieId`, `Title`, `length`, `genre`, `rating_rating`, `rentalPrice`, `purchasePrice`) VALUES (141, 'Bullet in the Head', 3:59:01, 'Action|Drama|War', 'NC17', $12.08, $12.07);
INSERT INTO `mydb`.`movies` (`movieId`, `Title`, `length`, `genre`, `rating_rating`, `rentalPrice`, `purchasePrice`) VALUES (142, 'Batman', 3:10:45, 'Action|Crime|Thriller', 'PG', $14.18, $7.18);
INSERT INTO `mydb`.`movies` (`movieId`, `Title`, `length`, `genre`, `rating_rating`, `rentalPrice`, `purchasePrice`) VALUES (143, 'Dylan Moran: Yeah, Yeah', 0:24:34, 'Comedy', 'PG', $4.50, $14.39);
INSERT INTO `mydb`.`movies` (`movieId`, `Title`, `length`, `genre`, `rating_rating`, `rentalPrice`, `purchasePrice`) VALUES (144, 'Summer of \'04 (Sommer \'04)', 3:48:47, 'Drama', 'PG', $2.41, $4.60);
INSERT INTO `mydb`.`movies` (`movieId`, `Title`, `length`, `genre`, `rating_rating`, `rentalPrice`, `purchasePrice`) VALUES (145, 'Brubaker', 4:37:19, 'Crime|Drama', 'NC17', $7.01, $6.94);
INSERT INTO `mydb`.`movies` (`movieId`, `Title`, `length`, `genre`, `rating_rating`, `rentalPrice`, `purchasePrice`) VALUES (146, 'That Day, on the Beach (Hai tan de yi tian)', 3:58:34, 'Drama', 'PG', $6.86, $9.86);
INSERT INTO `mydb`.`movies` (`movieId`, `Title`, `length`, `genre`, `rating_rating`, `rentalPrice`, `purchasePrice`) VALUES (147, 'Lisbon Story', 1:02:46, 'Drama', 'PG13', $11.87, $5.43);
INSERT INTO `mydb`.`movies` (`movieId`, `Title`, `length`, `genre`, `rating_rating`, `rentalPrice`, `purchasePrice`) VALUES (148, 'Billy\'s Holiday', 1:16:22, 'Drama|Musical', 'NC17', $9.52, $11.06);
INSERT INTO `mydb`.`movies` (`movieId`, `Title`, `length`, `genre`, `rating_rating`, `rentalPrice`, `purchasePrice`) VALUES (149, 'Babette Goes to War', 1:15:43, 'Comedy|War', 'R', $12.54, $7.08);
INSERT INTO `mydb`.`movies` (`movieId`, `Title`, `length`, `genre`, `rating_rating`, `rentalPrice`, `purchasePrice`) VALUES (150, 'Crocodile Hunter: Collision Course, The', 1:51:17, 'Adventure|Comedy', 'PG', $4.24, $4.07);
INSERT INTO `mydb`.`movies` (`movieId`, `Title`, `length`, `genre`, `rating_rating`, `rentalPrice`, `purchasePrice`) VALUES (151, 'Flight of Fury', 1:30:42, 'Action', 'NC17', $3.54, $7.53);
INSERT INTO `mydb`.`movies` (`movieId`, `Title`, `length`, `genre`, `rating_rating`, `rentalPrice`, `purchasePrice`) VALUES (152, 'Last Movie, The', 1:32:47, 'Drama', 'PG13', $10.61, $10.48);
INSERT INTO `mydb`.`movies` (`movieId`, `Title`, `length`, `genre`, `rating_rating`, `rentalPrice`, `purchasePrice`) VALUES (153, 'Death Note 2: The Last Name', 2:20:46, 'Adventure|Crime|Drama', 'PG13', $2.78, $9.66);
INSERT INTO `mydb`.`movies` (`movieId`, `Title`, `length`, `genre`, `rating_rating`, `rentalPrice`, `purchasePrice`) VALUES (154, 'Game of Their Lives, The', 0:55:58, 'Drama', 'G', $10.90, $3.41);
INSERT INTO `mydb`.`movies` (`movieId`, `Title`, `length`, `genre`, `rating_rating`, `rentalPrice`, `purchasePrice`) VALUES (155, 'Compliance', 0:21:32, 'Drama|Thriller', 'R', $10.18, $5.18);
INSERT INTO `mydb`.`movies` (`movieId`, `Title`, `length`, `genre`, `rating_rating`, `rentalPrice`, `purchasePrice`) VALUES (156, 'Band Wagon, The', 0:57:52, 'Comedy|Musical', 'R', $7.25, $9.43);
INSERT INTO `mydb`.`movies` (`movieId`, `Title`, `length`, `genre`, `rating_rating`, `rentalPrice`, `purchasePrice`) VALUES (157, 'Map of the World, A', 0:55:23, 'Drama', 'PG13', $8.47, $7.36);
INSERT INTO `mydb`.`movies` (`movieId`, `Title`, `length`, `genre`, `rating_rating`, `rentalPrice`, `purchasePrice`) VALUES (158, 'Johnny Be Good', 3:16:22, 'Comedy', 'G', $7.09, $14.00);
INSERT INTO `mydb`.`movies` (`movieId`, `Title`, `length`, `genre`, `rating_rating`, `rentalPrice`, `purchasePrice`) VALUES (159, 'Daffy Duck\'s Movie: Fantastic Island', 3:59:44, 'Animation|Children|Comedy', 'PG', $8.70, $3.96);
INSERT INTO `mydb`.`movies` (`movieId`, `Title`, `length`, `genre`, `rating_rating`, `rentalPrice`, `purchasePrice`) VALUES (160, 'Made in America', 3:44:47, 'Comedy', 'PG', $13.88, $3.42);
INSERT INTO `mydb`.`movies` (`movieId`, `Title`, `length`, `genre`, `rating_rating`, `rentalPrice`, `purchasePrice`) VALUES (161, 'Groove', 2:36:25, 'Drama', 'PG', $10.80, $11.13);
INSERT INTO `mydb`.`movies` (`movieId`, `Title`, `length`, `genre`, `rating_rating`, `rentalPrice`, `purchasePrice`) VALUES (162, 'Spin (You Are Here)', 0:23:24, 'Comedy|Romance', 'NC17', $8.44, $12.97);
INSERT INTO `mydb`.`movies` (`movieId`, `Title`, `length`, `genre`, `rating_rating`, `rentalPrice`, `purchasePrice`) VALUES (163, 'Warlords, The (Tau ming chong)', 4:46:10, 'Action|Drama|War', 'PG', $5.81, $12.63);
INSERT INTO `mydb`.`movies` (`movieId`, `Title`, `length`, `genre`, `rating_rating`, `rentalPrice`, `purchasePrice`) VALUES (164, 'Homevideo', 2:20:02, 'Drama', 'PG13', $12.20, $9.83);
INSERT INTO `mydb`.`movies` (`movieId`, `Title`, `length`, `genre`, `rating_rating`, `rentalPrice`, `purchasePrice`) VALUES (165, 'Fame High', 1:13:23, 'Documentary', 'PG13', $9.32, $3.52);
INSERT INTO `mydb`.`movies` (`movieId`, `Title`, `length`, `genre`, `rating_rating`, `rentalPrice`, `purchasePrice`) VALUES (166, 'Hot Pepper', 0:39:55, 'Documentary|Musical', 'G', $14.78, $14.84);
INSERT INTO `mydb`.`movies` (`movieId`, `Title`, `length`, `genre`, `rating_rating`, `rentalPrice`, `purchasePrice`) VALUES (167, 'Boys on the Side', 2:13:55, 'Comedy|Drama', 'NC17', $10.64, $4.82);
INSERT INTO `mydb`.`movies` (`movieId`, `Title`, `length`, `genre`, `rating_rating`, `rentalPrice`, `purchasePrice`) VALUES (168, 'Night People', 2:09:27, 'Adventure', 'G', $12.90, $3.77);
INSERT INTO `mydb`.`movies` (`movieId`, `Title`, `length`, `genre`, `rating_rating`, `rentalPrice`, `purchasePrice`) VALUES (169, 'Unbelievable Truth, The', 0:48:05, 'Comedy|Drama', 'PG', $13.46, $10.53);
INSERT INTO `mydb`.`movies` (`movieId`, `Title`, `length`, `genre`, `rating_rating`, `rentalPrice`, `purchasePrice`) VALUES (170, 'Perfect Plan, A (Plan parfait, Un)', 3:39:44, 'Adventure|Comedy|Romance', 'R', $11.11, $9.50);
INSERT INTO `mydb`.`movies` (`movieId`, `Title`, `length`, `genre`, `rating_rating`, `rentalPrice`, `purchasePrice`) VALUES (171, 'Last Train Home', 3:24:46, 'Documentary|Drama', 'NC17', $10.94, $7.07);
INSERT INTO `mydb`.`movies` (`movieId`, `Title`, `length`, `genre`, `rating_rating`, `rentalPrice`, `purchasePrice`) VALUES (172, 'In Enemy Hands', 0:48:39, 'War', 'PG13', $8.18, $6.48);
INSERT INTO `mydb`.`movies` (`movieId`, `Title`, `length`, `genre`, `rating_rating`, `rentalPrice`, `purchasePrice`) VALUES (173, 'Margot at the Wedding', 3:17:43, 'Drama', 'NC17', $14.97, $6.34);
INSERT INTO `mydb`.`movies` (`movieId`, `Title`, `length`, `genre`, `rating_rating`, `rentalPrice`, `purchasePrice`) VALUES (174, 'Exit to Hell', 2:50:43, 'Action|Horror|Thriller', 'NC17', $14.47, $13.30);
INSERT INTO `mydb`.`movies` (`movieId`, `Title`, `length`, `genre`, `rating_rating`, `rentalPrice`, `purchasePrice`) VALUES (175, 'Roger & Me', 4:35:56, 'Documentary', 'PG', $6.30, $6.22);
INSERT INTO `mydb`.`movies` (`movieId`, `Title`, `length`, `genre`, `rating_rating`, `rentalPrice`, `purchasePrice`) VALUES (176, 'Room in Rome (Habitacin en Roma)', 2:15:18, 'Drama|Romance', 'NC17', $12.74, $10.72);
INSERT INTO `mydb`.`movies` (`movieId`, `Title`, `length`, `genre`, `rating_rating`, `rentalPrice`, `purchasePrice`) VALUES (177, 'Captain Ron', 2:29:55, 'Adventure|Comedy', 'NC17', $5.35, $10.96);
INSERT INTO `mydb`.`movies` (`movieId`, `Title`, `length`, `genre`, `rating_rating`, `rentalPrice`, `purchasePrice`) VALUES (178, 'Crave', 0:48:47, 'Drama|Thriller', 'PG', $3.49, $3.09);
INSERT INTO `mydb`.`movies` (`movieId`, `Title`, `length`, `genre`, `rating_rating`, `rentalPrice`, `purchasePrice`) VALUES (179, 'Live Free or Die', 1:06:26, 'Comedy|Crime', 'G', $4.60, $11.45);
INSERT INTO `mydb`.`movies` (`movieId`, `Title`, `length`, `genre`, `rating_rating`, `rentalPrice`, `purchasePrice`) VALUES (180, 'Don', 4:51:03, 'Action|Comedy|Crime|Drama|Musical|Thriller', 'G', $3.21, $9.18);
INSERT INTO `mydb`.`movies` (`movieId`, `Title`, `length`, `genre`, `rating_rating`, `rentalPrice`, `purchasePrice`) VALUES (181, 'Late Bloomers', 3:53:23, 'Drama', 'PG13', $9.75, $7.02);
INSERT INTO `mydb`.`movies` (`movieId`, `Title`, `length`, `genre`, `rating_rating`, `rentalPrice`, `purchasePrice`) VALUES (182, 'Lost Skeleton of Cadavra, The', 2:54:52, 'Comedy|Horror|Sci-Fi', 'PG13', $6.33, $14.18);
INSERT INTO `mydb`.`movies` (`movieId`, `Title`, `length`, `genre`, `rating_rating`, `rentalPrice`, `purchasePrice`) VALUES (183, 'Fingersmith', 3:20:33, 'Crime|Drama|Romance', 'R', $7.06, $13.97);
INSERT INTO `mydb`.`movies` (`movieId`, `Title`, `length`, `genre`, `rating_rating`, `rentalPrice`, `purchasePrice`) VALUES (184, 'Arabian Nights', 0:05:34, 'Action|Adventure', 'R', $11.21, $8.42);
INSERT INTO `mydb`.`movies` (`movieId`, `Title`, `length`, `genre`, `rating_rating`, `rentalPrice`, `purchasePrice`) VALUES (185, 'NATO\'s Secret Armies (Gladio: L\'esercito segreto della Nato)', 4:22:37, 'Documentary', 'NC17', $12.44, $12.37);
INSERT INTO `mydb`.`movies` (`movieId`, `Title`, `length`, `genre`, `rating_rating`, `rentalPrice`, `purchasePrice`) VALUES (186, 'Police Academy: Mission to Moscow', 0:16:37, 'Comedy|Crime', 'PG', $11.66, $14.42);
INSERT INTO `mydb`.`movies` (`movieId`, `Title`, `length`, `genre`, `rating_rating`, `rentalPrice`, `purchasePrice`) VALUES (187, 'Purely Belter', 4:20:53, 'Adventure|Comedy|Drama', 'PG', $4.42, $5.81);
INSERT INTO `mydb`.`movies` (`movieId`, `Title`, `length`, `genre`, `rating_rating`, `rentalPrice`, `purchasePrice`) VALUES (188, 'Flodder 3', 4:33:28, 'Comedy', 'NC17', $14.89, $14.78);
INSERT INTO `mydb`.`movies` (`movieId`, `Title`, `length`, `genre`, `rating_rating`, `rentalPrice`, `purchasePrice`) VALUES (189, 'Twenty-Four Eyes (Nijshi no hitomi)', 0:43:29, 'Drama', 'NC17', $2.33, $6.59);
INSERT INTO `mydb`.`movies` (`movieId`, `Title`, `length`, `genre`, `rating_rating`, `rentalPrice`, `purchasePrice`) VALUES (190, 'For a Good Time, Call...', 1:31:32, 'Comedy|Drama|Romance', 'NC17', $11.58, $14.75);
INSERT INTO `mydb`.`movies` (`movieId`, `Title`, `length`, `genre`, `rating_rating`, `rentalPrice`, `purchasePrice`) VALUES (191, 'Henry Poole is Here', 4:46:18, 'Drama|Mystery', 'G', $8.10, $4.42);
INSERT INTO `mydb`.`movies` (`movieId`, `Title`, `length`, `genre`, `rating_rating`, `rentalPrice`, `purchasePrice`) VALUES (192, 'Going the Distance', 3:14:12, 'Comedy|Romance', 'NC17', $2.72, $10.78);
INSERT INTO `mydb`.`movies` (`movieId`, `Title`, `length`, `genre`, `rating_rating`, `rentalPrice`, `purchasePrice`) VALUES (193, 'Mr. Jones', 2:08:59, 'Drama|Romance', 'NC17', $3.08, $9.91);
INSERT INTO `mydb`.`movies` (`movieId`, `Title`, `length`, `genre`, `rating_rating`, `rentalPrice`, `purchasePrice`) VALUES (194, 'Children of Glory (Szabadsg, szerelem)', 3:02:29, 'Drama|Romance|War', 'PG13', $6.82, $6.61);
INSERT INTO `mydb`.`movies` (`movieId`, `Title`, `length`, `genre`, `rating_rating`, `rentalPrice`, `purchasePrice`) VALUES (195, 'Charade', 0:57:13, 'Comedy|Crime|Mystery|Romance|Thriller', 'G', $3.78, $13.21);
INSERT INTO `mydb`.`movies` (`movieId`, `Title`, `length`, `genre`, `rating_rating`, `rentalPrice`, `purchasePrice`) VALUES (196, 'Incredible Journey, The', 2:13:28, 'Adventure|Children', 'PG13', $6.64, $9.39);
INSERT INTO `mydb`.`movies` (`movieId`, `Title`, `length`, `genre`, `rating_rating`, `rentalPrice`, `purchasePrice`) VALUES (197, 'Studentfesten', 4:56:09, 'Comedy', 'PG13', $12.70, $4.80);
INSERT INTO `mydb`.`movies` (`movieId`, `Title`, `length`, `genre`, `rating_rating`, `rentalPrice`, `purchasePrice`) VALUES (198, 'Amy', 4:32:08, 'Comedy|Drama', 'NC17', $6.51, $2.13);
INSERT INTO `mydb`.`movies` (`movieId`, `Title`, `length`, `genre`, `rating_rating`, `rentalPrice`, `purchasePrice`) VALUES (199, 'Among Wolves (Entrelobos)', 4:29:22, 'Drama', 'PG', $2.52, $3.18);
INSERT INTO `mydb`.`movies` (`movieId`, `Title`, `length`, `genre`, `rating_rating`, `rentalPrice`, `purchasePrice`) VALUES (200, 'Swimming with Sharks', 1:09:50, 'Comedy|Drama', 'R', $7.29, $9.39);
INSERT INTO `mydb`.`movies` (`movieId`, `Title`, `length`, `genre`, `rating_rating`, `rentalPrice`, `purchasePrice`) VALUES (201, 'Amores Perros (Love\'s a Bitch)', 4:15:46, 'Drama|Thriller', 'R', $14.97, $14.33);
INSERT INTO `mydb`.`movies` (`movieId`, `Title`, `length`, `genre`, `rating_rating`, `rentalPrice`, `purchasePrice`) VALUES (202, 'Autumn Spring (Bab lto)', 1:40:45, 'Comedy|Drama', 'PG', $10.35, $8.61);
INSERT INTO `mydb`.`movies` (`movieId`, `Title`, `length`, `genre`, `rating_rating`, `rentalPrice`, `purchasePrice`) VALUES (203, 'Let\'s Kill Ward\'s Wife', 3:22:56, 'Comedy', 'R', $13.84, $14.96);
INSERT INTO `mydb`.`movies` (`movieId`, `Title`, `length`, `genre`, `rating_rating`, `rentalPrice`, `purchasePrice`) VALUES (204, 'Joyeux Nol (Merry Christmas)', 0:05:43, 'Drama|War', 'R', $12.08, $6.40);
INSERT INTO `mydb`.`movies` (`movieId`, `Title`, `length`, `genre`, `rating_rating`, `rentalPrice`, `purchasePrice`) VALUES (205, 'Miss Pettigrew Lives for a Day', 3:11:35, 'Comedy|Romance', 'PG', $10.10, $7.43);
INSERT INTO `mydb`.`movies` (`movieId`, `Title`, `length`, `genre`, `rating_rating`, `rentalPrice`, `purchasePrice`) VALUES (206, 'Jackass: The Movie', 0:17:27, 'Action|Comedy|Documentary', 'PG', $8.58, $4.10);
INSERT INTO `mydb`.`movies` (`movieId`, `Title`, `length`, `genre`, `rating_rating`, `rentalPrice`, `purchasePrice`) VALUES (207, 'Lizard in a Woman\'s Skin, A (Lucertola con la pelle di donna, Una)', 3:20:10, 'Horror|Mystery|Thriller', 'NC17', $5.93, $3.89);
INSERT INTO `mydb`.`movies` (`movieId`, `Title`, `length`, `genre`, `rating_rating`, `rentalPrice`, `purchasePrice`) VALUES (208, 'Cattle Queen of Montana', 2:21:07, 'Western', 'NC17', $14.47, $5.54);
INSERT INTO `mydb`.`movies` (`movieId`, `Title`, `length`, `genre`, `rating_rating`, `rentalPrice`, `purchasePrice`) VALUES (209, 'Butterfield 8', 3:54:56, 'Drama', 'PG', $14.60, $7.96);
INSERT INTO `mydb`.`movies` (`movieId`, `Title`, `length`, `genre`, `rating_rating`, `rentalPrice`, `purchasePrice`) VALUES (210, 'Stargate', 3:10:07, 'Action|Adventure|Sci-Fi', 'PG13', $12.45, $4.61);
INSERT INTO `mydb`.`movies` (`movieId`, `Title`, `length`, `genre`, `rating_rating`, `rentalPrice`, `purchasePrice`) VALUES (211, 'Witches, The', 3:31:45, 'Children|Fantasy', 'R', $8.37, $4.52);
INSERT INTO `mydb`.`movies` (`movieId`, `Title`, `length`, `genre`, `rating_rating`, `rentalPrice`, `purchasePrice`) VALUES (212, 'Mister 880', 0:02:57, 'Comedy', 'G', $3.40, $2.36);
INSERT INTO `mydb`.`movies` (`movieId`, `Title`, `length`, `genre`, `rating_rating`, `rentalPrice`, `purchasePrice`) VALUES (213, 'Vampire Hunter D', 4:27:11, 'Animation|Fantasy|Horror', 'R', $2.03, $12.11);
INSERT INTO `mydb`.`movies` (`movieId`, `Title`, `length`, `genre`, `rating_rating`, `rentalPrice`, `purchasePrice`) VALUES (214, 'My First War', 1:40:44, 'Documentary', 'PG', $4.61, $3.48);
INSERT INTO `mydb`.`movies` (`movieId`, `Title`, `length`, `genre`, `rating_rating`, `rentalPrice`, `purchasePrice`) VALUES (215, 'Get Well Soon', 2:23:41, 'Comedy|Drama|Romance', 'PG13', $11.38, $11.27);
INSERT INTO `mydb`.`movies` (`movieId`, `Title`, `length`, `genre`, `rating_rating`, `rentalPrice`, `purchasePrice`) VALUES (216, 'Baby, the Rain Must Fall', 3:55:53, 'Drama', 'NC17', $2.77, $2.05);
INSERT INTO `mydb`.`movies` (`movieId`, `Title`, `length`, `genre`, `rating_rating`, `rentalPrice`, `purchasePrice`) VALUES (217, 'Avalon', 1:33:15, 'Drama|Fantasy|Sci-Fi', 'G', $5.02, $7.97);
INSERT INTO `mydb`.`movies` (`movieId`, `Title`, `length`, `genre`, `rating_rating`, `rentalPrice`, `purchasePrice`) VALUES (218, 'Viola', 4:53:38, 'Drama', 'NC17', $8.24, $12.58);
INSERT INTO `mydb`.`movies` (`movieId`, `Title`, `length`, `genre`, `rating_rating`, `rentalPrice`, `purchasePrice`) VALUES (219, 'Jack and the Cuckoo-Clock Heart (Jack et la mcanique du coeur)', 0:55:20, 'Adventure|Animation|Drama|Fantasy|Musical|Romance', 'G', $11.00, $12.94);
INSERT INTO `mydb`.`movies` (`movieId`, `Title`, `length`, `genre`, `rating_rating`, `rentalPrice`, `purchasePrice`) VALUES (220, 'Stille nacht', 1:10:58, 'Crime|Mystery|Thriller', 'PG13', $5.80, $8.22);
INSERT INTO `mydb`.`movies` (`movieId`, `Title`, `length`, `genre`, `rating_rating`, `rentalPrice`, `purchasePrice`) VALUES (221, 'Dialogues with Solzhenitsyn (Uzel)', 4:57:16, 'Documentary', 'NC17', $10.57, $8.96);
INSERT INTO `mydb`.`movies` (`movieId`, `Title`, `length`, `genre`, `rating_rating`, `rentalPrice`, `purchasePrice`) VALUES (222, 'Pornographer, The (Le pornographe)', 4:45:28, 'Drama', 'NC17', $12.10, $13.80);
INSERT INTO `mydb`.`movies` (`movieId`, `Title`, `length`, `genre`, `rating_rating`, `rentalPrice`, `purchasePrice`) VALUES (223, 'Gospel According to St. Matthew, The (Vangelo secondo Matteo, Il)', 3:00:36, 'Drama', 'G', $3.59, $12.24);
INSERT INTO `mydb`.`movies` (`movieId`, `Title`, `length`, `genre`, `rating_rating`, `rentalPrice`, `purchasePrice`) VALUES (224, 'Circus', 4:43:18, 'Comedy|Musical', 'PG13', $12.77, $2.52);
INSERT INTO `mydb`.`movies` (`movieId`, `Title`, `length`, `genre`, `rating_rating`, `rentalPrice`, `purchasePrice`) VALUES (225, 'Barbie: A Perfect Christmas', 0:25:50, 'Animation|Children', 'NC17', $10.31, $13.99);
INSERT INTO `mydb`.`movies` (`movieId`, `Title`, `length`, `genre`, `rating_rating`, `rentalPrice`, `purchasePrice`) VALUES (226, 'This is Martin Bonner', 0:02:25, 'Drama', 'PG13', $12.20, $6.70);
INSERT INTO `mydb`.`movies` (`movieId`, `Title`, `length`, `genre`, `rating_rating`, `rentalPrice`, `purchasePrice`) VALUES (227, 'Cape Fear', 4:30:18, 'Crime|Drama|Thriller', 'NC17', $2.82, $3.80);
INSERT INTO `mydb`.`movies` (`movieId`, `Title`, `length`, `genre`, `rating_rating`, `rentalPrice`, `purchasePrice`) VALUES (228, 'Batman/Superman Movie, The', 3:45:55, 'Action|Adventure|Animation|Children|Fantasy|Sci-Fi', 'G', $7.21, $11.14);
INSERT INTO `mydb`.`movies` (`movieId`, `Title`, `length`, `genre`, `rating_rating`, `rentalPrice`, `purchasePrice`) VALUES (229, 'Beyond the Sea', 3:02:23, 'Drama|Musical', 'R', $7.67, $7.03);
INSERT INTO `mydb`.`movies` (`movieId`, `Title`, `length`, `genre`, `rating_rating`, `rentalPrice`, `purchasePrice`) VALUES (230, 'Sphinx', 4:41:51, 'Mystery|Thriller', 'R', $3.56, $7.82);
INSERT INTO `mydb`.`movies` (`movieId`, `Title`, `length`, `genre`, `rating_rating`, `rentalPrice`, `purchasePrice`) VALUES (231, 'Jail Bait', 3:19:31, 'Crime|Drama', 'R', $5.83, $7.89);
INSERT INTO `mydb`.`movies` (`movieId`, `Title`, `length`, `genre`, `rating_rating`, `rentalPrice`, `purchasePrice`) VALUES (232, 'Bread and Roses', 0:46:56, 'Drama', 'NC17', $14.56, $8.27);
INSERT INTO `mydb`.`movies` (`movieId`, `Title`, `length`, `genre`, `rating_rating`, `rentalPrice`, `purchasePrice`) VALUES (233, 'Happy Ending, The', 0:22:18, 'Drama', 'PG', $6.30, $14.74);
INSERT INTO `mydb`.`movies` (`movieId`, `Title`, `length`, `genre`, `rating_rating`, `rentalPrice`, `purchasePrice`) VALUES (234, 'Harrison\'s Flowers', 1:16:20, 'Drama', 'NC17', $14.07, $13.72);
INSERT INTO `mydb`.`movies` (`movieId`, `Title`, `length`, `genre`, `rating_rating`, `rentalPrice`, `purchasePrice`) VALUES (235, 'Outpost: Black Sun', 0:13:31, 'Action|Horror', 'PG13', $13.95, $5.84);
INSERT INTO `mydb`.`movies` (`movieId`, `Title`, `length`, `genre`, `rating_rating`, `rentalPrice`, `purchasePrice`) VALUES (236, 'Ishaqzaade', 2:48:41, 'Action|Drama|Romance', 'R', $10.27, $2.84);
INSERT INTO `mydb`.`movies` (`movieId`, `Title`, `length`, `genre`, `rating_rating`, `rentalPrice`, `purchasePrice`) VALUES (237, 'Dead End Drive-In', 1:48:43, 'Action|Drama|Horror|Sci-Fi|Thriller', 'PG13', $4.81, $2.63);
INSERT INTO `mydb`.`movies` (`movieId`, `Title`, `length`, `genre`, `rating_rating`, `rentalPrice`, `purchasePrice`) VALUES (238, 'Roman Holiday', 3:00:54, 'Comedy|Drama|Romance', 'PG', $10.24, $4.77);
INSERT INTO `mydb`.`movies` (`movieId`, `Title`, `length`, `genre`, `rating_rating`, `rentalPrice`, `purchasePrice`) VALUES (239, 'Kobe Doin\' Work', 4:15:24, 'Documentary', 'PG13', $5.92, $5.76);
INSERT INTO `mydb`.`movies` (`movieId`, `Title`, `length`, `genre`, `rating_rating`, `rentalPrice`, `purchasePrice`) VALUES (240, 'The Sex and Violence Family Hour', 0:54:09, '(no genres listed)', 'NC17', $7.19, $6.51);
INSERT INTO `mydb`.`movies` (`movieId`, `Title`, `length`, `genre`, `rating_rating`, `rentalPrice`, `purchasePrice`) VALUES (241, 'Cecil B. DeMented', 1:52:09, 'Comedy', 'G', $9.57, $10.26);
INSERT INTO `mydb`.`movies` (`movieId`, `Title`, `length`, `genre`, `rating_rating`, `rentalPrice`, `purchasePrice`) VALUES (242, 'Midnight', 3:15:37, 'Comedy|Romance', 'NC17', $13.99, $6.25);
INSERT INTO `mydb`.`movies` (`movieId`, `Title`, `length`, `genre`, `rating_rating`, `rentalPrice`, `purchasePrice`) VALUES (243, 'SuperBabies: Baby Geniuses 2', 3:24:47, 'Comedy', 'PG', $5.29, $9.65);
INSERT INTO `mydb`.`movies` (`movieId`, `Title`, `length`, `genre`, `rating_rating`, `rentalPrice`, `purchasePrice`) VALUES (244, 'Blackballed: The Bobby Dukes Story', 4:10:36, 'Comedy', 'G', $8.87, $14.79);
INSERT INTO `mydb`.`movies` (`movieId`, `Title`, `length`, `genre`, `rating_rating`, `rentalPrice`, `purchasePrice`) VALUES (245, 'Patton Oswalt: No Reason to Complain', 2:55:20, 'Comedy', 'NC17', $7.58, $4.44);
INSERT INTO `mydb`.`movies` (`movieId`, `Title`, `length`, `genre`, `rating_rating`, `rentalPrice`, `purchasePrice`) VALUES (246, 'Rains Came, The', 2:51:33, 'Adventure|Drama|Romance', 'G', $11.88, $9.85);
INSERT INTO `mydb`.`movies` (`movieId`, `Title`, `length`, `genre`, `rating_rating`, `rentalPrice`, `purchasePrice`) VALUES (247, 'Predator 2', 0:21:34, 'Action|Sci-Fi|Thriller', 'PG', $8.79, $8.06);
INSERT INTO `mydb`.`movies` (`movieId`, `Title`, `length`, `genre`, `rating_rating`, `rentalPrice`, `purchasePrice`) VALUES (248, 'Kumail Nanjiani: Beta Male ', 1:49:50, 'Comedy|Documentary', 'NC17', $4.38, $5.42);
INSERT INTO `mydb`.`movies` (`movieId`, `Title`, `length`, `genre`, `rating_rating`, `rentalPrice`, `purchasePrice`) VALUES (249, 'Good News', 3:58:04, 'Comedy|Musical|Romance', 'PG13', $7.43, $8.09);
INSERT INTO `mydb`.`movies` (`movieId`, `Title`, `length`, `genre`, `rating_rating`, `rentalPrice`, `purchasePrice`) VALUES (250, 'Sissi: The Young Empress (Sissi - Die Junge Kaiserin)', 2:05:56, 'Drama', 'G', $9.17, $8.44);
INSERT INTO `mydb`.`movies` (`movieId`, `Title`, `length`, `genre`, `rating_rating`, `rentalPrice`, `purchasePrice`) VALUES (251, 'Day of the Animals', 3:17:13, 'Horror|Thriller', 'PG13', $11.71, $11.51);
INSERT INTO `mydb`.`movies` (`movieId`, `Title`, `length`, `genre`, `rating_rating`, `rentalPrice`, `purchasePrice`) VALUES (252, 'Misrables, Les', 4:27:01, 'Drama|Musical|Romance|IMAX', 'NC17', $7.55, $11.53);
INSERT INTO `mydb`.`movies` (`movieId`, `Title`, `length`, `genre`, `rating_rating`, `rentalPrice`, `purchasePrice`) VALUES (253, 'Ride the Pink Horse', 1:38:54, 'Drama|Film-Noir|Mystery|Thriller', 'NC17', $9.53, $11.02);
INSERT INTO `mydb`.`movies` (`movieId`, `Title`, `length`, `genre`, `rating_rating`, `rentalPrice`, `purchasePrice`) VALUES (254, 'Bloody Bloody Bible Camp', 1:34:16, 'Comedy|Horror', 'R', $10.33, $4.22);
INSERT INTO `mydb`.`movies` (`movieId`, `Title`, `length`, `genre`, `rating_rating`, `rentalPrice`, `purchasePrice`) VALUES (255, 'Return of Don Camillo, The (Retour de Don Camillo, Le)', 1:03:55, 'Comedy', 'R', $14.66, $12.78);
INSERT INTO `mydb`.`movies` (`movieId`, `Title`, `length`, `genre`, `rating_rating`, `rentalPrice`, `purchasePrice`) VALUES (256, 'Adoration', 0:02:37, 'Drama', 'PG13', $8.27, $2.59);
INSERT INTO `mydb`.`movies` (`movieId`, `Title`, `length`, `genre`, `rating_rating`, `rentalPrice`, `purchasePrice`) VALUES (257, 'This Film Is Not Yet Rated', 0:11:04, 'Documentary', 'PG', $10.33, $4.51);
INSERT INTO `mydb`.`movies` (`movieId`, `Title`, `length`, `genre`, `rating_rating`, `rentalPrice`, `purchasePrice`) VALUES (258, 'World of Apu, The (Apur Sansar)', 3:25:47, 'Drama', 'PG', $9.33, $8.79);
INSERT INTO `mydb`.`movies` (`movieId`, `Title`, `length`, `genre`, `rating_rating`, `rentalPrice`, `purchasePrice`) VALUES (259, 'Magic & Bird: A Courtship of Rivals', 1:38:01, 'Documentary', 'NC17', $4.61, $4.20);
INSERT INTO `mydb`.`movies` (`movieId`, `Title`, `length`, `genre`, `rating_rating`, `rentalPrice`, `purchasePrice`) VALUES (260, 'End of the Line', 4:56:16, 'Horror|Thriller', 'PG', $8.63, $9.46);
INSERT INTO `mydb`.`movies` (`movieId`, `Title`, `length`, `genre`, `rating_rating`, `rentalPrice`, `purchasePrice`) VALUES (261, 'Love, Honour and Obey', 1:20:23, 'Comedy|Crime|Drama', 'R', $5.82, $2.90);
INSERT INTO `mydb`.`movies` (`movieId`, `Title`, `length`, `genre`, `rating_rating`, `rentalPrice`, `purchasePrice`) VALUES (262, 'Halloween 4: The Return of Michael Myers', 4:44:56, 'Horror', 'NC17', $7.31, $8.80);
INSERT INTO `mydb`.`movies` (`movieId`, `Title`, `length`, `genre`, `rating_rating`, `rentalPrice`, `purchasePrice`) VALUES (263, 'China Seas', 3:48:14, 'Action|Adventure|Drama|Romance', 'PG13', $3.46, $14.21);
INSERT INTO `mydb`.`movies` (`movieId`, `Title`, `length`, `genre`, `rating_rating`, `rentalPrice`, `purchasePrice`) VALUES (264, 'In the Midst of Life (Au coeur de la vie)', 2:35:02, 'Drama|War', 'PG', $7.91, $6.01);
INSERT INTO `mydb`.`movies` (`movieId`, `Title`, `length`, `genre`, `rating_rating`, `rentalPrice`, `purchasePrice`) VALUES (265, 'Peck on the Cheek, A (Kannathil Muthamittal)', 4:20:14, 'Drama|War', 'NC17', $2.66, $6.72);
INSERT INTO `mydb`.`movies` (`movieId`, `Title`, `length`, `genre`, `rating_rating`, `rentalPrice`, `purchasePrice`) VALUES (266, 'Cop in Drag', 2:17:56, 'Comedy|Crime|Drama', 'PG', $14.04, $7.34);
INSERT INTO `mydb`.`movies` (`movieId`, `Title`, `length`, `genre`, `rating_rating`, `rentalPrice`, `purchasePrice`) VALUES (267, 'Deception', 2:59:46, 'Action|Drama|Thriller', 'PG13', $10.63, $9.84);
INSERT INTO `mydb`.`movies` (`movieId`, `Title`, `length`, `genre`, `rating_rating`, `rentalPrice`, `purchasePrice`) VALUES (268, 'Cyborg Girl (Boku no kanojo wa saibgu)', 2:54:06, 'Action|Comedy|Romance|Sci-Fi', 'PG', $14.19, $7.71);
INSERT INTO `mydb`.`movies` (`movieId`, `Title`, `length`, `genre`, `rating_rating`, `rentalPrice`, `purchasePrice`) VALUES (269, 'Villa Rides!', 4:38:56, 'War|Western', 'R', $14.00, $7.23);
INSERT INTO `mydb`.`movies` (`movieId`, `Title`, `length`, `genre`, `rating_rating`, `rentalPrice`, `purchasePrice`) VALUES (270, 'Bugmaster (Mushishi)', 0:03:59, 'Fantasy', 'NC17', $8.30, $4.47);
INSERT INTO `mydb`.`movies` (`movieId`, `Title`, `length`, `genre`, `rating_rating`, `rentalPrice`, `purchasePrice`) VALUES (271, 'Brother (Hermano)', 0:29:08, 'Drama', 'PG13', $3.83, $6.88);
INSERT INTO `mydb`.`movies` (`movieId`, `Title`, `length`, `genre`, `rating_rating`, `rentalPrice`, `purchasePrice`) VALUES (272, 'Great World of Sound', 4:55:16, 'Comedy', 'NC17', $13.38, $6.57);
INSERT INTO `mydb`.`movies` (`movieId`, `Title`, `length`, `genre`, `rating_rating`, `rentalPrice`, `purchasePrice`) VALUES (273, 'Leech Woman, The', 2:24:15, 'Horror|Sci-Fi', 'PG13', $11.08, $11.49);
INSERT INTO `mydb`.`movies` (`movieId`, `Title`, `length`, `genre`, `rating_rating`, `rentalPrice`, `purchasePrice`) VALUES (274, 'Don\'t You Forget About Me', 1:35:28, 'Documentary', 'NC17', $6.46, $3.80);
INSERT INTO `mydb`.`movies` (`movieId`, `Title`, `length`, `genre`, `rating_rating`, `rentalPrice`, `purchasePrice`) VALUES (275, 'Stoker', 2:44:19, 'Drama|Mystery|Thriller', 'R', $11.86, $10.79);
INSERT INTO `mydb`.`movies` (`movieId`, `Title`, `length`, `genre`, `rating_rating`, `rentalPrice`, `purchasePrice`) VALUES (276, 'Balzac and the Little Chinese Seamstress (Xiao cai feng)', 3:58:46, 'Drama|Romance', 'G', $7.12, $2.99);
INSERT INTO `mydb`.`movies` (`movieId`, `Title`, `length`, `genre`, `rating_rating`, `rentalPrice`, `purchasePrice`) VALUES (277, 'Iron Horse, The', 0:44:43, 'Western', 'PG13', $2.85, $6.67);
INSERT INTO `mydb`.`movies` (`movieId`, `Title`, `length`, `genre`, `rating_rating`, `rentalPrice`, `purchasePrice`) VALUES (278, 'Pit, The', 2:59:36, 'Horror', 'NC17', $12.36, $4.49);
INSERT INTO `mydb`.`movies` (`movieId`, `Title`, `length`, `genre`, `rating_rating`, `rentalPrice`, `purchasePrice`) VALUES (279, 'Shirin in Love', 1:40:04, 'Comedy|Romance', 'G', $5.37, $12.95);
INSERT INTO `mydb`.`movies` (`movieId`, `Title`, `length`, `genre`, `rating_rating`, `rentalPrice`, `purchasePrice`) VALUES (280, 'Hours', 4:54:48, 'Drama|Thriller', 'NC17', $11.41, $6.16);
INSERT INTO `mydb`.`movies` (`movieId`, `Title`, `length`, `genre`, `rating_rating`, `rentalPrice`, `purchasePrice`) VALUES (281, 'Disfigured', 3:03:36, 'Drama', 'R', $12.38, $9.17);
INSERT INTO `mydb`.`movies` (`movieId`, `Title`, `length`, `genre`, `rating_rating`, `rentalPrice`, `purchasePrice`) VALUES (282, 'Dimples', 4:45:11, 'Musical', 'NC17', $9.23, $5.87);
INSERT INTO `mydb`.`movies` (`movieId`, `Title`, `length`, `genre`, `rating_rating`, `rentalPrice`, `purchasePrice`) VALUES (283, 'Bride of the Wind', 4:14:46, 'Drama|Musical|Romance', 'NC17', $4.74, $4.09);
INSERT INTO `mydb`.`movies` (`movieId`, `Title`, `length`, `genre`, `rating_rating`, `rentalPrice`, `purchasePrice`) VALUES (284, 'Oscar and the Lady in Pink', 0:51:00, 'Drama', 'NC17', $2.18, $3.16);
INSERT INTO `mydb`.`movies` (`movieId`, `Title`, `length`, `genre`, `rating_rating`, `rentalPrice`, `purchasePrice`) VALUES (285, 'Computer Chess', 2:09:53, 'Comedy', 'G', $12.07, $5.14);
INSERT INTO `mydb`.`movies` (`movieId`, `Title`, `length`, `genre`, `rating_rating`, `rentalPrice`, `purchasePrice`) VALUES (286, 'Chalet Girl', 1:15:56, 'Comedy|Romance', 'PG13', $12.78, $6.82);
INSERT INTO `mydb`.`movies` (`movieId`, `Title`, `length`, `genre`, `rating_rating`, `rentalPrice`, `purchasePrice`) VALUES (287, 'Days and Nights in the Forest (Aranyer Din Ratri)', 4:26:14, 'Drama', 'NC17', $12.01, $4.10);
INSERT INTO `mydb`.`movies` (`movieId`, `Title`, `length`, `genre`, `rating_rating`, `rentalPrice`, `purchasePrice`) VALUES (288, 'Rustlers\' Rhapsody', 1:11:52, 'Comedy|Western', 'PG', $8.69, $2.19);
INSERT INTO `mydb`.`movies` (`movieId`, `Title`, `length`, `genre`, `rating_rating`, `rentalPrice`, `purchasePrice`) VALUES (289, 'Algiers', 4:37:21, 'Drama|Romance', 'NC17', $6.71, $14.18);
INSERT INTO `mydb`.`movies` (`movieId`, `Title`, `length`, `genre`, `rating_rating`, `rentalPrice`, `purchasePrice`) VALUES (290, 'Green Dragon', 1:00:54, 'Drama', 'PG', $3.35, $10.98);
INSERT INTO `mydb`.`movies` (`movieId`, `Title`, `length`, `genre`, `rating_rating`, `rentalPrice`, `purchasePrice`) VALUES (291, 'Delta of Venus', 0:09:52, 'Drama', 'R', $14.44, $4.06);
INSERT INTO `mydb`.`movies` (`movieId`, `Title`, `length`, `genre`, `rating_rating`, `rentalPrice`, `purchasePrice`) VALUES (292, 'Agnes of God', 1:29:02, 'Drama|Mystery', 'R', $12.49, $12.81);
INSERT INTO `mydb`.`movies` (`movieId`, `Title`, `length`, `genre`, `rating_rating`, `rentalPrice`, `purchasePrice`) VALUES (293, 'Blue Swallow (Cheong yeon)', 4:31:35, 'Drama|Romance', 'G', $2.70, $9.01);
INSERT INTO `mydb`.`movies` (`movieId`, `Title`, `length`, `genre`, `rating_rating`, `rentalPrice`, `purchasePrice`) VALUES (294, 'Experts, The', 1:25:30, 'Comedy', 'R', $2.88, $4.46);
INSERT INTO `mydb`.`movies` (`movieId`, `Title`, `length`, `genre`, `rating_rating`, `rentalPrice`, `purchasePrice`) VALUES (295, 'Baraka', 2:40:58, 'Documentary', 'NC17', $4.92, $9.03);
INSERT INTO `mydb`.`movies` (`movieId`, `Title`, `length`, `genre`, `rating_rating`, `rentalPrice`, `purchasePrice`) VALUES (296, 'Get Out Your Handkerchiefs (Prparez vos mouchoirs)', 2:00:43, 'Comedy|Drama|Romance', 'PG', $4.25, $13.53);
INSERT INTO `mydb`.`movies` (`movieId`, `Title`, `length`, `genre`, `rating_rating`, `rentalPrice`, `purchasePrice`) VALUES (297, 'O ltimo Mergulho', 4:35:52, 'Drama', 'G', $4.99, $6.16);
INSERT INTO `mydb`.`movies` (`movieId`, `Title`, `length`, `genre`, `rating_rating`, `rentalPrice`, `purchasePrice`) VALUES (298, 'Vive L\'Amour (Ai qing wan sui)', 0:16:11, 'Drama', 'PG13', $6.22, $12.50);
INSERT INTO `mydb`.`movies` (`movieId`, `Title`, `length`, `genre`, `rating_rating`, `rentalPrice`, `purchasePrice`) VALUES (299, 'Devil\'s Backbone, The (Espinazo del diablo, El)', 3:16:31, 'Drama|Fantasy|Horror|Thriller|War', 'R', $6.05, $4.72);
INSERT INTO `mydb`.`movies` (`movieId`, `Title`, `length`, `genre`, `rating_rating`, `rentalPrice`, `purchasePrice`) VALUES (300, 'Child, The (L\'enfant)', 4:49:58, 'Crime|Drama', 'R', $7.86, $3.88);
INSERT INTO `mydb`.`movies` (`movieId`, `Title`, `length`, `genre`, `rating_rating`, `rentalPrice`, `purchasePrice`) VALUES (301, 'Thrill Ride: The Science of Fun', 1:16:02, 'Adventure|Documentary|IMAX', 'G', $3.65, $12.80);
INSERT INTO `mydb`.`movies` (`movieId`, `Title`, `length`, `genre`, `rating_rating`, `rentalPrice`, `purchasePrice`) VALUES (302, 'Core, The', 4:19:49, 'Action|Drama|Sci-Fi|Thriller', 'R', $12.30, $6.02);
INSERT INTO `mydb`.`movies` (`movieId`, `Title`, `length`, `genre`, `rating_rating`, `rentalPrice`, `purchasePrice`) VALUES (303, 'Time Bandits', 4:06:12, 'Adventure|Comedy|Fantasy|Sci-Fi', 'G', $6.76, $10.79);
INSERT INTO `mydb`.`movies` (`movieId`, `Title`, `length`, `genre`, `rating_rating`, `rentalPrice`, `purchasePrice`) VALUES (304, 'Rick', 3:16:07, 'Comedy|Drama', 'G', $11.83, $11.39);
INSERT INTO `mydb`.`movies` (`movieId`, `Title`, `length`, `genre`, `rating_rating`, `rentalPrice`, `purchasePrice`) VALUES (305, 'Deadly Circuit (Mortelle randonne)', 1:43:44, 'Crime|Mystery|Thriller', 'PG', $12.66, $5.23);
INSERT INTO `mydb`.`movies` (`movieId`, `Title`, `length`, `genre`, `rating_rating`, `rentalPrice`, `purchasePrice`) VALUES (306, 'Seven Thieves', 4:37:03, 'Crime|Drama', 'PG', $11.08, $4.44);
INSERT INTO `mydb`.`movies` (`movieId`, `Title`, `length`, `genre`, `rating_rating`, `rentalPrice`, `purchasePrice`) VALUES (307, 'Wolf Creek', 0:46:56, 'Crime|Horror|Thriller', 'PG', $11.34, $10.31);
INSERT INTO `mydb`.`movies` (`movieId`, `Title`, `length`, `genre`, `rating_rating`, `rentalPrice`, `purchasePrice`) VALUES (308, 'Top of the Food Chain (a.k.a. Invasion!)', 3:13:15, 'Comedy|Horror|Sci-Fi', 'G', $4.89, $12.08);
INSERT INTO `mydb`.`movies` (`movieId`, `Title`, `length`, `genre`, `rating_rating`, `rentalPrice`, `purchasePrice`) VALUES (309, 'Private War of Major Benson, The', 3:11:53, 'Children|Comedy|Romance', 'PG13', $7.10, $9.88);
INSERT INTO `mydb`.`movies` (`movieId`, `Title`, `length`, `genre`, `rating_rating`, `rentalPrice`, `purchasePrice`) VALUES (310, 'Lifeguard', 1:04:01, 'Comedy|Drama', 'PG13', $13.68, $7.02);
INSERT INTO `mydb`.`movies` (`movieId`, `Title`, `length`, `genre`, `rating_rating`, `rentalPrice`, `purchasePrice`) VALUES (311, 'Kap', 3:00:12, 'Drama|War', 'PG13', $7.45, $9.23);
INSERT INTO `mydb`.`movies` (`movieId`, `Title`, `length`, `genre`, `rating_rating`, `rentalPrice`, `purchasePrice`) VALUES (312, 'American Pie 2', 2:08:09, 'Comedy', 'PG13', $2.81, $12.21);
INSERT INTO `mydb`.`movies` (`movieId`, `Title`, `length`, `genre`, `rating_rating`, `rentalPrice`, `purchasePrice`) VALUES (313, 'Thing, The', 3:18:11, 'Horror|Mystery|Sci-Fi|Thriller', 'G', $14.66, $6.34);
INSERT INTO `mydb`.`movies` (`movieId`, `Title`, `length`, `genre`, `rating_rating`, `rentalPrice`, `purchasePrice`) VALUES (314, 'People of the Wind', 2:22:15, 'Documentary', 'PG', $8.77, $4.49);
INSERT INTO `mydb`.`movies` (`movieId`, `Title`, `length`, `genre`, `rating_rating`, `rentalPrice`, `purchasePrice`) VALUES (315, 'Art of Crying, The (Kunsten at grde i kor)', 4:26:40, 'Drama', 'PG13', $14.47, $4.79);
INSERT INTO `mydb`.`movies` (`movieId`, `Title`, `length`, `genre`, `rating_rating`, `rentalPrice`, `purchasePrice`) VALUES (316, 'Proxy', 0:41:17, 'Drama|Horror|Thriller', 'PG13', $3.37, $7.14);
INSERT INTO `mydb`.`movies` (`movieId`, `Title`, `length`, `genre`, `rating_rating`, `rentalPrice`, `purchasePrice`) VALUES (317, 'Like Father, Like Son', 3:56:38, 'Comedy', 'NC17', $2.28, $14.86);
INSERT INTO `mydb`.`movies` (`movieId`, `Title`, `length`, `genre`, `rating_rating`, `rentalPrice`, `purchasePrice`) VALUES (318, 'Prince & Me, The', 3:54:13, 'Comedy|Romance', 'G', $7.40, $14.32);
INSERT INTO `mydb`.`movies` (`movieId`, `Title`, `length`, `genre`, `rating_rating`, `rentalPrice`, `purchasePrice`) VALUES (319, 'Rolling Family (Familia rodante)', 0:00:11, 'Comedy|Drama', 'PG', $11.72, $14.81);
INSERT INTO `mydb`.`movies` (`movieId`, `Title`, `length`, `genre`, `rating_rating`, `rentalPrice`, `purchasePrice`) VALUES (320, 'The Corsican Brothers', 1:36:59, 'Adventure', 'NC17', $3.96, $6.09);
INSERT INTO `mydb`.`movies` (`movieId`, `Title`, `length`, `genre`, `rating_rating`, `rentalPrice`, `purchasePrice`) VALUES (321, 'Tortured, The', 3:10:04, 'Horror|Thriller', 'PG13', $14.19, $4.65);
INSERT INTO `mydb`.`movies` (`movieId`, `Title`, `length`, `genre`, `rating_rating`, `rentalPrice`, `purchasePrice`) VALUES (322, 'Take Me Out to the Ball Game', 3:12:36, 'Comedy|Musical|Romance', 'G', $6.52, $8.13);
INSERT INTO `mydb`.`movies` (`movieId`, `Title`, `length`, `genre`, `rating_rating`, `rentalPrice`, `purchasePrice`) VALUES (323, 'Born in East L.A.', 4:12:49, 'Comedy', 'PG13', $14.00, $7.55);
INSERT INTO `mydb`.`movies` (`movieId`, `Title`, `length`, `genre`, `rating_rating`, `rentalPrice`, `purchasePrice`) VALUES (324, 'Incredible Shrinking Woman, The', 0:57:09, 'Comedy|Sci-Fi', 'NC17', $14.69, $5.86);
INSERT INTO `mydb`.`movies` (`movieId`, `Title`, `length`, `genre`, `rating_rating`, `rentalPrice`, `purchasePrice`) VALUES (325, 'Sisters of the Gion (Gion no shimai)', 1:32:59, 'Drama', 'R', $3.19, $13.75);
INSERT INTO `mydb`.`movies` (`movieId`, `Title`, `length`, `genre`, `rating_rating`, `rentalPrice`, `purchasePrice`) VALUES (326, 'August (Elokuu) ', 1:30:05, 'Drama', 'PG', $2.17, $6.35);
INSERT INTO `mydb`.`movies` (`movieId`, `Title`, `length`, `genre`, `rating_rating`, `rentalPrice`, `purchasePrice`) VALUES (327, 'Perfect Game, The', 4:50:58, 'Drama', 'PG13', $2.04, $2.20);
INSERT INTO `mydb`.`movies` (`movieId`, `Title`, `length`, `genre`, `rating_rating`, `rentalPrice`, `purchasePrice`) VALUES (328, 'Izo', 0:12:05, 'Action|Drama|Fantasy|Horror|Thriller|War', 'G', $13.68, $8.76);
INSERT INTO `mydb`.`movies` (`movieId`, `Title`, `length`, `genre`, `rating_rating`, `rentalPrice`, `purchasePrice`) VALUES (329, 'Medicine for Melancholy', 1:53:17, 'Drama|Romance', 'PG13', $9.42, $9.40);
INSERT INTO `mydb`.`movies` (`movieId`, `Title`, `length`, `genre`, `rating_rating`, `rentalPrice`, `purchasePrice`) VALUES (330, 'Grass: A Nation\'s Battle for Life', 0:48:01, 'Documentary', 'R', $6.19, $7.91);
INSERT INTO `mydb`.`movies` (`movieId`, `Title`, `length`, `genre`, `rating_rating`, `rentalPrice`, `purchasePrice`) VALUES (331, 'Enemies of Reason, The', 0:33:21, 'Documentary', 'PG', $10.45, $2.93);
INSERT INTO `mydb`.`movies` (`movieId`, `Title`, `length`, `genre`, `rating_rating`, `rentalPrice`, `purchasePrice`) VALUES (332, 'Les Lyonnais', 2:52:41, 'Drama|Thriller', 'PG13', $9.38, $12.25);
INSERT INTO `mydb`.`movies` (`movieId`, `Title`, `length`, `genre`, `rating_rating`, `rentalPrice`, `purchasePrice`) VALUES (333, 'Beyond the Forest', 2:59:38, 'Drama|Film-Noir|Thriller', 'G', $6.05, $4.00);
INSERT INTO `mydb`.`movies` (`movieId`, `Title`, `length`, `genre`, `rating_rating`, `rentalPrice`, `purchasePrice`) VALUES (334, 'Ascent of Money, The', 3:10:31, 'Documentary', 'R', $6.06, $4.74);
INSERT INTO `mydb`.`movies` (`movieId`, `Title`, `length`, `genre`, `rating_rating`, `rentalPrice`, `purchasePrice`) VALUES (335, 'Disorderly Orderly, The', 1:32:56, 'Comedy|Romance', 'G', $7.82, $5.17);
INSERT INTO `mydb`.`movies` (`movieId`, `Title`, `length`, `genre`, `rating_rating`, `rentalPrice`, `purchasePrice`) VALUES (336, 'Small Cuts (Petites coupures)', 2:58:52, 'Drama|Romance', 'NC17', $9.19, $7.37);
INSERT INTO `mydb`.`movies` (`movieId`, `Title`, `length`, `genre`, `rating_rating`, `rentalPrice`, `purchasePrice`) VALUES (337, 'Operation Ganymed', 2:00:40, 'Sci-Fi', 'R', $3.32, $4.75);
INSERT INTO `mydb`.`movies` (`movieId`, `Title`, `length`, `genre`, `rating_rating`, `rentalPrice`, `purchasePrice`) VALUES (338, 'Light the Fuse... Sartana Is Coming', 4:19:36, 'Western', 'PG', $5.86, $11.72);
INSERT INTO `mydb`.`movies` (`movieId`, `Title`, `length`, `genre`, `rating_rating`, `rentalPrice`, `purchasePrice`) VALUES (339, 'The Big Shave', 0:42:35, 'Drama|Horror', 'NC17', $13.01, $4.71);
INSERT INTO `mydb`.`movies` (`movieId`, `Title`, `length`, `genre`, `rating_rating`, `rentalPrice`, `purchasePrice`) VALUES (340, 'Battle Circus', 1:28:17, 'Drama|Romance|War', 'R', $10.30, $8.18);
INSERT INTO `mydb`.`movies` (`movieId`, `Title`, `length`, `genre`, `rating_rating`, `rentalPrice`, `purchasePrice`) VALUES (341, 'Dungeonmaster, The', 1:27:51, 'Fantasy|Horror|Sci-Fi', 'G', $10.36, $3.19);
INSERT INTO `mydb`.`movies` (`movieId`, `Title`, `length`, `genre`, `rating_rating`, `rentalPrice`, `purchasePrice`) VALUES (342, 'Devil Times Five (a.k.a. Peopletoys)', 4:51:51, 'Horror', 'PG', $12.98, $8.56);
INSERT INTO `mydb`.`movies` (`movieId`, `Title`, `length`, `genre`, `rating_rating`, `rentalPrice`, `purchasePrice`) VALUES (343, 'Naked Ambition: An R Rated Look at an X Rated Industry ', 3:04:42, 'Documentary', 'PG', $14.35, $8.93);
INSERT INTO `mydb`.`movies` (`movieId`, `Title`, `length`, `genre`, `rating_rating`, `rentalPrice`, `purchasePrice`) VALUES (344, 'Scream 2', 1:09:34, 'Comedy|Horror|Mystery|Thriller', 'G', $2.58, $10.23);
INSERT INTO `mydb`.`movies` (`movieId`, `Title`, `length`, `genre`, `rating_rating`, `rentalPrice`, `purchasePrice`) VALUES (345, 'New Best Friend', 2:09:02, 'Drama|Thriller', 'NC17', $13.52, $2.06);
INSERT INTO `mydb`.`movies` (`movieId`, `Title`, `length`, `genre`, `rating_rating`, `rentalPrice`, `purchasePrice`) VALUES (346, 'Jnssonligan fr guldfeber', 3:18:22, 'Comedy', 'G', $4.84, $7.34);
INSERT INTO `mydb`.`movies` (`movieId`, `Title`, `length`, `genre`, `rating_rating`, `rentalPrice`, `purchasePrice`) VALUES (347, 'Servant, The', 0:54:17, 'Drama', 'PG', $7.95, $11.59);
INSERT INTO `mydb`.`movies` (`movieId`, `Title`, `length`, `genre`, `rating_rating`, `rentalPrice`, `purchasePrice`) VALUES (348, 'Trials of Henry Kissinger, The', 1:01:24, 'Documentary', 'NC17', $7.96, $14.29);
INSERT INTO `mydb`.`movies` (`movieId`, `Title`, `length`, `genre`, `rating_rating`, `rentalPrice`, `purchasePrice`) VALUES (349, 'Theatre of Blood', 1:53:35, 'Comedy|Horror|Mystery', 'NC17', $9.33, $12.69);
INSERT INTO `mydb`.`movies` (`movieId`, `Title`, `length`, `genre`, `rating_rating`, `rentalPrice`, `purchasePrice`) VALUES (350, 'Standing Up', 2:12:13, 'Adventure|Children', 'R', $12.92, $7.96);
INSERT INTO `mydb`.`movies` (`movieId`, `Title`, `length`, `genre`, `rating_rating`, `rentalPrice`, `purchasePrice`) VALUES (351, 'Mesrine: Killer Instinct (L\'instinct de mort)', 0:49:35, 'Action|Crime|Drama|Thriller', 'G', $12.11, $11.33);
INSERT INTO `mydb`.`movies` (`movieId`, `Title`, `length`, `genre`, `rating_rating`, `rentalPrice`, `purchasePrice`) VALUES (352, 'Never Take Candy from a Stranger (Never Take Sweets from a Stranger)', 4:41:24, 'Drama|Thriller', 'G', $6.53, $4.86);
INSERT INTO `mydb`.`movies` (`movieId`, `Title`, `length`, `genre`, `rating_rating`, `rentalPrice`, `purchasePrice`) VALUES (353, 'Shout', 4:35:23, 'Drama', 'NC17', $3.46, $9.41);
INSERT INTO `mydb`.`movies` (`movieId`, `Title`, `length`, `genre`, `rating_rating`, `rentalPrice`, `purchasePrice`) VALUES (354, 'Nicholas on Holiday', 4:53:59, 'Comedy', 'G', $14.53, $2.01);
INSERT INTO `mydb`.`movies` (`movieId`, `Title`, `length`, `genre`, `rating_rating`, `rentalPrice`, `purchasePrice`) VALUES (355, 'The Bloodstained Butterfly', 3:06:21, 'Mystery|Thriller', 'G', $7.89, $7.67);
INSERT INTO `mydb`.`movies` (`movieId`, `Title`, `length`, `genre`, `rating_rating`, `rentalPrice`, `purchasePrice`) VALUES (356, 'Too Late Blues', 4:55:34, 'Drama', 'G', $11.24, $3.08);
INSERT INTO `mydb`.`movies` (`movieId`, `Title`, `length`, `genre`, `rating_rating`, `rentalPrice`, `purchasePrice`) VALUES (357, 'Sukiyaki Western Django', 4:39:36, 'Action|Western', 'G', $10.14, $12.09);
INSERT INTO `mydb`.`movies` (`movieId`, `Title`, `length`, `genre`, `rating_rating`, `rentalPrice`, `purchasePrice`) VALUES (358, 'True Lies', 1:30:17, 'Action|Adventure|Comedy|Romance|Thriller', 'NC17', $6.01, $12.69);
INSERT INTO `mydb`.`movies` (`movieId`, `Title`, `length`, `genre`, `rating_rating`, `rentalPrice`, `purchasePrice`) VALUES (359, 'Johns', 1:57:23, 'Drama', 'R', $14.17, $5.04);
INSERT INTO `mydb`.`movies` (`movieId`, `Title`, `length`, `genre`, `rating_rating`, `rentalPrice`, `purchasePrice`) VALUES (360, 'H.O.T.S.', 2:46:35, 'Comedy', 'PG13', $12.06, $6.47);
INSERT INTO `mydb`.`movies` (`movieId`, `Title`, `length`, `genre`, `rating_rating`, `rentalPrice`, `purchasePrice`) VALUES (361, 'The Man Who Could Cheat Death', 2:08:14, 'Horror|Sci-Fi', 'PG13', $2.60, $14.48);
INSERT INTO `mydb`.`movies` (`movieId`, `Title`, `length`, `genre`, `rating_rating`, `rentalPrice`, `purchasePrice`) VALUES (362, 'X-Files: I Want to Believe, The', 0:37:23, 'Drama|Mystery|Sci-Fi|Thriller', 'R', $9.90, $14.46);
INSERT INTO `mydb`.`movies` (`movieId`, `Title`, `length`, `genre`, `rating_rating`, `rentalPrice`, `purchasePrice`) VALUES (363, 'Mrs. Brown (a.k.a. Her Majesty, Mrs. Brown)', 1:57:15, 'Drama|Romance', 'PG', $12.97, $4.00);
INSERT INTO `mydb`.`movies` (`movieId`, `Title`, `length`, `genre`, `rating_rating`, `rentalPrice`, `purchasePrice`) VALUES (364, 'Hell', 4:20:05, 'Horror|Sci-Fi|Thriller', 'PG13', $13.72, $7.22);
INSERT INTO `mydb`.`movies` (`movieId`, `Title`, `length`, `genre`, `rating_rating`, `rentalPrice`, `purchasePrice`) VALUES (365, 'End of the Affair, The', 3:09:18, 'Drama', 'R', $7.71, $2.11);
INSERT INTO `mydb`.`movies` (`movieId`, `Title`, `length`, `genre`, `rating_rating`, `rentalPrice`, `purchasePrice`) VALUES (366, 'Splinter', 3:55:32, 'Action|Horror|Thriller', 'R', $7.12, $4.07);
INSERT INTO `mydb`.`movies` (`movieId`, `Title`, `length`, `genre`, `rating_rating`, `rentalPrice`, `purchasePrice`) VALUES (367, 'The Hire: Hostage', 0:26:05, 'Action|Adventure|Crime|Thriller', 'NC17', $5.91, $9.40);
INSERT INTO `mydb`.`movies` (`movieId`, `Title`, `length`, `genre`, `rating_rating`, `rentalPrice`, `purchasePrice`) VALUES (368, 'And While We Were Here', 3:31:17, 'Drama', 'PG', $13.06, $11.38);
INSERT INTO `mydb`.`movies` (`movieId`, `Title`, `length`, `genre`, `rating_rating`, `rentalPrice`, `purchasePrice`) VALUES (369, 'Into the Woods', 4:24:40, 'Children|Comedy|Fantasy|Musical', 'G', $10.44, $4.73);
INSERT INTO `mydb`.`movies` (`movieId`, `Title`, `length`, `genre`, `rating_rating`, `rentalPrice`, `purchasePrice`) VALUES (370, 'Conan the Barbarian', 0:05:06, 'Action|Adventure|Fantasy', 'R', $4.77, $13.01);
INSERT INTO `mydb`.`movies` (`movieId`, `Title`, `length`, `genre`, `rating_rating`, `rentalPrice`, `purchasePrice`) VALUES (371, 'Bill Burr: Why Do I Do This?', 1:56:34, 'Comedy', 'NC17', $14.56, $11.59);
INSERT INTO `mydb`.`movies` (`movieId`, `Title`, `length`, `genre`, `rating_rating`, `rentalPrice`, `purchasePrice`) VALUES (372, 'Red: Werewolf Hunter', 2:39:18, 'Action|Fantasy|Horror', 'PG', $4.48, $8.71);
INSERT INTO `mydb`.`movies` (`movieId`, `Title`, `length`, `genre`, `rating_rating`, `rentalPrice`, `purchasePrice`) VALUES (373, 'Amber Lake ', 1:51:20, 'Drama|Thriller', 'R', $9.39, $11.33);
INSERT INTO `mydb`.`movies` (`movieId`, `Title`, `length`, `genre`, `rating_rating`, `rentalPrice`, `purchasePrice`) VALUES (374, 'No Logo', 4:37:46, 'Documentary', 'G', $14.06, $2.56);
INSERT INTO `mydb`.`movies` (`movieId`, `Title`, `length`, `genre`, `rating_rating`, `rentalPrice`, `purchasePrice`) VALUES (375, 'Dylan Dog: Dead of Night', 4:10:22, 'Comedy|Horror|Mystery|Thriller', 'G', $3.59, $9.34);
INSERT INTO `mydb`.`movies` (`movieId`, `Title`, `length`, `genre`, `rating_rating`, `rentalPrice`, `purchasePrice`) VALUES (376, 'William Vincent (Shadows and Lies)', 2:04:58, 'Drama', 'PG13', $4.61, $2.97);
INSERT INTO `mydb`.`movies` (`movieId`, `Title`, `length`, `genre`, `rating_rating`, `rentalPrice`, `purchasePrice`) VALUES (377, 'Stephen Tobolowsky\'s Birthday Party', 3:46:49, 'Comedy|Documentary|Drama', 'R', $7.33, $7.88);
INSERT INTO `mydb`.`movies` (`movieId`, `Title`, `length`, `genre`, `rating_rating`, `rentalPrice`, `purchasePrice`) VALUES (378, 'Stevie Nicks: Live at Red Rocks', 0:57:31, 'Documentary|Musical', 'G', $6.52, $4.62);
INSERT INTO `mydb`.`movies` (`movieId`, `Title`, `length`, `genre`, `rating_rating`, `rentalPrice`, `purchasePrice`) VALUES (379, 'Free Ride', 4:50:59, 'Action|Drama|Thriller', 'PG', $8.73, $8.44);
INSERT INTO `mydb`.`movies` (`movieId`, `Title`, `length`, `genre`, `rating_rating`, `rentalPrice`, `purchasePrice`) VALUES (380, 'Hells Angels on Wheels', 4:46:07, 'Drama', 'G', $13.67, $9.27);
INSERT INTO `mydb`.`movies` (`movieId`, `Title`, `length`, `genre`, `rating_rating`, `rentalPrice`, `purchasePrice`) VALUES (381, 'Mission: Impossible', 4:36:21, 'Action|Adventure|Mystery|Thriller', 'R', $8.81, $11.80);
INSERT INTO `mydb`.`movies` (`movieId`, `Title`, `length`, `genre`, `rating_rating`, `rentalPrice`, `purchasePrice`) VALUES (382, 'Marked Woman', 4:31:55, 'Crime|Drama|Film-Noir', 'NC17', $3.94, $6.21);
INSERT INTO `mydb`.`movies` (`movieId`, `Title`, `length`, `genre`, `rating_rating`, `rentalPrice`, `purchasePrice`) VALUES (383, 'Penny Serenade', 3:29:49, 'Drama|Romance', 'PG13', $8.17, $5.84);
INSERT INTO `mydb`.`movies` (`movieId`, `Title`, `length`, `genre`, `rating_rating`, `rentalPrice`, `purchasePrice`) VALUES (384, 'Game of Werewolves', 1:15:13, 'Comedy|Horror', 'G', $11.08, $2.26);
INSERT INTO `mydb`.`movies` (`movieId`, `Title`, `length`, `genre`, `rating_rating`, `rentalPrice`, `purchasePrice`) VALUES (385, 'Model Couple, The (Le couple tmoin)', 0:30:43, 'Comedy', 'PG13', $9.22, $3.96);
INSERT INTO `mydb`.`movies` (`movieId`, `Title`, `length`, `genre`, `rating_rating`, `rentalPrice`, `purchasePrice`) VALUES (386, 'Pallbearer, The', 4:32:14, 'Comedy', 'R', $5.02, $11.44);
INSERT INTO `mydb`.`movies` (`movieId`, `Title`, `length`, `genre`, `rating_rating`, `rentalPrice`, `purchasePrice`) VALUES (387, 'Welcome to the Sticks (Bienvenue chez les Ch\'tis)', 4:47:04, 'Comedy', 'R', $2.19, $14.25);
INSERT INTO `mydb`.`movies` (`movieId`, `Title`, `length`, `genre`, `rating_rating`, `rentalPrice`, `purchasePrice`) VALUES (388, 'Puff, Puff, Pass', 2:02:53, 'Comedy', 'NC17', $14.14, $10.45);
INSERT INTO `mydb`.`movies` (`movieId`, `Title`, `length`, `genre`, `rating_rating`, `rentalPrice`, `purchasePrice`) VALUES (389, 'That\'s Entertainment', 0:19:31, 'Documentary', 'PG', $7.19, $10.23);
INSERT INTO `mydb`.`movies` (`movieId`, `Title`, `length`, `genre`, `rating_rating`, `rentalPrice`, `purchasePrice`) VALUES (390, 'Donkey Xote', 2:18:11, 'Animation', 'NC17', $11.19, $14.29);
INSERT INTO `mydb`.`movies` (`movieId`, `Title`, `length`, `genre`, `rating_rating`, `rentalPrice`, `purchasePrice`) VALUES (391, 'Zuzu Angel', 4:05:42, 'Drama', 'NC17', $13.01, $6.72);
INSERT INTO `mydb`.`movies` (`movieId`, `Title`, `length`, `genre`, `rating_rating`, `rentalPrice`, `purchasePrice`) VALUES (392, 'Brooklyn\'s Finest', 3:08:45, 'Crime|Drama|Thriller', 'G', $7.71, $11.20);
INSERT INTO `mydb`.`movies` (`movieId`, `Title`, `length`, `genre`, `rating_rating`, `rentalPrice`, `purchasePrice`) VALUES (393, 'President\'s Man, The', 4:49:57, 'Action|Adventure|Thriller', 'PG13', $8.33, $5.93);
INSERT INTO `mydb`.`movies` (`movieId`, `Title`, `length`, `genre`, `rating_rating`, `rentalPrice`, `purchasePrice`) VALUES (394, 'The Call of the Wild', 4:06:57, 'Adventure|Children', 'G', $9.06, $4.87);
INSERT INTO `mydb`.`movies` (`movieId`, `Title`, `length`, `genre`, `rating_rating`, `rentalPrice`, `purchasePrice`) VALUES (395, 'At Home by Myself... with You', 1:25:21, 'Comedy|Romance', 'R', $5.73, $10.25);
INSERT INTO `mydb`.`movies` (`movieId`, `Title`, `length`, `genre`, `rating_rating`, `rentalPrice`, `purchasePrice`) VALUES (396, 'Dames', 4:34:11, 'Comedy|Musical', 'PG13', $5.66, $13.94);
INSERT INTO `mydb`.`movies` (`movieId`, `Title`, `length`, `genre`, `rating_rating`, `rentalPrice`, `purchasePrice`) VALUES (397, 'Lassie Come Home', 1:04:03, 'Adventure|Children|Drama', 'PG13', $10.81, $9.39);
INSERT INTO `mydb`.`movies` (`movieId`, `Title`, `length`, `genre`, `rating_rating`, `rentalPrice`, `purchasePrice`) VALUES (398, 'Headless Woman, The (Mujer sin cabeza, La)', 4:28:08, 'Drama|Mystery|Thriller', 'R', $2.18, $2.07);
INSERT INTO `mydb`.`movies` (`movieId`, `Title`, `length`, `genre`, `rating_rating`, `rentalPrice`, `purchasePrice`) VALUES (399, 'Orderers (Les ordres)', 4:54:13, 'Drama', 'PG', $5.61, $3.78);
INSERT INTO `mydb`.`movies` (`movieId`, `Title`, `length`, `genre`, `rating_rating`, `rentalPrice`, `purchasePrice`) VALUES (400, 'Caesar Must Die (Cesare deve morire)', 3:47:29, 'Drama', 'R', $8.93, $10.80);
INSERT INTO `mydb`.`movies` (`movieId`, `Title`, `length`, `genre`, `rating_rating`, `rentalPrice`, `purchasePrice`) VALUES (401, 'That Sinking Feeling', 0:08:58, 'Comedy', 'PG13', $7.28, $14.04);
INSERT INTO `mydb`.`movies` (`movieId`, `Title`, `length`, `genre`, `rating_rating`, `rentalPrice`, `purchasePrice`) VALUES (402, 'Real Men', 1:37:04, 'Comedy|Sci-Fi', 'PG', $10.37, $3.35);
INSERT INTO `mydb`.`movies` (`movieId`, `Title`, `length`, `genre`, `rating_rating`, `rentalPrice`, `purchasePrice`) VALUES (403, 'Giant Mechanical Man, The', 3:42:52, 'Comedy|Drama|Romance', 'PG', $4.33, $9.86);
INSERT INTO `mydb`.`movies` (`movieId`, `Title`, `length`, `genre`, `rating_rating`, `rentalPrice`, `purchasePrice`) VALUES (404, 'From the Earth to the Moon', 3:57:01, 'Adventure|Fantasy|Sci-Fi', 'PG13', $7.05, $7.59);
INSERT INTO `mydb`.`movies` (`movieId`, `Title`, `length`, `genre`, `rating_rating`, `rentalPrice`, `purchasePrice`) VALUES (405, 'Quai des Orfvres (Jenny Lamour)', 0:01:40, 'Crime|Drama', 'G', $13.82, $9.31);
INSERT INTO `mydb`.`movies` (`movieId`, `Title`, `length`, `genre`, `rating_rating`, `rentalPrice`, `purchasePrice`) VALUES (406, 'West of Zanzibar', 2:34:57, 'Drama|Mystery', 'R', $9.94, $7.86);
INSERT INTO `mydb`.`movies` (`movieId`, `Title`, `length`, `genre`, `rating_rating`, `rentalPrice`, `purchasePrice`) VALUES (407, 'Waxworks (Das Wachsfigurenkabinett)', 4:39:13, 'Comedy|Drama|Romance|Thriller', 'G', $4.87, $3.26);
INSERT INTO `mydb`.`movies` (`movieId`, `Title`, `length`, `genre`, `rating_rating`, `rentalPrice`, `purchasePrice`) VALUES (408, 'Carol for Another Christmas', 3:38:57, 'Drama|Fantasy|War', 'R', $2.32, $3.16);
INSERT INTO `mydb`.`movies` (`movieId`, `Title`, `length`, `genre`, `rating_rating`, `rentalPrice`, `purchasePrice`) VALUES (409, 'Monterey Pop', 3:12:53, 'Documentary|Musical', 'R', $9.33, $7.00);
INSERT INTO `mydb`.`movies` (`movieId`, `Title`, `length`, `genre`, `rating_rating`, `rentalPrice`, `purchasePrice`) VALUES (410, 'Mississippi Burning', 3:36:52, 'Crime|Drama|Thriller', 'G', $5.28, $13.93);
INSERT INTO `mydb`.`movies` (`movieId`, `Title`, `length`, `genre`, `rating_rating`, `rentalPrice`, `purchasePrice`) VALUES (411, 'People on Sunday (Menschen am Sonntag)', 1:05:53, 'Documentary|Drama|Romance', 'PG13', $4.54, $12.32);
INSERT INTO `mydb`.`movies` (`movieId`, `Title`, `length`, `genre`, `rating_rating`, `rentalPrice`, `purchasePrice`) VALUES (412, 'Killing of Sister George, The', 1:58:59, 'Drama', 'NC17', $12.45, $5.24);
INSERT INTO `mydb`.`movies` (`movieId`, `Title`, `length`, `genre`, `rating_rating`, `rentalPrice`, `purchasePrice`) VALUES (413, 'Moral Tales, Filmic Issues', 0:32:40, 'Documentary', 'G', $4.54, $14.28);
INSERT INTO `mydb`.`movies` (`movieId`, `Title`, `length`, `genre`, `rating_rating`, `rentalPrice`, `purchasePrice`) VALUES (414, 'Criminal Code, The', 0:07:36, 'Crime|Drama|Romance', 'PG13', $5.03, $13.47);
INSERT INTO `mydb`.`movies` (`movieId`, `Title`, `length`, `genre`, `rating_rating`, `rentalPrice`, `purchasePrice`) VALUES (415, 'Diana', 3:19:36, 'Drama|Romance', 'R', $6.23, $14.84);
INSERT INTO `mydb`.`movies` (`movieId`, `Title`, `length`, `genre`, `rating_rating`, `rentalPrice`, `purchasePrice`) VALUES (416, 'Hannibal Rising', 0:16:21, 'Drama|Horror|Thriller', 'NC17', $4.70, $9.48);
INSERT INTO `mydb`.`movies` (`movieId`, `Title`, `length`, `genre`, `rating_rating`, `rentalPrice`, `purchasePrice`) VALUES (417, 'End of the Century: The Story of the Ramones', 2:49:14, 'Documentary|Musical', 'PG', $3.48, $3.31);
INSERT INTO `mydb`.`movies` (`movieId`, `Title`, `length`, `genre`, `rating_rating`, `rentalPrice`, `purchasePrice`) VALUES (418, '21 and Over', 3:18:47, 'Comedy', 'NC17', $14.04, $14.82);
INSERT INTO `mydb`.`movies` (`movieId`, `Title`, `length`, `genre`, `rating_rating`, `rentalPrice`, `purchasePrice`) VALUES (419, 'Zero Day', 2:10:48, 'Drama', 'NC17', $13.41, $2.59);
INSERT INTO `mydb`.`movies` (`movieId`, `Title`, `length`, `genre`, `rating_rating`, `rentalPrice`, `purchasePrice`) VALUES (420, 'West Is West', 2:36:53, 'Comedy|Drama', 'G', $10.96, $10.70);
INSERT INTO `mydb`.`movies` (`movieId`, `Title`, `length`, `genre`, `rating_rating`, `rentalPrice`, `purchasePrice`) VALUES (421, 'Windtalkers', 3:20:39, 'Action|Drama|War', 'NC17', $12.18, $12.95);
INSERT INTO `mydb`.`movies` (`movieId`, `Title`, `length`, `genre`, `rating_rating`, `rentalPrice`, `purchasePrice`) VALUES (422, 'Primus Hallucino-Genetics Live 2004', 1:02:52, '(no genres listed)', 'PG', $10.95, $2.65);
INSERT INTO `mydb`.`movies` (`movieId`, `Title`, `length`, `genre`, `rating_rating`, `rentalPrice`, `purchasePrice`) VALUES (423, 'The Tunnel of Love', 1:38:36, 'Comedy|Romance', 'R', $11.36, $13.80);
INSERT INTO `mydb`.`movies` (`movieId`, `Title`, `length`, `genre`, `rating_rating`, `rentalPrice`, `purchasePrice`) VALUES (424, 'Memories (Memorzu)', 3:37:44, 'Animation|Fantasy|Sci-Fi|Thriller', 'PG13', $13.95, $9.43);
INSERT INTO `mydb`.`movies` (`movieId`, `Title`, `length`, `genre`, `rating_rating`, `rentalPrice`, `purchasePrice`) VALUES (425, 'Manderlay', 1:37:17, 'Drama', 'PG13', $3.56, $10.57);
INSERT INTO `mydb`.`movies` (`movieId`, `Title`, `length`, `genre`, `rating_rating`, `rentalPrice`, `purchasePrice`) VALUES (426, 'Cavalcade', 4:45:36, 'Drama|Romance|War', 'G', $13.37, $4.84);
INSERT INTO `mydb`.`movies` (`movieId`, `Title`, `length`, `genre`, `rating_rating`, `rentalPrice`, `purchasePrice`) VALUES (427, 'Ten Commandments, The', 2:38:46, 'Adventure|Drama', 'G', $6.07, $4.01);
INSERT INTO `mydb`.`movies` (`movieId`, `Title`, `length`, `genre`, `rating_rating`, `rentalPrice`, `purchasePrice`) VALUES (428, 'Batman', 1:06:25, 'Action|Adventure|Crime|Sci-Fi|Thriller', 'G', $12.81, $5.80);
INSERT INTO `mydb`.`movies` (`movieId`, `Title`, `length`, `genre`, `rating_rating`, `rentalPrice`, `purchasePrice`) VALUES (429, 'Amateurs, The (Moguls, The)', 3:26:23, 'Comedy', 'PG', $7.81, $4.51);
INSERT INTO `mydb`.`movies` (`movieId`, `Title`, `length`, `genre`, `rating_rating`, `rentalPrice`, `purchasePrice`) VALUES (430, 'Carson City', 0:33:12, 'Action|Romance|Western', 'R', $4.65, $9.90);
INSERT INTO `mydb`.`movies` (`movieId`, `Title`, `length`, `genre`, `rating_rating`, `rentalPrice`, `purchasePrice`) VALUES (431, 'Love of Siam, The (Rak haeng Siam)', 1:41:38, 'Drama|Mystery|Romance', 'PG', $2.81, $2.51);
INSERT INTO `mydb`.`movies` (`movieId`, `Title`, `length`, `genre`, `rating_rating`, `rentalPrice`, `purchasePrice`) VALUES (432, 'Guarding Tess', 1:46:40, 'Comedy|Drama', 'NC17', $7.09, $6.78);
INSERT INTO `mydb`.`movies` (`movieId`, `Title`, `length`, `genre`, `rating_rating`, `rentalPrice`, `purchasePrice`) VALUES (433, 'Dinosaurus!', 1:25:11, 'Adventure|Comedy', 'G', $8.06, $14.86);
INSERT INTO `mydb`.`movies` (`movieId`, `Title`, `length`, `genre`, `rating_rating`, `rentalPrice`, `purchasePrice`) VALUES (434, 'Die, Monster, Die!', 2:32:52, 'Horror|Mystery|Sci-Fi', 'R', $9.92, $14.43);
INSERT INTO `mydb`.`movies` (`movieId`, `Title`, `length`, `genre`, `rating_rating`, `rentalPrice`, `purchasePrice`) VALUES (435, 'War of the Buttons', 3:15:26, 'Adventure|Children|Drama', 'G', $10.35, $5.18);
INSERT INTO `mydb`.`movies` (`movieId`, `Title`, `length`, `genre`, `rating_rating`, `rentalPrice`, `purchasePrice`) VALUES (436, 'From the Earth to the Moon', 3:35:23, 'Adventure|Fantasy|Sci-Fi', 'NC17', $13.28, $4.78);
INSERT INTO `mydb`.`movies` (`movieId`, `Title`, `length`, `genre`, `rating_rating`, `rentalPrice`, `purchasePrice`) VALUES (437, 'Nacho Libre', 2:11:08, 'Comedy', 'PG13', $14.58, $12.42);
INSERT INTO `mydb`.`movies` (`movieId`, `Title`, `length`, `genre`, `rating_rating`, `rentalPrice`, `purchasePrice`) VALUES (438, 'Herbie Rides Again', 4:38:23, 'Adventure|Children|Comedy', 'PG13', $10.13, $14.90);
INSERT INTO `mydb`.`movies` (`movieId`, `Title`, `length`, `genre`, `rating_rating`, `rentalPrice`, `purchasePrice`) VALUES (439, 'Stonehenge Apocalypse', 3:56:08, 'Sci-Fi', 'PG13', $5.79, $2.29);
INSERT INTO `mydb`.`movies` (`movieId`, `Title`, `length`, `genre`, `rating_rating`, `rentalPrice`, `purchasePrice`) VALUES (440, 'Rory O\'Shea Was Here (Inside I\'m Dancing)', 4:47:42, 'Drama', 'R', $11.83, $5.25);
INSERT INTO `mydb`.`movies` (`movieId`, `Title`, `length`, `genre`, `rating_rating`, `rentalPrice`, `purchasePrice`) VALUES (441, 'RoboCop 2', 3:11:17, 'Action|Crime|Sci-Fi|Thriller', 'G', $14.75, $6.73);
INSERT INTO `mydb`.`movies` (`movieId`, `Title`, `length`, `genre`, `rating_rating`, `rentalPrice`, `purchasePrice`) VALUES (442, 'Urban Justice', 0:01:11, 'Action', 'PG13', $11.15, $3.66);
INSERT INTO `mydb`.`movies` (`movieId`, `Title`, `length`, `genre`, `rating_rating`, `rentalPrice`, `purchasePrice`) VALUES (443, 'Kevin Smith: Sold Out - A Threevening with Kevin Smith', 4:40:14, 'Comedy|Documentary', 'R', $7.98, $9.43);
INSERT INTO `mydb`.`movies` (`movieId`, `Title`, `length`, `genre`, `rating_rating`, `rentalPrice`, `purchasePrice`) VALUES (444, 'Secret in Their Eyes, The (El secreto de sus ojos)', 0:06:08, 'Crime|Drama|Mystery|Romance|Thriller', 'NC17', $3.94, $8.68);
INSERT INTO `mydb`.`movies` (`movieId`, `Title`, `length`, `genre`, `rating_rating`, `rentalPrice`, `purchasePrice`) VALUES (445, 'Changing Habits', 1:54:47, 'Comedy|Drama', 'G', $8.78, $4.73);
INSERT INTO `mydb`.`movies` (`movieId`, `Title`, `length`, `genre`, `rating_rating`, `rentalPrice`, `purchasePrice`) VALUES (446, 'Revolutionary Road', 3:08:44, 'Drama|Romance', 'PG', $3.09, $4.05);
INSERT INTO `mydb`.`movies` (`movieId`, `Title`, `length`, `genre`, `rating_rating`, `rentalPrice`, `purchasePrice`) VALUES (447, 'Scooby-Doo 2: Monsters Unleashed', 0:11:16, 'Action|Adventure|Children|Comedy|Mystery', 'R', $3.12, $13.67);
INSERT INTO `mydb`.`movies` (`movieId`, `Title`, `length`, `genre`, `rating_rating`, `rentalPrice`, `purchasePrice`) VALUES (448, 'Murder Ahoy', 0:40:26, 'Comedy|Crime|Drama|Mystery', 'NC17', $6.69, $10.34);
INSERT INTO `mydb`.`movies` (`movieId`, `Title`, `length`, `genre`, `rating_rating`, `rentalPrice`, `purchasePrice`) VALUES (449, 'Happy Tears', 2:38:49, 'Comedy|Drama', 'PG13', $13.73, $7.27);
INSERT INTO `mydb`.`movies` (`movieId`, `Title`, `length`, `genre`, `rating_rating`, `rentalPrice`, `purchasePrice`) VALUES (450, 'June 9 ', 0:02:17, 'Horror|Mystery|Thriller', 'NC17', $2.74, $14.20);
INSERT INTO `mydb`.`movies` (`movieId`, `Title`, `length`, `genre`, `rating_rating`, `rentalPrice`, `purchasePrice`) VALUES (451, 'Up in the Air', 0:03:14, 'Drama|Romance', 'G', $11.60, $11.39);
INSERT INTO `mydb`.`movies` (`movieId`, `Title`, `length`, `genre`, `rating_rating`, `rentalPrice`, `purchasePrice`) VALUES (452, 'Madison', 2:04:33, 'Drama', 'G', $4.92, $7.62);
INSERT INTO `mydb`.`movies` (`movieId`, `Title`, `length`, `genre`, `rating_rating`, `rentalPrice`, `purchasePrice`) VALUES (453, 'Wedding in Blood (Noces rouges, Les)', 4:30:35, 'Crime|Drama', 'PG', $11.53, $12.05);
INSERT INTO `mydb`.`movies` (`movieId`, `Title`, `length`, `genre`, `rating_rating`, `rentalPrice`, `purchasePrice`) VALUES (454, 'Continental Divide', 0:05:44, 'Comedy|Romance', 'PG', $2.33, $14.30);
INSERT INTO `mydb`.`movies` (`movieId`, `Title`, `length`, `genre`, `rating_rating`, `rentalPrice`, `purchasePrice`) VALUES (455, 'Dr. Moreau\'s House of Pain', 4:44:18, 'Horror', 'PG13', $8.36, $5.43);
INSERT INTO `mydb`.`movies` (`movieId`, `Title`, `length`, `genre`, `rating_rating`, `rentalPrice`, `purchasePrice`) VALUES (456, 'Malice N Wonderland', 1:07:20, 'Drama|Musical', 'PG13', $13.82, $10.14);
INSERT INTO `mydb`.`movies` (`movieId`, `Title`, `length`, `genre`, `rating_rating`, `rentalPrice`, `purchasePrice`) VALUES (457, 'Eddie Izzard: Dress to Kill', 4:18:45, 'Comedy', 'NC17', $3.64, $9.17);
INSERT INTO `mydb`.`movies` (`movieId`, `Title`, `length`, `genre`, `rating_rating`, `rentalPrice`, `purchasePrice`) VALUES (458, 'Villain, The', 4:52:26, 'Comedy|Western', 'PG', $5.37, $3.38);
INSERT INTO `mydb`.`movies` (`movieId`, `Title`, `length`, `genre`, `rating_rating`, `rentalPrice`, `purchasePrice`) VALUES (459, 'Nebraska', 4:45:12, 'Adventure|Drama', 'PG13', $2.80, $12.73);
INSERT INTO `mydb`.`movies` (`movieId`, `Title`, `length`, `genre`, `rating_rating`, `rentalPrice`, `purchasePrice`) VALUES (460, 'Perrier\'s Bounty', 0:46:23, 'Action|Comedy|Crime|Drama', 'G', $8.19, $5.31);
INSERT INTO `mydb`.`movies` (`movieId`, `Title`, `length`, `genre`, `rating_rating`, `rentalPrice`, `purchasePrice`) VALUES (461, 'Breakin\'', 1:47:41, 'Drama|Musical', 'PG13', $13.73, $3.10);
INSERT INTO `mydb`.`movies` (`movieId`, `Title`, `length`, `genre`, `rating_rating`, `rentalPrice`, `purchasePrice`) VALUES (462, 'Way I Spent the End of the World, The (Cum mi-am petrecut sfarsitul lumii)', 1:19:32, 'Drama', 'NC17', $13.18, $14.99);
INSERT INTO `mydb`.`movies` (`movieId`, `Title`, `length`, `genre`, `rating_rating`, `rentalPrice`, `purchasePrice`) VALUES (463, 'Kull the Conqueror', 3:46:42, 'Action|Adventure', 'PG', $8.02, $10.94);
INSERT INTO `mydb`.`movies` (`movieId`, `Title`, `length`, `genre`, `rating_rating`, `rentalPrice`, `purchasePrice`) VALUES (464, 'Sisters, The', 3:08:30, 'Drama', 'PG13', $4.85, $3.63);
INSERT INTO `mydb`.`movies` (`movieId`, `Title`, `length`, `genre`, `rating_rating`, `rentalPrice`, `purchasePrice`) VALUES (465, 'Undertaking Betty (Plots with a View)', 3:10:34, 'Comedy|Romance', 'NC17', $8.56, $3.32);
INSERT INTO `mydb`.`movies` (`movieId`, `Title`, `length`, `genre`, `rating_rating`, `rentalPrice`, `purchasePrice`) VALUES (466, 'Window to Paris (Okno v Parizh)', 0:16:35, 'Comedy|Fantasy', 'PG', $4.84, $13.60);
INSERT INTO `mydb`.`movies` (`movieId`, `Title`, `length`, `genre`, `rating_rating`, `rentalPrice`, `purchasePrice`) VALUES (467, 'The Fearmakers', 1:21:26, 'Thriller', 'PG', $13.21, $2.94);
INSERT INTO `mydb`.`movies` (`movieId`, `Title`, `length`, `genre`, `rating_rating`, `rentalPrice`, `purchasePrice`) VALUES (468, 'Celsius 41.11: The Temperature at Which the Brain... Begins to Die', 0:27:04, 'Documentary', 'R', $6.58, $5.21);
INSERT INTO `mydb`.`movies` (`movieId`, `Title`, `length`, `genre`, `rating_rating`, `rentalPrice`, `purchasePrice`) VALUES (469, 'What Happened Was...', 2:29:18, 'Comedy|Drama|Romance|Thriller', 'PG13', $9.18, $9.22);
INSERT INTO `mydb`.`movies` (`movieId`, `Title`, `length`, `genre`, `rating_rating`, `rentalPrice`, `purchasePrice`) VALUES (470, 'Mickey\'s Once Upon a Christmas', 1:18:36, 'Animation|Comedy|Fantasy', 'PG13', $13.42, $2.36);
INSERT INTO `mydb`.`movies` (`movieId`, `Title`, `length`, `genre`, `rating_rating`, `rentalPrice`, `purchasePrice`) VALUES (471, 'Four Brothers', 2:55:43, 'Action|Crime|Drama', 'PG', $8.98, $5.87);
INSERT INTO `mydb`.`movies` (`movieId`, `Title`, `length`, `genre`, `rating_rating`, `rentalPrice`, `purchasePrice`) VALUES (472, 'The Six Million Dollar Man', 4:31:11, 'Adventure|Sci-Fi', 'PG13', $4.34, $3.18);
INSERT INTO `mydb`.`movies` (`movieId`, `Title`, `length`, `genre`, `rating_rating`, `rentalPrice`, `purchasePrice`) VALUES (473, 'History of Hell (Rosas Hllenfahrt)', 4:22:13, 'Documentary', 'PG13', $10.57, $4.89);
INSERT INTO `mydb`.`movies` (`movieId`, `Title`, `length`, `genre`, `rating_rating`, `rentalPrice`, `purchasePrice`) VALUES (474, 'Corridor, The (Koridorius)', 3:59:42, 'Drama', 'PG', $13.57, $2.02);
INSERT INTO `mydb`.`movies` (`movieId`, `Title`, `length`, `genre`, `rating_rating`, `rentalPrice`, `purchasePrice`) VALUES (475, 'Catching Hell', 1:50:04, 'Documentary', 'R', $2.14, $9.06);
INSERT INTO `mydb`.`movies` (`movieId`, `Title`, `length`, `genre`, `rating_rating`, `rentalPrice`, `purchasePrice`) VALUES (476, 'Jerry Seinfeld: \'I\'m Telling You for the Last Time\'', 2:45:13, 'Comedy|Documentary', 'R', $10.56, $2.12);
INSERT INTO `mydb`.`movies` (`movieId`, `Title`, `length`, `genre`, `rating_rating`, `rentalPrice`, `purchasePrice`) VALUES (477, 'Vision Quest', 1:15:59, 'Drama|Romance', 'NC17', $14.51, $9.18);
INSERT INTO `mydb`.`movies` (`movieId`, `Title`, `length`, `genre`, `rating_rating`, `rentalPrice`, `purchasePrice`) VALUES (478, 'Cab for Three, A (Taxi para tres)', 3:48:59, 'Action|Comedy|Crime|Drama', 'NC17', $4.86, $7.57);
INSERT INTO `mydb`.`movies` (`movieId`, `Title`, `length`, `genre`, `rating_rating`, `rentalPrice`, `purchasePrice`) VALUES (479, 'Stargate: The Ark of Truth', 1:40:00, 'Action|Fantasy|Sci-Fi', 'PG', $2.97, $4.27);
INSERT INTO `mydb`.`movies` (`movieId`, `Title`, `length`, `genre`, `rating_rating`, `rentalPrice`, `purchasePrice`) VALUES (480, 'Story of Film: An Odyssey, The', 4:19:24, 'Documentary', 'PG13', $11.21, $14.83);
INSERT INTO `mydb`.`movies` (`movieId`, `Title`, `length`, `genre`, `rating_rating`, `rentalPrice`, `purchasePrice`) VALUES (481, 'Middle of the World, The (O Caminho das Nuvens)', 0:33:48, 'Drama', 'R', $11.83, $8.77);
INSERT INTO `mydb`.`movies` (`movieId`, `Title`, `length`, `genre`, `rating_rating`, `rentalPrice`, `purchasePrice`) VALUES (482, 'Last Blitzkrieg, The', 3:11:09, 'Drama|War', 'R', $8.54, $4.12);
INSERT INTO `mydb`.`movies` (`movieId`, `Title`, `length`, `genre`, `rating_rating`, `rentalPrice`, `purchasePrice`) VALUES (483, 'How to Succeed in Business Without Really Trying', 2:15:27, 'Comedy|Musical', 'G', $14.53, $6.18);
INSERT INTO `mydb`.`movies` (`movieId`, `Title`, `length`, `genre`, `rating_rating`, `rentalPrice`, `purchasePrice`) VALUES (484, 'Sweet Liberty', 1:56:44, 'Comedy', 'NC17', $4.97, $9.99);
INSERT INTO `mydb`.`movies` (`movieId`, `Title`, `length`, `genre`, `rating_rating`, `rentalPrice`, `purchasePrice`) VALUES (485, 'Kung Fu Panda Holiday Special', 2:45:44, 'Animation|Children|Comedy', 'PG13', $6.82, $13.20);
INSERT INTO `mydb`.`movies` (`movieId`, `Title`, `length`, `genre`, `rating_rating`, `rentalPrice`, `purchasePrice`) VALUES (486, 'Holiday Engagement', 2:29:15, 'Comedy', 'NC17', $8.31, $11.08);
INSERT INTO `mydb`.`movies` (`movieId`, `Title`, `length`, `genre`, `rating_rating`, `rentalPrice`, `purchasePrice`) VALUES (487, 'Assault on Precinct 13', 3:38:53, 'Action|Crime|Drama|Thriller', 'PG13', $14.26, $6.07);
INSERT INTO `mydb`.`movies` (`movieId`, `Title`, `length`, `genre`, `rating_rating`, `rentalPrice`, `purchasePrice`) VALUES (488, 'Day and Night (Dag och natt)', 1:47:28, 'Drama', 'NC17', $2.46, $14.39);
INSERT INTO `mydb`.`movies` (`movieId`, `Title`, `length`, `genre`, `rating_rating`, `rentalPrice`, `purchasePrice`) VALUES (489, 'King Leopold\'s Ghost', 3:04:13, 'Documentary', 'NC17', $10.19, $11.24);
INSERT INTO `mydb`.`movies` (`movieId`, `Title`, `length`, `genre`, `rating_rating`, `rentalPrice`, `purchasePrice`) VALUES (490, 'Men in War', 2:57:48, 'Drama|War', 'PG', $11.78, $10.05);
INSERT INTO `mydb`.`movies` (`movieId`, `Title`, `length`, `genre`, `rating_rating`, `rentalPrice`, `purchasePrice`) VALUES (491, 'Benji the Hunted', 4:56:02, 'Adventure|Children', 'PG', $3.22, $3.33);
INSERT INTO `mydb`.`movies` (`movieId`, `Title`, `length`, `genre`, `rating_rating`, `rentalPrice`, `purchasePrice`) VALUES (492, 'Forgotten, The', 0:59:40, 'Drama|Mystery|Sci-Fi|Thriller', 'NC17', $6.81, $7.17);
INSERT INTO `mydb`.`movies` (`movieId`, `Title`, `length`, `genre`, `rating_rating`, `rentalPrice`, `purchasePrice`) VALUES (493, 'The Interview', 3:46:31, 'Action|Comedy', 'R', $7.15, $10.79);
INSERT INTO `mydb`.`movies` (`movieId`, `Title`, `length`, `genre`, `rating_rating`, `rentalPrice`, `purchasePrice`) VALUES (494, 'Mr. Magoo', 4:53:46, 'Comedy', 'PG', $4.32, $8.87);
INSERT INTO `mydb`.`movies` (`movieId`, `Title`, `length`, `genre`, `rating_rating`, `rentalPrice`, `purchasePrice`) VALUES (495, 'Cop Land', 1:52:32, 'Action|Crime|Drama|Thriller', 'PG13', $6.18, $11.84);
INSERT INTO `mydb`.`movies` (`movieId`, `Title`, `length`, `genre`, `rating_rating`, `rentalPrice`, `purchasePrice`) VALUES (496, 'Anthropophagus: The Grim Reaper (Antropophagus) (Man Beast) (Savage Island, The) (Zombie\'s Rage, The)', 3:44:17, 'Horror', 'PG', $6.96, $5.22);
INSERT INTO `mydb`.`movies` (`movieId`, `Title`, `length`, `genre`, `rating_rating`, `rentalPrice`, `purchasePrice`) VALUES (497, 'Mickey Blue Eyes', 0:33:34, 'Comedy|Romance', 'R', $12.10, $10.84);
INSERT INTO `mydb`.`movies` (`movieId`, `Title`, `length`, `genre`, `rating_rating`, `rentalPrice`, `purchasePrice`) VALUES (498, 'Crusades, The', 2:30:15, 'Adventure|Drama|War', 'R', $6.92, $10.53);
INSERT INTO `mydb`.`movies` (`movieId`, `Title`, `length`, `genre`, `rating_rating`, `rentalPrice`, `purchasePrice`) VALUES (499, 'Calendar Girl', 0:18:15, 'Comedy|Drama', 'G', $4.72, $3.49);
INSERT INTO `mydb`.`movies` (`movieId`, `Title`, `length`, `genre`, `rating_rating`, `rentalPrice`, `purchasePrice`) VALUES (500, 'Swell Season, The', 3:31:43, 'Documentary|Romance', 'NC17', $3.09, $4.71);
INSERT INTO `mydb`.`movies` (`movieId`, `Title`, `length`, `genre`, `rating_rating`, `rentalPrice`, `purchasePrice`) VALUES (501, 'Muppet Christmas: Letters to Santa, A', 4:11:27, 'Children|Comedy', 'PG', $11.39, $6.58);
INSERT INTO `mydb`.`movies` (`movieId`, `Title`, `length`, `genre`, `rating_rating`, `rentalPrice`, `purchasePrice`) VALUES (502, 'Silent Trigger', 3:26:00, 'Action|Drama', 'PG', $2.66, $7.16);
INSERT INTO `mydb`.`movies` (`movieId`, `Title`, `length`, `genre`, `rating_rating`, `rentalPrice`, `purchasePrice`) VALUES (503, 'El tren de la memoria', 0:13:31, 'Documentary', 'NC17', $10.75, $2.23);
INSERT INTO `mydb`.`movies` (`movieId`, `Title`, `length`, `genre`, `rating_rating`, `rentalPrice`, `purchasePrice`) VALUES (504, 'Frankie Starlight', 0:11:51, 'Drama|Romance', 'PG13', $4.10, $3.81);
INSERT INTO `mydb`.`movies` (`movieId`, `Title`, `length`, `genre`, `rating_rating`, `rentalPrice`, `purchasePrice`) VALUES (505, 'Crossing the Bridge: The Sound of Istanbul', 2:18:22, 'Documentary|Musical', 'G', $7.65, $5.11);
INSERT INTO `mydb`.`movies` (`movieId`, `Title`, `length`, `genre`, `rating_rating`, `rentalPrice`, `purchasePrice`) VALUES (506, 'Lost for Life', 0:54:10, 'Crime|Documentary', 'PG', $5.79, $5.25);
INSERT INTO `mydb`.`movies` (`movieId`, `Title`, `length`, `genre`, `rating_rating`, `rentalPrice`, `purchasePrice`) VALUES (507, 'King Lines', 0:04:06, 'Adventure', 'NC17', $12.00, $11.84);
INSERT INTO `mydb`.`movies` (`movieId`, `Title`, `length`, `genre`, `rating_rating`, `rentalPrice`, `purchasePrice`) VALUES (508, 'Imaginary Witness: Hollywood and the Holocaust ', 1:45:03, 'Documentary', 'PG', $2.07, $10.81);
INSERT INTO `mydb`.`movies` (`movieId`, `Title`, `length`, `genre`, `rating_rating`, `rentalPrice`, `purchasePrice`) VALUES (509, 'WUSA', 3:57:02, 'Drama', 'PG', $5.32, $12.13);
INSERT INTO `mydb`.`movies` (`movieId`, `Title`, `length`, `genre`, `rating_rating`, `rentalPrice`, `purchasePrice`) VALUES (510, 'NeverEnding Story II: The Next Chapter, The', 1:01:34, 'Adventure|Children|Fantasy', 'G', $4.20, $7.14);
INSERT INTO `mydb`.`movies` (`movieId`, `Title`, `length`, `genre`, `rating_rating`, `rentalPrice`, `purchasePrice`) VALUES (511, 'Silent Wedding (Nunta Muta)', 0:05:04, 'Comedy|Drama', 'NC17', $13.56, $9.54);
INSERT INTO `mydb`.`movies` (`movieId`, `Title`, `length`, `genre`, `rating_rating`, `rentalPrice`, `purchasePrice`) VALUES (512, 'American Pop', 3:20:29, 'Animation|Musical', 'PG13', $5.33, $12.18);
INSERT INTO `mydb`.`movies` (`movieId`, `Title`, `length`, `genre`, `rating_rating`, `rentalPrice`, `purchasePrice`) VALUES (513, 'Ossessione', 2:57:09, 'Drama', 'NC17', $7.40, $5.93);
INSERT INTO `mydb`.`movies` (`movieId`, `Title`, `length`, `genre`, `rating_rating`, `rentalPrice`, `purchasePrice`) VALUES (514, 'Behind Enemy Lines', 2:02:47, 'Action|Drama|War', 'G', $3.92, $8.20);
INSERT INTO `mydb`.`movies` (`movieId`, `Title`, `length`, `genre`, `rating_rating`, `rentalPrice`, `purchasePrice`) VALUES (515, 'Dangerous Liaisons', 3:50:39, 'Comedy|Crime|Drama|Mystery', 'PG13', $3.02, $8.24);
INSERT INTO `mydb`.`movies` (`movieId`, `Title`, `length`, `genre`, `rating_rating`, `rentalPrice`, `purchasePrice`) VALUES (516, 'Moon 44', 1:29:02, 'Action|Film-Noir|Sci-Fi|Thriller', 'PG', $6.09, $13.50);
INSERT INTO `mydb`.`movies` (`movieId`, `Title`, `length`, `genre`, `rating_rating`, `rentalPrice`, `purchasePrice`) VALUES (517, 'Unknown', 3:26:31, 'Drama|Mystery|Thriller', 'G', $2.49, $8.37);
INSERT INTO `mydb`.`movies` (`movieId`, `Title`, `length`, `genre`, `rating_rating`, `rentalPrice`, `purchasePrice`) VALUES (518, 'Cheech & Chong\'s The Corsican Brothers', 1:16:54, 'Comedy', 'PG13', $2.68, $2.48);
INSERT INTO `mydb`.`movies` (`movieId`, `Title`, `length`, `genre`, `rating_rating`, `rentalPrice`, `purchasePrice`) VALUES (519, 'The Incident', 0:54:41, 'Crime|Drama', 'NC17', $7.94, $14.10);
INSERT INTO `mydb`.`movies` (`movieId`, `Title`, `length`, `genre`, `rating_rating`, `rentalPrice`, `purchasePrice`) VALUES (520, 'Love Sick (Legaturi bolnavicioase)', 4:34:22, 'Drama', 'PG13', $5.01, $10.60);
INSERT INTO `mydb`.`movies` (`movieId`, `Title`, `length`, `genre`, `rating_rating`, `rentalPrice`, `purchasePrice`) VALUES (521, 'Project A (\'A\' gai waak)', 3:56:15, 'Action|Comedy', 'PG13', $14.11, $10.41);
INSERT INTO `mydb`.`movies` (`movieId`, `Title`, `length`, `genre`, `rating_rating`, `rentalPrice`, `purchasePrice`) VALUES (522, 'Alambrista! (Illegal, The)', 2:28:04, 'Drama', 'PG13', $8.58, $7.58);
INSERT INTO `mydb`.`movies` (`movieId`, `Title`, `length`, `genre`, `rating_rating`, `rentalPrice`, `purchasePrice`) VALUES (523, 'Get on Up', 4:47:00, 'Drama|Musical', 'R', $13.80, $5.15);
INSERT INTO `mydb`.`movies` (`movieId`, `Title`, `length`, `genre`, `rating_rating`, `rentalPrice`, `purchasePrice`) VALUES (524, 'Specialist, The', 1:44:30, 'Action|Drama|Thriller', 'NC17', $7.50, $12.84);
INSERT INTO `mydb`.`movies` (`movieId`, `Title`, `length`, `genre`, `rating_rating`, `rentalPrice`, `purchasePrice`) VALUES (525, 'Downfall (Untergang, Der)', 1:33:49, 'Drama|War', 'PG13', $4.16, $11.97);
INSERT INTO `mydb`.`movies` (`movieId`, `Title`, `length`, `genre`, `rating_rating`, `rentalPrice`, `purchasePrice`) VALUES (526, 'Guns of Fort Petticoat, The', 2:27:09, 'War|Western', 'PG', $4.75, $11.96);
INSERT INTO `mydb`.`movies` (`movieId`, `Title`, `length`, `genre`, `rating_rating`, `rentalPrice`, `purchasePrice`) VALUES (527, 'Women on the 6th Floor, The (Les Femmes du 6me tage)', 0:32:51, 'Comedy', 'PG', $7.11, $7.48);
INSERT INTO `mydb`.`movies` (`movieId`, `Title`, `length`, `genre`, `rating_rating`, `rentalPrice`, `purchasePrice`) VALUES (528, 'National Velvet', 0:43:39, 'Children|Drama', 'R', $8.22, $3.70);
INSERT INTO `mydb`.`movies` (`movieId`, `Title`, `length`, `genre`, `rating_rating`, `rentalPrice`, `purchasePrice`) VALUES (529, 'The Hunting Ground', 4:41:17, 'Documentary', 'PG13', $8.68, $2.29);
INSERT INTO `mydb`.`movies` (`movieId`, `Title`, `length`, `genre`, `rating_rating`, `rentalPrice`, `purchasePrice`) VALUES (530, 'Stormheart', 3:32:42, 'Children|Drama', 'G', $3.00, $10.13);
INSERT INTO `mydb`.`movies` (`movieId`, `Title`, `length`, `genre`, `rating_rating`, `rentalPrice`, `purchasePrice`) VALUES (531, 'Night on the Galactic Railroad (Ginga-tetsudo no yoru)', 3:18:37, 'Animation|Drama', 'PG', $14.43, $6.17);
INSERT INTO `mydb`.`movies` (`movieId`, `Title`, `length`, `genre`, `rating_rating`, `rentalPrice`, `purchasePrice`) VALUES (532, 'Chhoti Si Baat', 0:20:21, 'Comedy|Romance', 'NC17', $9.16, $9.17);
INSERT INTO `mydb`.`movies` (`movieId`, `Title`, `length`, `genre`, `rating_rating`, `rentalPrice`, `purchasePrice`) VALUES (533, 'Totally F***ed Up', 3:08:09, 'Drama', 'G', $9.90, $14.67);
INSERT INTO `mydb`.`movies` (`movieId`, `Title`, `length`, `genre`, `rating_rating`, `rentalPrice`, `purchasePrice`) VALUES (534, 'What Happens in Vegas...', 3:47:14, 'Comedy|Romance', 'R', $10.85, $5.35);
INSERT INTO `mydb`.`movies` (`movieId`, `Title`, `length`, `genre`, `rating_rating`, `rentalPrice`, `purchasePrice`) VALUES (535, 'Interview with the Vampire: The Vampire Chronicles', 3:25:44, 'Drama|Horror', 'PG13', $12.27, $8.12);
INSERT INTO `mydb`.`movies` (`movieId`, `Title`, `length`, `genre`, `rating_rating`, `rentalPrice`, `purchasePrice`) VALUES (536, 'Puppet Master vs. Demonic Toys (Puppet Master 9)', 1:13:31, 'Comedy|Fantasy|Horror|Sci-Fi|Thriller', 'PG', $13.44, $4.78);
INSERT INTO `mydb`.`movies` (`movieId`, `Title`, `length`, `genre`, `rating_rating`, `rentalPrice`, `purchasePrice`) VALUES (537, 'Spider Baby or, The Maddest Story Ever Told (Spider Baby)', 4:50:05, 'Comedy|Horror', 'R', $7.15, $3.75);
INSERT INTO `mydb`.`movies` (`movieId`, `Title`, `length`, `genre`, `rating_rating`, `rentalPrice`, `purchasePrice`) VALUES (538, 'With Honors', 2:23:43, 'Comedy|Drama', 'PG13', $7.21, $2.76);
INSERT INTO `mydb`.`movies` (`movieId`, `Title`, `length`, `genre`, `rating_rating`, `rentalPrice`, `purchasePrice`) VALUES (539, 'Hunchback of Notre Dame, The (Notre Dame de Paris)', 2:19:45, 'Drama', 'R', $3.78, $11.06);
INSERT INTO `mydb`.`movies` (`movieId`, `Title`, `length`, `genre`, `rating_rating`, `rentalPrice`, `purchasePrice`) VALUES (540, 'Kicked in the Head', 1:26:18, 'Comedy|Drama', 'PG', $9.71, $9.13);
INSERT INTO `mydb`.`movies` (`movieId`, `Title`, `length`, `genre`, `rating_rating`, `rentalPrice`, `purchasePrice`) VALUES (541, 'Perez Family, The', 0:20:30, 'Comedy|Romance', 'PG13', $6.30, $10.94);
INSERT INTO `mydb`.`movies` (`movieId`, `Title`, `length`, `genre`, `rating_rating`, `rentalPrice`, `purchasePrice`) VALUES (542, 'Guns of the Magnificent Seven', 3:25:57, 'Action|Adventure|Drama|Western', 'R', $7.31, $11.08);
INSERT INTO `mydb`.`movies` (`movieId`, `Title`, `length`, `genre`, `rating_rating`, `rentalPrice`, `purchasePrice`) VALUES (543, 'The Haunted House', 2:26:31, 'Comedy', 'G', $13.26, $7.35);
INSERT INTO `mydb`.`movies` (`movieId`, `Title`, `length`, `genre`, `rating_rating`, `rentalPrice`, `purchasePrice`) VALUES (544, 'Tommy Boy', 1:41:20, 'Comedy', 'PG13', $14.28, $7.89);
INSERT INTO `mydb`.`movies` (`movieId`, `Title`, `length`, `genre`, `rating_rating`, `rentalPrice`, `purchasePrice`) VALUES (545, 'Bruno (Dress Code, The)', 0:10:12, 'Comedy|Drama', 'NC17', $6.40, $5.57);
INSERT INTO `mydb`.`movies` (`movieId`, `Title`, `length`, `genre`, `rating_rating`, `rentalPrice`, `purchasePrice`) VALUES (546, 'Kids in America', 1:51:42, 'Comedy|Drama', 'NC17', $6.60, $7.19);
INSERT INTO `mydb`.`movies` (`movieId`, `Title`, `length`, `genre`, `rating_rating`, `rentalPrice`, `purchasePrice`) VALUES (547, 'Rewrite, The', 4:33:44, 'Comedy|Romance', 'PG', $13.37, $12.06);
INSERT INTO `mydb`.`movies` (`movieId`, `Title`, `length`, `genre`, `rating_rating`, `rentalPrice`, `purchasePrice`) VALUES (548, 'Transamerica', 4:37:55, 'Adventure|Comedy|Drama', 'R', $8.91, $7.98);
INSERT INTO `mydb`.`movies` (`movieId`, `Title`, `length`, `genre`, `rating_rating`, `rentalPrice`, `purchasePrice`) VALUES (549, 'Slingshot, The (Kdisbellan)', 0:26:38, 'Comedy|Drama', 'PG', $11.51, $6.83);
INSERT INTO `mydb`.`movies` (`movieId`, `Title`, `length`, `genre`, `rating_rating`, `rentalPrice`, `purchasePrice`) VALUES (550, 'Darwin\'s Nightmare', 1:58:54, 'Documentary', 'G', $8.98, $5.36);
INSERT INTO `mydb`.`movies` (`movieId`, `Title`, `length`, `genre`, `rating_rating`, `rentalPrice`, `purchasePrice`) VALUES (551, 'Homeward Bound II: Lost in San Francisco', 1:26:00, 'Adventure|Children', 'PG', $6.93, $6.11);
INSERT INTO `mydb`.`movies` (`movieId`, `Title`, `length`, `genre`, `rating_rating`, `rentalPrice`, `purchasePrice`) VALUES (552, 'Adventures of the Wilderness Family, The', 3:09:27, 'Adventure|Children|Drama', 'R', $5.06, $11.75);
INSERT INTO `mydb`.`movies` (`movieId`, `Title`, `length`, `genre`, `rating_rating`, `rentalPrice`, `purchasePrice`) VALUES (553, 'Mulholland Falls', 2:33:53, 'Crime|Drama|Thriller', 'PG13', $12.80, $6.21);
INSERT INTO `mydb`.`movies` (`movieId`, `Title`, `length`, `genre`, `rating_rating`, `rentalPrice`, `purchasePrice`) VALUES (554, 'Fright to the Finish', 0:48:26, '(no genres listed)', 'NC17', $13.24, $12.52);
INSERT INTO `mydb`.`movies` (`movieId`, `Title`, `length`, `genre`, `rating_rating`, `rentalPrice`, `purchasePrice`) VALUES (555, 'Tale of Two Sisters, A (Janghwa, Hongryeon)', 1:05:57, 'Drama|Horror|Mystery|Thriller', 'NC17', $3.38, $14.27);
INSERT INTO `mydb`.`movies` (`movieId`, `Title`, `length`, `genre`, `rating_rating`, `rentalPrice`, `purchasePrice`) VALUES (556, 'Off the Menu: The Last Days of Chasen\'s', 3:02:27, 'Documentary', 'R', $4.79, $3.02);
INSERT INTO `mydb`.`movies` (`movieId`, `Title`, `length`, `genre`, `rating_rating`, `rentalPrice`, `purchasePrice`) VALUES (557, 'All Together, The', 4:50:37, 'Comedy|Drama|Romance', 'NC17', $4.00, $5.42);
INSERT INTO `mydb`.`movies` (`movieId`, `Title`, `length`, `genre`, `rating_rating`, `rentalPrice`, `purchasePrice`) VALUES (558, 'Sittin\' on a Backyard Fence', 2:22:06, '(no genres listed)', 'R', $6.50, $10.37);
INSERT INTO `mydb`.`movies` (`movieId`, `Title`, `length`, `genre`, `rating_rating`, `rentalPrice`, `purchasePrice`) VALUES (559, 'Our Curse', 1:24:39, 'Documentary', 'PG', $11.99, $8.04);
INSERT INTO `mydb`.`movies` (`movieId`, `Title`, `length`, `genre`, `rating_rating`, `rentalPrice`, `purchasePrice`) VALUES (560, 'Belizaire the Cajun', 4:02:04, 'Drama', 'PG13', $11.50, $3.81);
INSERT INTO `mydb`.`movies` (`movieId`, `Title`, `length`, `genre`, `rating_rating`, `rentalPrice`, `purchasePrice`) VALUES (561, 'Detroit Metal City (Detoroito Metaru Shiti)', 2:44:04, 'Comedy|Drama|Musical', 'R', $3.71, $6.53);
INSERT INTO `mydb`.`movies` (`movieId`, `Title`, `length`, `genre`, `rating_rating`, `rentalPrice`, `purchasePrice`) VALUES (562, 'Hatari!', 0:44:47, 'Adventure|Comedy', 'NC17', $3.44, $8.20);
INSERT INTO `mydb`.`movies` (`movieId`, `Title`, `length`, `genre`, `rating_rating`, `rentalPrice`, `purchasePrice`) VALUES (563, 'Brassed Off', 0:49:11, 'Comedy|Drama|Romance', 'PG', $3.63, $4.68);
INSERT INTO `mydb`.`movies` (`movieId`, `Title`, `length`, `genre`, `rating_rating`, `rentalPrice`, `purchasePrice`) VALUES (564, 'The Story of Asya Klyachina', 3:59:38, 'Drama|Romance', 'PG13', $11.43, $5.77);
INSERT INTO `mydb`.`movies` (`movieId`, `Title`, `length`, `genre`, `rating_rating`, `rentalPrice`, `purchasePrice`) VALUES (565, 'Gymnast, The', 3:19:02, 'Drama|Romance', 'PG', $11.12, $2.90);
INSERT INTO `mydb`.`movies` (`movieId`, `Title`, `length`, `genre`, `rating_rating`, `rentalPrice`, `purchasePrice`) VALUES (566, 'Big Fan', 2:42:12, 'Comedy|Crime|Drama', 'G', $13.13, $3.89);
INSERT INTO `mydb`.`movies` (`movieId`, `Title`, `length`, `genre`, `rating_rating`, `rentalPrice`, `purchasePrice`) VALUES (567, 'At First Sight', 2:04:57, 'Drama', 'R', $4.72, $8.01);
INSERT INTO `mydb`.`movies` (`movieId`, `Title`, `length`, `genre`, `rating_rating`, `rentalPrice`, `purchasePrice`) VALUES (568, 'Zachariah', 1:36:28, 'Comedy|Musical|Western', 'NC17', $7.31, $4.27);
INSERT INTO `mydb`.`movies` (`movieId`, `Title`, `length`, `genre`, `rating_rating`, `rentalPrice`, `purchasePrice`) VALUES (569, 'Making a Killing: The Untold Story of Psychotropic Drugging', 0:19:47, 'Documentary', 'G', $11.63, $2.52);
INSERT INTO `mydb`.`movies` (`movieId`, `Title`, `length`, `genre`, `rating_rating`, `rentalPrice`, `purchasePrice`) VALUES (570, 'Independence Day (a.k.a. ID4)', 2:45:44, 'Action|Adventure|Sci-Fi|Thriller', 'G', $10.68, $9.05);
INSERT INTO `mydb`.`movies` (`movieId`, `Title`, `length`, `genre`, `rating_rating`, `rentalPrice`, `purchasePrice`) VALUES (571, 'Into the Storm', 3:03:28, 'Action|Thriller', 'R', $6.43, $15.00);
INSERT INTO `mydb`.`movies` (`movieId`, `Title`, `length`, `genre`, `rating_rating`, `rentalPrice`, `purchasePrice`) VALUES (572, 'Two Loves', 4:05:26, 'Drama', 'PG', $14.49, $5.74);
INSERT INTO `mydb`.`movies` (`movieId`, `Title`, `length`, `genre`, `rating_rating`, `rentalPrice`, `purchasePrice`) VALUES (573, 'Dragon ball Z 04: Lord Slug', 2:04:25, 'Animation|Children', 'NC17', $4.59, $6.48);
INSERT INTO `mydb`.`movies` (`movieId`, `Title`, `length`, `genre`, `rating_rating`, `rentalPrice`, `purchasePrice`) VALUES (574, 'Ice Age: A Mammoth Christmas', 1:13:34, 'Adventure|Animation|Children', 'NC17', $7.08, $4.29);
INSERT INTO `mydb`.`movies` (`movieId`, `Title`, `length`, `genre`, `rating_rating`, `rentalPrice`, `purchasePrice`) VALUES (575, 'Voll Normaaal', 2:08:03, 'Comedy', 'PG', $8.85, $3.89);
INSERT INTO `mydb`.`movies` (`movieId`, `Title`, `length`, `genre`, `rating_rating`, `rentalPrice`, `purchasePrice`) VALUES (576, 'Classe Tous Risques (Big Risk, The)', 3:32:24, 'Crime|Drama|Film-Noir|Romance|Thriller', 'PG', $12.27, $6.35);
INSERT INTO `mydb`.`movies` (`movieId`, `Title`, `length`, `genre`, `rating_rating`, `rentalPrice`, `purchasePrice`) VALUES (577, 'Who Are the DeBolts? [And Where Did They Get 19 Kids?]', 4:25:45, 'Documentary', 'PG', $13.43, $5.19);
INSERT INTO `mydb`.`movies` (`movieId`, `Title`, `length`, `genre`, `rating_rating`, `rentalPrice`, `purchasePrice`) VALUES (578, 'Passion of Mind', 3:29:15, 'Drama|Mystery|Romance', 'R', $5.44, $8.15);
INSERT INTO `mydb`.`movies` (`movieId`, `Title`, `length`, `genre`, `rating_rating`, `rentalPrice`, `purchasePrice`) VALUES (579, 'Sergeant, The', 2:18:48, 'Drama', 'PG', $2.33, $10.57);
INSERT INTO `mydb`.`movies` (`movieId`, `Title`, `length`, `genre`, `rating_rating`, `rentalPrice`, `purchasePrice`) VALUES (580, 'Ip Man: The Final Fight', 2:28:41, 'Action|Drama', 'PG', $11.16, $5.51);
INSERT INTO `mydb`.`movies` (`movieId`, `Title`, `length`, `genre`, `rating_rating`, `rentalPrice`, `purchasePrice`) VALUES (581, 'Appointment with Death', 4:56:50, 'Crime|Mystery', 'PG', $2.59, $2.97);
INSERT INTO `mydb`.`movies` (`movieId`, `Title`, `length`, `genre`, `rating_rating`, `rentalPrice`, `purchasePrice`) VALUES (582, 'Somewhere Under the Broad Sky', 2:58:08, '(no genres listed)', 'NC17', $3.95, $6.05);
INSERT INTO `mydb`.`movies` (`movieId`, `Title`, `length`, `genre`, `rating_rating`, `rentalPrice`, `purchasePrice`) VALUES (583, 'Fubar II (Fubar: Balls to the Wall)', 3:02:25, 'Comedy', 'PG13', $10.20, $2.98);
INSERT INTO `mydb`.`movies` (`movieId`, `Title`, `length`, `genre`, `rating_rating`, `rentalPrice`, `purchasePrice`) VALUES (584, 'Mondo Cane', 1:42:44, 'Documentary', 'PG', $8.54, $6.96);
INSERT INTO `mydb`.`movies` (`movieId`, `Title`, `length`, `genre`, `rating_rating`, `rentalPrice`, `purchasePrice`) VALUES (585, 'Hail Caesar', 4:26:06, 'Comedy', 'NC17', $10.51, $7.45);
INSERT INTO `mydb`.`movies` (`movieId`, `Title`, `length`, `genre`, `rating_rating`, `rentalPrice`, `purchasePrice`) VALUES (586, 'Redline', 0:02:14, 'Action', 'PG', $7.85, $8.86);
INSERT INTO `mydb`.`movies` (`movieId`, `Title`, `length`, `genre`, `rating_rating`, `rentalPrice`, `purchasePrice`) VALUES (587, 'Holiday (Jour de fte)', 4:43:00, 'Comedy', 'PG13', $14.95, $11.68);
INSERT INTO `mydb`.`movies` (`movieId`, `Title`, `length`, `genre`, `rating_rating`, `rentalPrice`, `purchasePrice`) VALUES (588, 'Buffalo Soldiers', 0:41:13, 'Comedy|Crime|Drama|War', 'R', $2.10, $2.55);
INSERT INTO `mydb`.`movies` (`movieId`, `Title`, `length`, `genre`, `rating_rating`, `rentalPrice`, `purchasePrice`) VALUES (589, 'Toolbox Murders, The', 2:59:07, 'Horror|Thriller', 'G', $5.69, $13.62);
INSERT INTO `mydb`.`movies` (`movieId`, `Title`, `length`, `genre`, `rating_rating`, `rentalPrice`, `purchasePrice`) VALUES (590, 'Revenge of the Green Dragons', 4:11:39, 'Action|Crime|Drama', 'R', $8.32, $4.13);
INSERT INTO `mydb`.`movies` (`movieId`, `Title`, `length`, `genre`, `rating_rating`, `rentalPrice`, `purchasePrice`) VALUES (591, 'Woman in The Septic Tank, The (Ang Babae sa septic tank)', 1:29:56, 'Comedy|Musical', 'R', $9.27, $5.77);
INSERT INTO `mydb`.`movies` (`movieId`, `Title`, `length`, `genre`, `rating_rating`, `rentalPrice`, `purchasePrice`) VALUES (592, 'Grey Zone, The', 4:34:53, 'Drama', 'G', $9.39, $11.71);
INSERT INTO `mydb`.`movies` (`movieId`, `Title`, `length`, `genre`, `rating_rating`, `rentalPrice`, `purchasePrice`) VALUES (593, 'Zeisters (Fat Guy Goes Nutzoid)', 2:16:51, 'Comedy', 'PG13', $14.86, $2.41);
INSERT INTO `mydb`.`movies` (`movieId`, `Title`, `length`, `genre`, `rating_rating`, `rentalPrice`, `purchasePrice`) VALUES (594, 'Incredible Shrinking Man, The', 2:41:03, 'Sci-Fi|Thriller', 'G', $14.56, $11.21);
INSERT INTO `mydb`.`movies` (`movieId`, `Title`, `length`, `genre`, `rating_rating`, `rentalPrice`, `purchasePrice`) VALUES (595, 'Let the Good Times Roll', 1:34:56, 'Documentary', 'PG13', $14.18, $11.79);
INSERT INTO `mydb`.`movies` (`movieId`, `Title`, `length`, `genre`, `rating_rating`, `rentalPrice`, `purchasePrice`) VALUES (596, 'Law Abiding Citizen', 1:05:20, 'Drama|Thriller', 'PG13', $2.28, $11.93);
INSERT INTO `mydb`.`movies` (`movieId`, `Title`, `length`, `genre`, `rating_rating`, `rentalPrice`, `purchasePrice`) VALUES (597, 'Waiting Room (Bekleme odasi)', 0:34:09, 'Drama', 'PG13', $2.44, $2.38);
INSERT INTO `mydb`.`movies` (`movieId`, `Title`, `length`, `genre`, `rating_rating`, `rentalPrice`, `purchasePrice`) VALUES (598, 'Sonny Boy', 2:48:20, 'Action|Drama|Thriller', 'NC17', $2.89, $7.19);
INSERT INTO `mydb`.`movies` (`movieId`, `Title`, `length`, `genre`, `rating_rating`, `rentalPrice`, `purchasePrice`) VALUES (599, 'Gabrielle', 0:33:27, 'Drama|Romance', 'R', $2.11, $9.41);
INSERT INTO `mydb`.`movies` (`movieId`, `Title`, `length`, `genre`, `rating_rating`, `rentalPrice`, `purchasePrice`) VALUES (600, 'Lilo & Stitch', 1:20:49, 'Adventure|Animation|Children|Sci-Fi', 'PG', $9.44, $12.72);
INSERT INTO `mydb`.`movies` (`movieId`, `Title`, `length`, `genre`, `rating_rating`, `rentalPrice`, `purchasePrice`) VALUES (601, 'Postman, The (Postino, Il)', 1:37:04, 'Comedy|Drama|Romance', 'G', $7.35, $3.93);
INSERT INTO `mydb`.`movies` (`movieId`, `Title`, `length`, `genre`, `rating_rating`, `rentalPrice`, `purchasePrice`) VALUES (602, 'Russians Are Coming, the Russians Are Coming, The', 1:39:28, 'Comedy|War', 'NC17', $2.84, $5.44);
INSERT INTO `mydb`.`movies` (`movieId`, `Title`, `length`, `genre`, `rating_rating`, `rentalPrice`, `purchasePrice`) VALUES (603, 'Conflagration (Enj)', 3:36:28, 'Drama', 'NC17', $8.12, $3.22);
INSERT INTO `mydb`.`movies` (`movieId`, `Title`, `length`, `genre`, `rating_rating`, `rentalPrice`, `purchasePrice`) VALUES (604, 'Godzilla\'s Revenge (Gojira-Minira-Gabara: Oru Kaij Daishingeki) (All Monsters Attack)', 2:03:25, 'Children', 'NC17', $13.21, $11.02);
INSERT INTO `mydb`.`movies` (`movieId`, `Title`, `length`, `genre`, `rating_rating`, `rentalPrice`, `purchasePrice`) VALUES (605, 'Alice in Wonderland', 2:29:07, 'Adventure|Children|Fantasy', 'PG13', $4.78, $9.06);
INSERT INTO `mydb`.`movies` (`movieId`, `Title`, `length`, `genre`, `rating_rating`, `rentalPrice`, `purchasePrice`) VALUES (606, 'Wild Gals Of The Naked West', 3:51:43, 'Comedy|Western', 'NC17', $12.00, $13.37);
INSERT INTO `mydb`.`movies` (`movieId`, `Title`, `length`, `genre`, `rating_rating`, `rentalPrice`, `purchasePrice`) VALUES (607, 'Spy Kids: All the Time in the World in 4D', 2:23:24, 'Action|Adventure|Children|Comedy|Sci-Fi', 'NC17', $3.95, $2.32);
INSERT INTO `mydb`.`movies` (`movieId`, `Title`, `length`, `genre`, `rating_rating`, `rentalPrice`, `purchasePrice`) VALUES (608, 'Avatar', 2:20:16, 'Action|Adventure|Sci-Fi|IMAX', 'R', $4.35, $7.92);
INSERT INTO `mydb`.`movies` (`movieId`, `Title`, `length`, `genre`, `rating_rating`, `rentalPrice`, `purchasePrice`) VALUES (609, 'Zero Dark Thirty', 1:47:03, 'Action|Drama|Thriller', 'PG', $7.61, $7.85);
INSERT INTO `mydb`.`movies` (`movieId`, `Title`, `length`, `genre`, `rating_rating`, `rentalPrice`, `purchasePrice`) VALUES (610, 'Autumn Heart, The', 4:30:09, 'Drama', 'R', $8.07, $9.44);
INSERT INTO `mydb`.`movies` (`movieId`, `Title`, `length`, `genre`, `rating_rating`, `rentalPrice`, `purchasePrice`) VALUES (611, 'Back to the Secret Garden', 3:16:57, 'Adventure|Children|Fantasy', 'NC17', $13.37, $8.10);
INSERT INTO `mydb`.`movies` (`movieId`, `Title`, `length`, `genre`, `rating_rating`, `rentalPrice`, `purchasePrice`) VALUES (612, 'October Baby', 4:30:19, 'Drama', 'NC17', $5.56, $3.18);
INSERT INTO `mydb`.`movies` (`movieId`, `Title`, `length`, `genre`, `rating_rating`, `rentalPrice`, `purchasePrice`) VALUES (613, 'Annie Get Your Gun', 4:12:32, 'Musical|Western', 'G', $13.70, $11.89);
INSERT INTO `mydb`.`movies` (`movieId`, `Title`, `length`, `genre`, `rating_rating`, `rentalPrice`, `purchasePrice`) VALUES (614, 'Westward the Women', 2:29:04, 'Drama|Western', 'R', $11.02, $7.82);
INSERT INTO `mydb`.`movies` (`movieId`, `Title`, `length`, `genre`, `rating_rating`, `rentalPrice`, `purchasePrice`) VALUES (615, 'Game of Death', 3:49:46, 'Action', 'G', $3.15, $14.67);
INSERT INTO `mydb`.`movies` (`movieId`, `Title`, `length`, `genre`, `rating_rating`, `rentalPrice`, `purchasePrice`) VALUES (616, 'What to Expect When You\'re Expecting', 2:15:24, 'Comedy|Drama|Romance', 'NC17', $4.52, $4.16);
INSERT INTO `mydb`.`movies` (`movieId`, `Title`, `length`, `genre`, `rating_rating`, `rentalPrice`, `purchasePrice`) VALUES (617, 'Panic in Needle Park, The', 2:01:41, 'Drama|Romance', 'G', $12.94, $9.98);
INSERT INTO `mydb`.`movies` (`movieId`, `Title`, `length`, `genre`, `rating_rating`, `rentalPrice`, `purchasePrice`) VALUES (618, 'Last Night', 0:23:59, 'Drama|Sci-Fi', 'NC17', $11.69, $10.49);
INSERT INTO `mydb`.`movies` (`movieId`, `Title`, `length`, `genre`, `rating_rating`, `rentalPrice`, `purchasePrice`) VALUES (619, 'Long Night\'s Journey Into Day', 0:25:46, 'Documentary', 'G', $11.68, $2.56);
INSERT INTO `mydb`.`movies` (`movieId`, `Title`, `length`, `genre`, `rating_rating`, `rentalPrice`, `purchasePrice`) VALUES (620, 'Entitled, The', 3:34:40, 'Thriller', 'PG', $8.95, $6.48);
INSERT INTO `mydb`.`movies` (`movieId`, `Title`, `length`, `genre`, `rating_rating`, `rentalPrice`, `purchasePrice`) VALUES (621, 'Iron Horse, The', 2:12:19, 'Western', 'R', $2.00, $12.90);
INSERT INTO `mydb`.`movies` (`movieId`, `Title`, `length`, `genre`, `rating_rating`, `rentalPrice`, `purchasePrice`) VALUES (622, 'Brewster\'s Millions', 2:03:26, 'Comedy', 'PG13', $12.51, $5.73);
INSERT INTO `mydb`.`movies` (`movieId`, `Title`, `length`, `genre`, `rating_rating`, `rentalPrice`, `purchasePrice`) VALUES (623, 'Lawman', 0:46:54, 'Western', 'G', $8.83, $2.69);
INSERT INTO `mydb`.`movies` (`movieId`, `Title`, `length`, `genre`, `rating_rating`, `rentalPrice`, `purchasePrice`) VALUES (624, 'Don\'t Be a Menace to South Central While Drinking Your Juice in the Hood', 2:39:27, 'Comedy|Crime', 'PG', $5.14, $14.76);
INSERT INTO `mydb`.`movies` (`movieId`, `Title`, `length`, `genre`, `rating_rating`, `rentalPrice`, `purchasePrice`) VALUES (625, 'Suspect Zero', 3:05:00, 'Crime|Thriller', 'R', $11.87, $14.74);
INSERT INTO `mydb`.`movies` (`movieId`, `Title`, `length`, `genre`, `rating_rating`, `rentalPrice`, `purchasePrice`) VALUES (626, 'Castle, The (Das Schlo)', 0:53:12, 'Drama|Mystery', 'PG', $3.50, $2.99);
INSERT INTO `mydb`.`movies` (`movieId`, `Title`, `length`, `genre`, `rating_rating`, `rentalPrice`, `purchasePrice`) VALUES (627, 'Closed Curtain', 0:19:01, '(no genres listed)', 'G', $5.94, $12.85);
INSERT INTO `mydb`.`movies` (`movieId`, `Title`, `length`, `genre`, `rating_rating`, `rentalPrice`, `purchasePrice`) VALUES (628, 'Erkan & Stefan 2', 4:00:08, 'Comedy', 'PG13', $5.94, $2.91);
INSERT INTO `mydb`.`movies` (`movieId`, `Title`, `length`, `genre`, `rating_rating`, `rentalPrice`, `purchasePrice`) VALUES (629, 'Diner', 4:51:24, 'Comedy|Drama', 'PG13', $14.83, $4.06);
INSERT INTO `mydb`.`movies` (`movieId`, `Title`, `length`, `genre`, `rating_rating`, `rentalPrice`, `purchasePrice`) VALUES (630, 'Hammett', 0:25:32, 'Crime|Mystery', 'PG', $14.08, $9.17);
INSERT INTO `mydb`.`movies` (`movieId`, `Title`, `length`, `genre`, `rating_rating`, `rentalPrice`, `purchasePrice`) VALUES (631, 'Flubber', 0:52:31, 'Children|Comedy|Fantasy', 'NC17', $5.86, $6.62);
INSERT INTO `mydb`.`movies` (`movieId`, `Title`, `length`, `genre`, `rating_rating`, `rentalPrice`, `purchasePrice`) VALUES (632, 'Ricky Gervais Live 3: Fame', 3:08:13, 'Comedy', 'PG', $4.38, $2.00);
INSERT INTO `mydb`.`movies` (`movieId`, `Title`, `length`, `genre`, `rating_rating`, `rentalPrice`, `purchasePrice`) VALUES (633, 'Lucky Luke: The Ballad of the Daltons', 0:53:48, 'Animation|Children|Comedy|Western', 'G', $4.41, $11.06);
INSERT INTO `mydb`.`movies` (`movieId`, `Title`, `length`, `genre`, `rating_rating`, `rentalPrice`, `purchasePrice`) VALUES (634, 'Sublime', 1:48:48, 'Horror|Thriller', 'PG13', $6.48, $8.09);
INSERT INTO `mydb`.`movies` (`movieId`, `Title`, `length`, `genre`, `rating_rating`, `rentalPrice`, `purchasePrice`) VALUES (635, 'Adam & Paul', 4:36:26, 'Comedy|Drama', 'PG', $11.78, $3.28);
INSERT INTO `mydb`.`movies` (`movieId`, `Title`, `length`, `genre`, `rating_rating`, `rentalPrice`, `purchasePrice`) VALUES (636, 'Earth', 0:34:29, 'Drama|War', 'PG', $2.29, $3.22);
INSERT INTO `mydb`.`movies` (`movieId`, `Title`, `length`, `genre`, `rating_rating`, `rentalPrice`, `purchasePrice`) VALUES (637, 'Big Hangover, The', 1:41:40, 'Comedy', 'NC17', $2.63, $14.87);
INSERT INTO `mydb`.`movies` (`movieId`, `Title`, `length`, `genre`, `rating_rating`, `rentalPrice`, `purchasePrice`) VALUES (638, '7th Cavalry (Seventh Cavalry)', 0:54:18, 'Western', 'PG', $9.98, $3.42);
INSERT INTO `mydb`.`movies` (`movieId`, `Title`, `length`, `genre`, `rating_rating`, `rentalPrice`, `purchasePrice`) VALUES (639, 'Attack of the 50 Foot Woman', 0:34:03, 'Comedy|Sci-Fi', 'NC17', $9.47, $3.64);
INSERT INTO `mydb`.`movies` (`movieId`, `Title`, `length`, `genre`, `rating_rating`, `rentalPrice`, `purchasePrice`) VALUES (640, 'Saw IV', 2:17:56, 'Crime|Horror|Thriller', 'PG13', $8.04, $13.46);
INSERT INTO `mydb`.`movies` (`movieId`, `Title`, `length`, `genre`, `rating_rating`, `rentalPrice`, `purchasePrice`) VALUES (641, 'D2: The Mighty Ducks', 0:19:36, 'Children|Comedy', 'NC17', $11.35, $4.18);
INSERT INTO `mydb`.`movies` (`movieId`, `Title`, `length`, `genre`, `rating_rating`, `rentalPrice`, `purchasePrice`) VALUES (642, 'Happy Times (Xingfu shiguang)', 3:49:11, 'Comedy|Drama', 'PG13', $13.89, $12.55);
INSERT INTO `mydb`.`movies` (`movieId`, `Title`, `length`, `genre`, `rating_rating`, `rentalPrice`, `purchasePrice`) VALUES (643, 'The Last Word', 3:09:24, 'Drama|Romance', 'PG', $14.47, $13.86);
INSERT INTO `mydb`.`movies` (`movieId`, `Title`, `length`, `genre`, `rating_rating`, `rentalPrice`, `purchasePrice`) VALUES (644, 'Woman In Berlin, A (Anonyma - Eine Frau in Berlin)', 4:53:27, 'Drama|War', 'G', $6.02, $13.10);
INSERT INTO `mydb`.`movies` (`movieId`, `Title`, `length`, `genre`, `rating_rating`, `rentalPrice`, `purchasePrice`) VALUES (645, 'Matrimonial Comedy (Komedia malzenska)', 4:25:44, 'Comedy', 'PG', $5.59, $7.47);
INSERT INTO `mydb`.`movies` (`movieId`, `Title`, `length`, `genre`, `rating_rating`, `rentalPrice`, `purchasePrice`) VALUES (646, 'Death Warrant', 4:27:35, 'Action', 'PG', $11.73, $10.57);
INSERT INTO `mydb`.`movies` (`movieId`, `Title`, `length`, `genre`, `rating_rating`, `rentalPrice`, `purchasePrice`) VALUES (647, 'Return of the Fly', 4:03:07, 'Horror|Sci-Fi', 'R', $13.46, $8.07);
INSERT INTO `mydb`.`movies` (`movieId`, `Title`, `length`, `genre`, `rating_rating`, `rentalPrice`, `purchasePrice`) VALUES (648, 'Human Condition II, The (Ningen no joken II)', 0:17:46, 'Drama|War', 'PG', $12.37, $11.25);
INSERT INTO `mydb`.`movies` (`movieId`, `Title`, `length`, `genre`, `rating_rating`, `rentalPrice`, `purchasePrice`) VALUES (649, 'Lone Wolf and Cub: White Heaven in Hell (Kozure kami: Jigoku e ikuzo! Daigor)', 1:42:05, 'Action|Drama|Fantasy', 'NC17', $7.40, $4.09);
INSERT INTO `mydb`.`movies` (`movieId`, `Title`, `length`, `genre`, `rating_rating`, `rentalPrice`, `purchasePrice`) VALUES (650, 'You Again', 4:18:17, 'Comedy', 'NC17', $11.69, $7.17);
INSERT INTO `mydb`.`movies` (`movieId`, `Title`, `length`, `genre`, `rating_rating`, `rentalPrice`, `purchasePrice`) VALUES (651, 'Phantom of Liberty, The (Fantme de la libert, Le)', 2:47:25, 'Comedy|Drama', 'R', $11.41, $14.91);
INSERT INTO `mydb`.`movies` (`movieId`, `Title`, `length`, `genre`, `rating_rating`, `rentalPrice`, `purchasePrice`) VALUES (652, 'Satan Bug, The', 0:56:32, 'Sci-Fi|Thriller', 'R', $13.11, $2.24);
INSERT INTO `mydb`.`movies` (`movieId`, `Title`, `length`, `genre`, `rating_rating`, `rentalPrice`, `purchasePrice`) VALUES (653, 'Shock Waves', 1:03:21, 'Horror', 'PG', $4.66, $5.10);
INSERT INTO `mydb`.`movies` (`movieId`, `Title`, `length`, `genre`, `rating_rating`, `rentalPrice`, `purchasePrice`) VALUES (654, 'Seraphim Falls', 0:10:51, 'Action|Adventure|Drama|War|Western', 'NC17', $2.12, $3.01);
INSERT INTO `mydb`.`movies` (`movieId`, `Title`, `length`, `genre`, `rating_rating`, `rentalPrice`, `purchasePrice`) VALUES (655, 'Horse Whisperer, The', 2:05:01, 'Drama|Romance', 'R', $8.12, $14.80);
INSERT INTO `mydb`.`movies` (`movieId`, `Title`, `length`, `genre`, `rating_rating`, `rentalPrice`, `purchasePrice`) VALUES (656, 'Triplets of Belleville, The (Les triplettes de Belleville)', 0:18:12, 'Animation|Comedy|Fantasy', 'R', $7.57, $5.49);
INSERT INTO `mydb`.`movies` (`movieId`, `Title`, `length`, `genre`, `rating_rating`, `rentalPrice`, `purchasePrice`) VALUES (657, 'The Great Northfield Minnesota Raid', 1:55:31, 'Action|Western', 'PG13', $10.86, $2.18);
INSERT INTO `mydb`.`movies` (`movieId`, `Title`, `length`, `genre`, `rating_rating`, `rentalPrice`, `purchasePrice`) VALUES (658, 'Delicate Balance, A', 1:09:00, 'Drama', 'PG', $4.63, $11.76);
INSERT INTO `mydb`.`movies` (`movieId`, `Title`, `length`, `genre`, `rating_rating`, `rentalPrice`, `purchasePrice`) VALUES (659, 'Poppy Shakespeare', 2:38:21, 'Drama', 'PG', $10.46, $10.42);
INSERT INTO `mydb`.`movies` (`movieId`, `Title`, `length`, `genre`, `rating_rating`, `rentalPrice`, `purchasePrice`) VALUES (660, 'Mr. Nanny', 0:32:44, 'Action|Children|Comedy', 'R', $5.16, $9.82);
INSERT INTO `mydb`.`movies` (`movieId`, `Title`, `length`, `genre`, `rating_rating`, `rentalPrice`, `purchasePrice`) VALUES (661, 'Another Chance', 3:21:22, 'Comedy', 'PG', $7.60, $8.28);
INSERT INTO `mydb`.`movies` (`movieId`, `Title`, `length`, `genre`, `rating_rating`, `rentalPrice`, `purchasePrice`) VALUES (662, 'Delhi-6', 2:58:24, 'Comedy|Crime|Drama', 'G', $12.32, $3.02);
INSERT INTO `mydb`.`movies` (`movieId`, `Title`, `length`, `genre`, `rating_rating`, `rentalPrice`, `purchasePrice`) VALUES (663, 'Introduction to Physics, An', 0:15:04, 'Adventure|Comedy|Documentary|Fantasy', 'NC17', $10.27, $3.11);
INSERT INTO `mydb`.`movies` (`movieId`, `Title`, `length`, `genre`, `rating_rating`, `rentalPrice`, `purchasePrice`) VALUES (664, 'Grand Seduction, The', 0:00:07, 'Comedy', 'PG13', $5.97, $14.99);
INSERT INTO `mydb`.`movies` (`movieId`, `Title`, `length`, `genre`, `rating_rating`, `rentalPrice`, `purchasePrice`) VALUES (665, 'Cucaracha, La', 3:54:27, 'Thriller', 'PG13', $11.10, $10.78);
INSERT INTO `mydb`.`movies` (`movieId`, `Title`, `length`, `genre`, `rating_rating`, `rentalPrice`, `purchasePrice`) VALUES (666, 'Ironclads', 3:18:25, 'Drama|Romance|War', 'PG13', $13.62, $5.17);
INSERT INTO `mydb`.`movies` (`movieId`, `Title`, `length`, `genre`, `rating_rating`, `rentalPrice`, `purchasePrice`) VALUES (667, 'Satan\'s Brew (Satansbraten)', 0:59:35, 'Comedy|Drama', 'PG13', $13.21, $5.33);
INSERT INTO `mydb`.`movies` (`movieId`, `Title`, `length`, `genre`, `rating_rating`, `rentalPrice`, `purchasePrice`) VALUES (668, 'Redemption: The Stan Tookie Williams Story', 2:27:05, 'Crime|Documentary|Drama', 'NC17', $10.20, $14.46);
INSERT INTO `mydb`.`movies` (`movieId`, `Title`, `length`, `genre`, `rating_rating`, `rentalPrice`, `purchasePrice`) VALUES (669, 'Speed 2: Cruise Control', 3:13:03, 'Action|Romance|Thriller', 'G', $3.86, $8.10);
INSERT INTO `mydb`.`movies` (`movieId`, `Title`, `length`, `genre`, `rating_rating`, `rentalPrice`, `purchasePrice`) VALUES (670, 'Wolf Man, The', 4:16:49, 'Drama|Fantasy|Horror', 'G', $3.33, $11.25);
INSERT INTO `mydb`.`movies` (`movieId`, `Title`, `length`, `genre`, `rating_rating`, `rentalPrice`, `purchasePrice`) VALUES (671, 'Straight to Hell', 0:20:53, 'Comedy|Crime|Western', 'R', $9.99, $4.64);
INSERT INTO `mydb`.`movies` (`movieId`, `Title`, `length`, `genre`, `rating_rating`, `rentalPrice`, `purchasePrice`) VALUES (672, 'Howling V: The Rebirth', 2:17:53, 'Horror', 'NC17', $9.34, $10.20);
INSERT INTO `mydb`.`movies` (`movieId`, `Title`, `length`, `genre`, `rating_rating`, `rentalPrice`, `purchasePrice`) VALUES (673, 'World of Apu, The (Apur Sansar)', 4:50:46, 'Drama', 'R', $11.44, $10.03);
INSERT INTO `mydb`.`movies` (`movieId`, `Title`, `length`, `genre`, `rating_rating`, `rentalPrice`, `purchasePrice`) VALUES (674, 'At Middleton', 0:15:22, 'Comedy|Romance', 'PG13', $5.68, $2.15);
INSERT INTO `mydb`.`movies` (`movieId`, `Title`, `length`, `genre`, `rating_rating`, `rentalPrice`, `purchasePrice`) VALUES (675, 'Noah', 4:26:47, 'Adventure|Drama|IMAX', 'G', $6.02, $5.14);
INSERT INTO `mydb`.`movies` (`movieId`, `Title`, `length`, `genre`, `rating_rating`, `rentalPrice`, `purchasePrice`) VALUES (676, 'Cage aux Folles II, La', 1:48:36, 'Comedy', 'R', $11.76, $9.89);
INSERT INTO `mydb`.`movies` (`movieId`, `Title`, `length`, `genre`, `rating_rating`, `rentalPrice`, `purchasePrice`) VALUES (677, 'I Love You, I Love You (Je t\'aime je t\'aime)', 2:53:21, 'Drama|Sci-Fi', 'G', $10.79, $2.57);
INSERT INTO `mydb`.`movies` (`movieId`, `Title`, `length`, `genre`, `rating_rating`, `rentalPrice`, `purchasePrice`) VALUES (678, 'Distant (Uzak)', 2:36:03, 'Drama', 'R', $3.86, $7.76);
INSERT INTO `mydb`.`movies` (`movieId`, `Title`, `length`, `genre`, `rating_rating`, `rentalPrice`, `purchasePrice`) VALUES (679, 'Thaw, The', 3:53:45, 'Horror|Sci-Fi|Thriller', 'PG', $3.86, $13.79);
INSERT INTO `mydb`.`movies` (`movieId`, `Title`, `length`, `genre`, `rating_rating`, `rentalPrice`, `purchasePrice`) VALUES (680, 'Loch Ness', 1:05:58, 'Drama', 'G', $12.51, $10.28);
INSERT INTO `mydb`.`movies` (`movieId`, `Title`, `length`, `genre`, `rating_rating`, `rentalPrice`, `purchasePrice`) VALUES (681, 'Delgo', 1:27:04, 'Adventure|Animation|Comedy|Fantasy|Romance', 'G', $6.18, $13.10);
INSERT INTO `mydb`.`movies` (`movieId`, `Title`, `length`, `genre`, `rating_rating`, `rentalPrice`, `purchasePrice`) VALUES (682, 'Falling (a.k.a. Fallen)', 2:52:36, 'Drama', 'NC17', $4.61, $5.83);
INSERT INTO `mydb`.`movies` (`movieId`, `Title`, `length`, `genre`, `rating_rating`, `rentalPrice`, `purchasePrice`) VALUES (683, 'Repossessed', 4:34:10, 'Comedy', 'R', $8.41, $9.34);
INSERT INTO `mydb`.`movies` (`movieId`, `Title`, `length`, `genre`, `rating_rating`, `rentalPrice`, `purchasePrice`) VALUES (684, 'Johnny Eager', 0:02:11, 'Crime|Drama|Film-Noir|Romance', 'PG13', $6.44, $11.44);
INSERT INTO `mydb`.`movies` (`movieId`, `Title`, `length`, `genre`, `rating_rating`, `rentalPrice`, `purchasePrice`) VALUES (685, 'Keeping the Promise (Sign of the Beaver, The)', 2:44:02, 'Children|Drama', 'PG13', $14.67, $2.93);
INSERT INTO `mydb`.`movies` (`movieId`, `Title`, `length`, `genre`, `rating_rating`, `rentalPrice`, `purchasePrice`) VALUES (686, 'Boy Eats Girl', 1:14:41, 'Comedy|Horror', 'PG13', $11.51, $12.73);
INSERT INTO `mydb`.`movies` (`movieId`, `Title`, `length`, `genre`, `rating_rating`, `rentalPrice`, `purchasePrice`) VALUES (687, 'Diary of a Country Priest (Journal d\'un cur de campagne)', 3:15:36, 'Drama', 'G', $6.77, $2.02);
INSERT INTO `mydb`.`movies` (`movieId`, `Title`, `length`, `genre`, `rating_rating`, `rentalPrice`, `purchasePrice`) VALUES (688, 'Tuulikaappimaa', 4:23:14, 'Comedy', 'G', $3.04, $9.37);
INSERT INTO `mydb`.`movies` (`movieId`, `Title`, `length`, `genre`, `rating_rating`, `rentalPrice`, `purchasePrice`) VALUES (689, 'Nanayo (Nanayomachi)', 1:24:23, 'Drama', 'R', $13.40, $12.28);
INSERT INTO `mydb`.`movies` (`movieId`, `Title`, `length`, `genre`, `rating_rating`, `rentalPrice`, `purchasePrice`) VALUES (690, 'Jungle Creature: Hugo, The (Jungledyret) (Go Hugo Go)', 2:41:35, 'Animation|Children|Musical|Romance', 'PG', $11.48, $13.70);
INSERT INTO `mydb`.`movies` (`movieId`, `Title`, `length`, `genre`, `rating_rating`, `rentalPrice`, `purchasePrice`) VALUES (691, 'Divided We Fall (Musme si pomhat)', 3:21:39, 'Comedy|Drama', 'G', $12.72, $8.03);
INSERT INTO `mydb`.`movies` (`movieId`, `Title`, `length`, `genre`, `rating_rating`, `rentalPrice`, `purchasePrice`) VALUES (692, 'Robe, The', 0:44:10, 'Drama', 'PG', $12.51, $13.32);
INSERT INTO `mydb`.`movies` (`movieId`, `Title`, `length`, `genre`, `rating_rating`, `rentalPrice`, `purchasePrice`) VALUES (693, 'From the Orient with Fury', 1:02:23, 'Action|Adventure|Comedy', 'G', $4.54, $10.67);
INSERT INTO `mydb`.`movies` (`movieId`, `Title`, `length`, `genre`, `rating_rating`, `rentalPrice`, `purchasePrice`) VALUES (694, 'X from Outer Space, The (Uch daikaij Girara)', 0:08:01, 'Horror|Sci-Fi', 'R', $4.41, $5.83);
INSERT INTO `mydb`.`movies` (`movieId`, `Title`, `length`, `genre`, `rating_rating`, `rentalPrice`, `purchasePrice`) VALUES (695, 'My House in Umbria', 3:43:06, 'Drama', 'PG13', $10.16, $14.41);
INSERT INTO `mydb`.`movies` (`movieId`, `Title`, `length`, `genre`, `rating_rating`, `rentalPrice`, `purchasePrice`) VALUES (696, 'Rashomon (Rashmon)', 4:49:26, 'Crime|Drama|Mystery', 'NC17', $11.38, $12.24);
INSERT INTO `mydb`.`movies` (`movieId`, `Title`, `length`, `genre`, `rating_rating`, `rentalPrice`, `purchasePrice`) VALUES (697, 'Flower Drum Song', 4:03:12, 'Comedy|Musical|Romance', 'PG', $12.69, $10.59);
INSERT INTO `mydb`.`movies` (`movieId`, `Title`, `length`, `genre`, `rating_rating`, `rentalPrice`, `purchasePrice`) VALUES (698, 'Iceman, The', 0:15:08, 'Crime|Drama|Thriller', 'NC17', $9.19, $4.78);
INSERT INTO `mydb`.`movies` (`movieId`, `Title`, `length`, `genre`, `rating_rating`, `rentalPrice`, `purchasePrice`) VALUES (699, 'Yesterday', 1:14:04, 'Drama', 'NC17', $9.88, $9.47);
INSERT INTO `mydb`.`movies` (`movieId`, `Title`, `length`, `genre`, `rating_rating`, `rentalPrice`, `purchasePrice`) VALUES (700, 'DOA: Dead or Alive', 0:45:30, 'Action|Adventure', 'PG', $8.76, $14.25);
INSERT INTO `mydb`.`movies` (`movieId`, `Title`, `length`, `genre`, `rating_rating`, `rentalPrice`, `purchasePrice`) VALUES (701, 'Death by Hanging (Koshikei)', 1:19:18, 'Comedy|Crime', 'PG13', $10.32, $12.24);
INSERT INTO `mydb`.`movies` (`movieId`, `Title`, `length`, `genre`, `rating_rating`, `rentalPrice`, `purchasePrice`) VALUES (702, 'Zombeavers', 4:04:41, 'Action|Comedy|Horror', 'PG13', $3.94, $4.47);
INSERT INTO `mydb`.`movies` (`movieId`, `Title`, `length`, `genre`, `rating_rating`, `rentalPrice`, `purchasePrice`) VALUES (703, 'Plunkett & MaCleane', 4:53:11, 'Action|Adventure|Drama', 'NC17', $11.68, $11.95);
INSERT INTO `mydb`.`movies` (`movieId`, `Title`, `length`, `genre`, `rating_rating`, `rentalPrice`, `purchasePrice`) VALUES (704, 'Higher and Higher', 2:06:17, 'Comedy|Musical|Romance', 'G', $8.14, $6.32);
INSERT INTO `mydb`.`movies` (`movieId`, `Title`, `length`, `genre`, `rating_rating`, `rentalPrice`, `purchasePrice`) VALUES (705, 'I Like It Like That', 0:16:13, 'Comedy|Drama|Romance', 'G', $11.52, $3.06);
INSERT INTO `mydb`.`movies` (`movieId`, `Title`, `length`, `genre`, `rating_rating`, `rentalPrice`, `purchasePrice`) VALUES (706, 'Dylan Moran: Yeah, Yeah', 4:58:11, 'Comedy', 'NC17', $9.98, $9.83);
INSERT INTO `mydb`.`movies` (`movieId`, `Title`, `length`, `genre`, `rating_rating`, `rentalPrice`, `purchasePrice`) VALUES (707, 'Shakes the Clown', 1:41:20, 'Comedy', 'G', $7.27, $9.56);
INSERT INTO `mydb`.`movies` (`movieId`, `Title`, `length`, `genre`, `rating_rating`, `rentalPrice`, `purchasePrice`) VALUES (708, 'Cousin Bette', 2:35:19, 'Comedy', 'PG13', $2.56, $5.53);
INSERT INTO `mydb`.`movies` (`movieId`, `Title`, `length`, `genre`, `rating_rating`, `rentalPrice`, `purchasePrice`) VALUES (709, 'Vpeli Krmy ja kahtesti laukeava', 3:58:52, 'Comedy|War', 'NC17', $2.40, $7.24);
INSERT INTO `mydb`.`movies` (`movieId`, `Title`, `length`, `genre`, `rating_rating`, `rentalPrice`, `purchasePrice`) VALUES (710, 'Life of a King', 0:27:52, 'Drama', 'R', $2.28, $3.07);
INSERT INTO `mydb`.`movies` (`movieId`, `Title`, `length`, `genre`, `rating_rating`, `rentalPrice`, `purchasePrice`) VALUES (711, 'Bullets Over Broadway', 4:17:13, 'Comedy', 'NC17', $5.75, $13.93);
INSERT INTO `mydb`.`movies` (`movieId`, `Title`, `length`, `genre`, `rating_rating`, `rentalPrice`, `purchasePrice`) VALUES (712, 'Hollywoodland', 3:36:41, 'Crime|Drama|Mystery|Thriller', 'PG13', $13.87, $13.94);
INSERT INTO `mydb`.`movies` (`movieId`, `Title`, `length`, `genre`, `rating_rating`, `rentalPrice`, `purchasePrice`) VALUES (713, 'Operation Dumbo Drop', 3:05:48, 'Action|Adventure|Comedy|War', 'G', $9.16, $3.55);
INSERT INTO `mydb`.`movies` (`movieId`, `Title`, `length`, `genre`, `rating_rating`, `rentalPrice`, `purchasePrice`) VALUES (714, 'Awful Truth, The', 4:29:36, 'Comedy|Romance', 'PG13', $3.13, $6.54);
INSERT INTO `mydb`.`movies` (`movieId`, `Title`, `length`, `genre`, `rating_rating`, `rentalPrice`, `purchasePrice`) VALUES (715, 'Expert, The', 0:03:32, 'Action', 'NC17', $8.74, $4.07);
INSERT INTO `mydb`.`movies` (`movieId`, `Title`, `length`, `genre`, `rating_rating`, `rentalPrice`, `purchasePrice`) VALUES (716, 'Devil Commands, The', 2:05:40, 'Horror|Sci-Fi', 'NC17', $8.32, $10.05);
INSERT INTO `mydb`.`movies` (`movieId`, `Title`, `length`, `genre`, `rating_rating`, `rentalPrice`, `purchasePrice`) VALUES (717, 'Mortdecai', 1:56:52, 'Adventure|Comedy', 'PG13', $10.06, $8.96);
INSERT INTO `mydb`.`movies` (`movieId`, `Title`, `length`, `genre`, `rating_rating`, `rentalPrice`, `purchasePrice`) VALUES (718, 'Logorama', 3:19:48, 'Action|Animation|Crime', 'PG', $3.54, $3.14);
INSERT INTO `mydb`.`movies` (`movieId`, `Title`, `length`, `genre`, `rating_rating`, `rentalPrice`, `purchasePrice`) VALUES (719, 'Defender, The (a.k.a. Bodyguard from Beijing, The) (Zhong Nan Hai bao biao)', 3:41:46, 'Action', 'PG', $14.17, $11.34);
INSERT INTO `mydb`.`movies` (`movieId`, `Title`, `length`, `genre`, `rating_rating`, `rentalPrice`, `purchasePrice`) VALUES (720, 'Bells of Capistrano', 1:42:38, 'Western', 'R', $11.08, $8.55);
INSERT INTO `mydb`.`movies` (`movieId`, `Title`, `length`, `genre`, `rating_rating`, `rentalPrice`, `purchasePrice`) VALUES (721, 'Treasure Island', 4:32:58, 'Adventure|Children', 'R', $4.93, $6.08);
INSERT INTO `mydb`.`movies` (`movieId`, `Title`, `length`, `genre`, `rating_rating`, `rentalPrice`, `purchasePrice`) VALUES (722, 'Sleep Tight (Mientras duermes)', 0:49:52, 'Horror|Thriller', 'R', $5.13, $4.44);
INSERT INTO `mydb`.`movies` (`movieId`, `Title`, `length`, `genre`, `rating_rating`, `rentalPrice`, `purchasePrice`) VALUES (723, 'Bootmen', 0:47:30, 'Comedy|Drama', 'NC17', $2.42, $3.45);
INSERT INTO `mydb`.`movies` (`movieId`, `Title`, `length`, `genre`, `rating_rating`, `rentalPrice`, `purchasePrice`) VALUES (724, 'Beloved (Les bien-aimes)', 4:32:37, 'Drama|Musical|Romance', 'PG13', $3.43, $6.55);
INSERT INTO `mydb`.`movies` (`movieId`, `Title`, `length`, `genre`, `rating_rating`, `rentalPrice`, `purchasePrice`) VALUES (725, 'Extreme Measures', 4:55:19, 'Drama|Thriller', 'NC17', $7.29, $4.99);
INSERT INTO `mydb`.`movies` (`movieId`, `Title`, `length`, `genre`, `rating_rating`, `rentalPrice`, `purchasePrice`) VALUES (726, 'Love Can Seriously Damage Your Health', 0:15:39, 'Comedy|Romance', 'G', $6.73, $7.66);
INSERT INTO `mydb`.`movies` (`movieId`, `Title`, `length`, `genre`, `rating_rating`, `rentalPrice`, `purchasePrice`) VALUES (727, 'Under Capricorn', 1:13:24, 'Drama', 'R', $5.72, $2.97);
INSERT INTO `mydb`.`movies` (`movieId`, `Title`, `length`, `genre`, `rating_rating`, `rentalPrice`, `purchasePrice`) VALUES (728, 'Mighty Ducks, The', 4:16:25, 'Children|Comedy', 'PG13', $4.51, $8.86);
INSERT INTO `mydb`.`movies` (`movieId`, `Title`, `length`, `genre`, `rating_rating`, `rentalPrice`, `purchasePrice`) VALUES (729, 'Mandela: Long Walk to Freedom', 4:56:44, 'Drama', 'NC17', $7.57, $7.61);
INSERT INTO `mydb`.`movies` (`movieId`, `Title`, `length`, `genre`, `rating_rating`, `rentalPrice`, `purchasePrice`) VALUES (730, 'July Rhapsody (Laam yan sei sap)', 1:34:34, 'Drama', 'PG', $14.53, $12.34);
INSERT INTO `mydb`.`movies` (`movieId`, `Title`, `length`, `genre`, `rating_rating`, `rentalPrice`, `purchasePrice`) VALUES (731, 'Riding Giants', 4:48:56, 'Documentary', 'NC17', $4.77, $13.58);
INSERT INTO `mydb`.`movies` (`movieId`, `Title`, `length`, `genre`, `rating_rating`, `rentalPrice`, `purchasePrice`) VALUES (732, 'Burrowing (Man tnker sitt)', 3:32:41, 'Drama', 'PG', $8.33, $10.20);
INSERT INTO `mydb`.`movies` (`movieId`, `Title`, `length`, `genre`, `rating_rating`, `rentalPrice`, `purchasePrice`) VALUES (733, 'Bright Victory', 0:25:52, 'Drama', 'R', $6.17, $9.45);
INSERT INTO `mydb`.`movies` (`movieId`, `Title`, `length`, `genre`, `rating_rating`, `rentalPrice`, `purchasePrice`) VALUES (734, 'Wipers Times, The', 4:46:34, 'War', 'R', $11.45, $2.47);
INSERT INTO `mydb`.`movies` (`movieId`, `Title`, `length`, `genre`, `rating_rating`, `rentalPrice`, `purchasePrice`) VALUES (735, 'Goodbye Solo', 0:00:27, 'Drama', 'NC17', $10.79, $2.62);
INSERT INTO `mydb`.`movies` (`movieId`, `Title`, `length`, `genre`, `rating_rating`, `rentalPrice`, `purchasePrice`) VALUES (736, 'Achilles and the Tortoise (Akiresu to kame)', 4:22:10, 'Comedy', 'R', $3.97, $3.23);
INSERT INTO `mydb`.`movies` (`movieId`, `Title`, `length`, `genre`, `rating_rating`, `rentalPrice`, `purchasePrice`) VALUES (737, 'Angele', 4:33:53, 'Drama', 'NC17', $4.40, $6.27);
INSERT INTO `mydb`.`movies` (`movieId`, `Title`, `length`, `genre`, `rating_rating`, `rentalPrice`, `purchasePrice`) VALUES (738, 'Christmas in Connecticut', 1:00:06, 'Comedy|Romance', 'PG', $2.11, $2.98);
INSERT INTO `mydb`.`movies` (`movieId`, `Title`, `length`, `genre`, `rating_rating`, `rentalPrice`, `purchasePrice`) VALUES (739, 'Caddy, The', 4:09:20, 'Comedy|Musical', 'NC17', $6.88, $11.03);
INSERT INTO `mydb`.`movies` (`movieId`, `Title`, `length`, `genre`, `rating_rating`, `rentalPrice`, `purchasePrice`) VALUES (740, 'Lesson of the Evil (Aku no kyten)', 2:34:36, 'Thriller', 'R', $8.65, $9.40);
INSERT INTO `mydb`.`movies` (`movieId`, `Title`, `length`, `genre`, `rating_rating`, `rentalPrice`, `purchasePrice`) VALUES (741, 'Love Games', 0:17:00, 'Animation|Drama|Romance', 'R', $13.96, $12.85);
INSERT INTO `mydb`.`movies` (`movieId`, `Title`, `length`, `genre`, `rating_rating`, `rentalPrice`, `purchasePrice`) VALUES (742, 'Beautiful Darling', 4:24:10, 'Documentary', 'R', $10.31, $3.38);
INSERT INTO `mydb`.`movies` (`movieId`, `Title`, `length`, `genre`, `rating_rating`, `rentalPrice`, `purchasePrice`) VALUES (743, 'Atlas Shrugged: Part II', 3:24:09, 'Drama|Mystery|Sci-Fi', 'PG13', $5.67, $6.19);
INSERT INTO `mydb`.`movies` (`movieId`, `Title`, `length`, `genre`, `rating_rating`, `rentalPrice`, `purchasePrice`) VALUES (744, '$9.99', 1:05:54, 'Animation', 'R', $3.30, $12.09);
INSERT INTO `mydb`.`movies` (`movieId`, `Title`, `length`, `genre`, `rating_rating`, `rentalPrice`, `purchasePrice`) VALUES (745, 'Moon Man', 4:47:27, 'Animation|Sci-Fi', 'PG13', $12.68, $5.96);
INSERT INTO `mydb`.`movies` (`movieId`, `Title`, `length`, `genre`, `rating_rating`, `rentalPrice`, `purchasePrice`) VALUES (746, 'Leaning Tower, The (Kalteva torni)', 3:46:24, 'Comedy', 'PG', $13.50, $11.03);
INSERT INTO `mydb`.`movies` (`movieId`, `Title`, `length`, `genre`, `rating_rating`, `rentalPrice`, `purchasePrice`) VALUES (747, 'Blades of Glory', 3:25:08, 'Comedy|Romance', 'G', $4.56, $12.17);
INSERT INTO `mydb`.`movies` (`movieId`, `Title`, `length`, `genre`, `rating_rating`, `rentalPrice`, `purchasePrice`) VALUES (748, 'Shock Treatment', 3:21:31, 'Comedy|Musical|Sci-Fi', 'G', $13.97, $4.15);
INSERT INTO `mydb`.`movies` (`movieId`, `Title`, `length`, `genre`, `rating_rating`, `rentalPrice`, `purchasePrice`) VALUES (749, 'Stand Up and Fight', 3:52:01, 'Drama|Romance|Western', 'PG', $10.94, $14.98);
INSERT INTO `mydb`.`movies` (`movieId`, `Title`, `length`, `genre`, `rating_rating`, `rentalPrice`, `purchasePrice`) VALUES (750, 'Secret Honor', 3:12:52, 'Drama', 'NC17', $9.35, $8.10);
INSERT INTO `mydb`.`movies` (`movieId`, `Title`, `length`, `genre`, `rating_rating`, `rentalPrice`, `purchasePrice`) VALUES (751, 'Soldier', 3:35:39, 'Action|Sci-Fi|War', 'G', $10.02, $4.24);
INSERT INTO `mydb`.`movies` (`movieId`, `Title`, `length`, `genre`, `rating_rating`, `rentalPrice`, `purchasePrice`) VALUES (752, 'Blown Away', 1:16:03, 'Action|Drama|Romance', 'PG', $10.27, $3.38);
INSERT INTO `mydb`.`movies` (`movieId`, `Title`, `length`, `genre`, `rating_rating`, `rentalPrice`, `purchasePrice`) VALUES (753, 'Charlie, the Lonesome Cougar', 1:44:17, 'Adventure|Children', 'NC17', $14.54, $3.80);
INSERT INTO `mydb`.`movies` (`movieId`, `Title`, `length`, `genre`, `rating_rating`, `rentalPrice`, `purchasePrice`) VALUES (754, 'Cuckoo, The (Kukushka)', 3:08:42, 'Comedy|Drama|War', 'G', $6.71, $9.49);
INSERT INTO `mydb`.`movies` (`movieId`, `Title`, `length`, `genre`, `rating_rating`, `rentalPrice`, `purchasePrice`) VALUES (755, 'Flash of Genius', 3:44:38, 'Drama', 'PG13', $13.24, $7.20);
INSERT INTO `mydb`.`movies` (`movieId`, `Title`, `length`, `genre`, `rating_rating`, `rentalPrice`, `purchasePrice`) VALUES (756, 'Fun Size', 2:46:48, 'Comedy', 'R', $5.32, $13.37);
INSERT INTO `mydb`.`movies` (`movieId`, `Title`, `length`, `genre`, `rating_rating`, `rentalPrice`, `purchasePrice`) VALUES (757, 'Shark Night 3D', 2:24:46, 'Horror|Thriller', 'PG', $7.24, $2.74);
INSERT INTO `mydb`.`movies` (`movieId`, `Title`, `length`, `genre`, `rating_rating`, `rentalPrice`, `purchasePrice`) VALUES (758, 'TerrorStorm: A History of Government-Sponsored Terrorism', 0:36:30, 'Documentary', 'PG', $11.23, $11.61);
INSERT INTO `mydb`.`movies` (`movieId`, `Title`, `length`, `genre`, `rating_rating`, `rentalPrice`, `purchasePrice`) VALUES (759, 'For the Boys', 2:32:21, 'Comedy|Drama|Musical', 'NC17', $13.77, $2.50);
INSERT INTO `mydb`.`movies` (`movieId`, `Title`, `length`, `genre`, `rating_rating`, `rentalPrice`, `purchasePrice`) VALUES (760, 'Monsieur Vincent', 1:23:01, 'Drama', 'NC17', $9.50, $8.47);
INSERT INTO `mydb`.`movies` (`movieId`, `Title`, `length`, `genre`, `rating_rating`, `rentalPrice`, `purchasePrice`) VALUES (761, 'Dragon Hunter', 0:11:38, 'Action|Adventure|Fantasy', 'NC17', $2.75, $8.06);
INSERT INTO `mydb`.`movies` (`movieId`, `Title`, `length`, `genre`, `rating_rating`, `rentalPrice`, `purchasePrice`) VALUES (762, 'Mann tut was Mann kann', 0:58:49, 'Comedy', 'NC17', $13.58, $8.05);
INSERT INTO `mydb`.`movies` (`movieId`, `Title`, `length`, `genre`, `rating_rating`, `rentalPrice`, `purchasePrice`) VALUES (763, 'Mon oncle d\'Amrique', 0:00:54, 'Drama', 'R', $13.72, $5.38);
INSERT INTO `mydb`.`movies` (`movieId`, `Title`, `length`, `genre`, `rating_rating`, `rentalPrice`, `purchasePrice`) VALUES (764, 'Broadway Melody of 1936', 4:52:03, 'Musical|Romance', 'NC17', $10.89, $2.39);
INSERT INTO `mydb`.`movies` (`movieId`, `Title`, `length`, `genre`, `rating_rating`, `rentalPrice`, `purchasePrice`) VALUES (765, 'Wooden Bridge, The', 3:06:36, 'Drama|Romance', 'NC17', $8.06, $14.78);
INSERT INTO `mydb`.`movies` (`movieId`, `Title`, `length`, `genre`, `rating_rating`, `rentalPrice`, `purchasePrice`) VALUES (766, 'Huey P. Newton Story, A', 0:01:11, 'Documentary', 'PG13', $13.03, $8.19);
INSERT INTO `mydb`.`movies` (`movieId`, `Title`, `length`, `genre`, `rating_rating`, `rentalPrice`, `purchasePrice`) VALUES (767, 'Kings of Summer, The', 1:25:12, 'Comedy', 'NC17', $8.22, $8.02);
INSERT INTO `mydb`.`movies` (`movieId`, `Title`, `length`, `genre`, `rating_rating`, `rentalPrice`, `purchasePrice`) VALUES (768, 'Of Unknown Origin', 2:45:25, 'Horror', 'R', $8.46, $8.83);
INSERT INTO `mydb`.`movies` (`movieId`, `Title`, `length`, `genre`, `rating_rating`, `rentalPrice`, `purchasePrice`) VALUES (769, 'Mr. Nobody', 3:44:56, 'Drama|Fantasy|Romance|Sci-Fi', 'PG13', $2.21, $6.61);
INSERT INTO `mydb`.`movies` (`movieId`, `Title`, `length`, `genre`, `rating_rating`, `rentalPrice`, `purchasePrice`) VALUES (770, 'Fearless Freaks, The', 3:34:57, 'Documentary|Musical', 'PG', $6.72, $10.42);
INSERT INTO `mydb`.`movies` (`movieId`, `Title`, `length`, `genre`, `rating_rating`, `rentalPrice`, `purchasePrice`) VALUES (771, 'Birth of a Nation, The', 4:00:48, 'Drama|War', 'R', $9.83, $7.80);
INSERT INTO `mydb`.`movies` (`movieId`, `Title`, `length`, `genre`, `rating_rating`, `rentalPrice`, `purchasePrice`) VALUES (772, 'Burning Palms', 3:04:02, 'Comedy|Drama', 'G', $13.38, $10.28);
INSERT INTO `mydb`.`movies` (`movieId`, `Title`, `length`, `genre`, `rating_rating`, `rentalPrice`, `purchasePrice`) VALUES (773, 'Cooking Up Dreams (De ollas y sueos)', 4:41:19, 'Documentary', 'PG13', $3.64, $11.26);
INSERT INTO `mydb`.`movies` (`movieId`, `Title`, `length`, `genre`, `rating_rating`, `rentalPrice`, `purchasePrice`) VALUES (774, 'Moonlight Serenade', 3:37:29, 'Drama', 'PG13', $3.96, $4.93);
INSERT INTO `mydb`.`movies` (`movieId`, `Title`, `length`, `genre`, `rating_rating`, `rentalPrice`, `purchasePrice`) VALUES (775, 'Night of the Following Day, The', 0:25:15, 'Crime|Drama', 'R', $2.00, $14.96);
INSERT INTO `mydb`.`movies` (`movieId`, `Title`, `length`, `genre`, `rating_rating`, `rentalPrice`, `purchasePrice`) VALUES (776, 'Casual Relations', 4:01:31, 'Drama', 'PG13', $6.14, $8.20);
INSERT INTO `mydb`.`movies` (`movieId`, `Title`, `length`, `genre`, `rating_rating`, `rentalPrice`, `purchasePrice`) VALUES (777, 'Free Radicals (Bse Zellen)', 1:43:57, 'Drama', 'PG13', $4.03, $7.59);
INSERT INTO `mydb`.`movies` (`movieId`, `Title`, `length`, `genre`, `rating_rating`, `rentalPrice`, `purchasePrice`) VALUES (778, 'Nick Offerman: American Ham', 4:44:40, 'Comedy', 'PG13', $2.15, $7.29);
INSERT INTO `mydb`.`movies` (`movieId`, `Title`, `length`, `genre`, `rating_rating`, `rentalPrice`, `purchasePrice`) VALUES (779, 'Hell in the Pacific', 4:17:34, 'Drama|War', 'R', $7.61, $4.32);
INSERT INTO `mydb`.`movies` (`movieId`, `Title`, `length`, `genre`, `rating_rating`, `rentalPrice`, `purchasePrice`) VALUES (780, 'Moonrise', 4:06:27, 'Drama|Film-Noir', 'PG13', $11.87, $13.17);
INSERT INTO `mydb`.`movies` (`movieId`, `Title`, `length`, `genre`, `rating_rating`, `rentalPrice`, `purchasePrice`) VALUES (781, 'Passion Play', 0:06:23, 'Drama|Romance', 'PG', $3.00, $12.64);
INSERT INTO `mydb`.`movies` (`movieId`, `Title`, `length`, `genre`, `rating_rating`, `rentalPrice`, `purchasePrice`) VALUES (782, 'Afflicted', 4:33:57, 'Horror|Sci-Fi|Thriller', 'PG', $2.43, $13.28);
INSERT INTO `mydb`.`movies` (`movieId`, `Title`, `length`, `genre`, `rating_rating`, `rentalPrice`, `purchasePrice`) VALUES (783, 'On the Silver Globe (Na srebrnym globie)', 0:48:25, 'Sci-Fi', 'PG13', $3.69, $14.60);
INSERT INTO `mydb`.`movies` (`movieId`, `Title`, `length`, `genre`, `rating_rating`, `rentalPrice`, `purchasePrice`) VALUES (784, 'Le ultime ore di una vergine', 1:52:20, '(no genres listed)', 'NC17', $5.75, $8.53);
INSERT INTO `mydb`.`movies` (`movieId`, `Title`, `length`, `genre`, `rating_rating`, `rentalPrice`, `purchasePrice`) VALUES (785, 'Troll Hunter, The (Trolljegeren)', 3:22:38, 'Fantasy|Horror', 'G', $4.16, $9.10);
INSERT INTO `mydb`.`movies` (`movieId`, `Title`, `length`, `genre`, `rating_rating`, `rentalPrice`, `purchasePrice`) VALUES (786, 'Dust Factory, The', 1:44:36, 'Adventure|Children|Romance', 'NC17', $12.81, $7.62);
INSERT INTO `mydb`.`movies` (`movieId`, `Title`, `length`, `genre`, `rating_rating`, `rentalPrice`, `purchasePrice`) VALUES (787, 'Five Star Final', 4:09:44, 'Drama', 'R', $5.03, $8.25);
INSERT INTO `mydb`.`movies` (`movieId`, `Title`, `length`, `genre`, `rating_rating`, `rentalPrice`, `purchasePrice`) VALUES (788, 'Banger Sisters, The', 0:15:11, 'Comedy|Drama', 'PG', $11.81, $2.17);
INSERT INTO `mydb`.`movies` (`movieId`, `Title`, `length`, `genre`, `rating_rating`, `rentalPrice`, `purchasePrice`) VALUES (789, 'Life Stinks', 1:05:25, 'Comedy', 'NC17', $4.20, $4.73);
INSERT INTO `mydb`.`movies` (`movieId`, `Title`, `length`, `genre`, `rating_rating`, `rentalPrice`, `purchasePrice`) VALUES (790, 'Fat Kid Rules the World', 1:40:29, 'Comedy', 'R', $9.00, $4.63);
INSERT INTO `mydb`.`movies` (`movieId`, `Title`, `length`, `genre`, `rating_rating`, `rentalPrice`, `purchasePrice`) VALUES (791, 'Nightmare on Elm Street 3: Dream Warriors, A', 2:55:37, 'Horror|Thriller', 'PG', $7.41, $11.10);
INSERT INTO `mydb`.`movies` (`movieId`, `Title`, `length`, `genre`, `rating_rating`, `rentalPrice`, `purchasePrice`) VALUES (792, 'Tampopo', 3:16:24, 'Comedy', 'NC17', $8.08, $5.06);
INSERT INTO `mydb`.`movies` (`movieId`, `Title`, `length`, `genre`, `rating_rating`, `rentalPrice`, `purchasePrice`) VALUES (793, 'Fingers at the Window', 2:58:09, 'Drama|Film-Noir|Mystery', 'NC17', $10.65, $3.64);
INSERT INTO `mydb`.`movies` (`movieId`, `Title`, `length`, `genre`, `rating_rating`, `rentalPrice`, `purchasePrice`) VALUES (794, 'Dead or Alive: Hanzaisha', 4:54:11, 'Action|Crime', 'PG', $13.02, $10.98);
INSERT INTO `mydb`.`movies` (`movieId`, `Title`, `length`, `genre`, `rating_rating`, `rentalPrice`, `purchasePrice`) VALUES (795, 'Teddy Bear (10 timer til Paradis)', 2:31:47, 'Drama|Romance', 'PG13', $6.38, $7.55);
INSERT INTO `mydb`.`movies` (`movieId`, `Title`, `length`, `genre`, `rating_rating`, `rentalPrice`, `purchasePrice`) VALUES (796, 'Strange Invaders', 0:26:02, 'Animation|Comedy', 'G', $3.74, $14.91);
INSERT INTO `mydb`.`movies` (`movieId`, `Title`, `length`, `genre`, `rating_rating`, `rentalPrice`, `purchasePrice`) VALUES (797, 'Katsastus', 0:17:37, 'Comedy|Drama', 'R', $11.03, $11.69);
INSERT INTO `mydb`.`movies` (`movieId`, `Title`, `length`, `genre`, `rating_rating`, `rentalPrice`, `purchasePrice`) VALUES (798, 'Shenandoah', 0:39:22, 'Documentary', 'PG', $9.83, $11.65);
INSERT INTO `mydb`.`movies` (`movieId`, `Title`, `length`, `genre`, `rating_rating`, `rentalPrice`, `purchasePrice`) VALUES (799, 'Collateral Damage', 2:28:48, 'Action|Thriller', 'PG', $13.21, $7.87);
INSERT INTO `mydb`.`movies` (`movieId`, `Title`, `length`, `genre`, `rating_rating`, `rentalPrice`, `purchasePrice`) VALUES (800, 'Solo Sunny', 0:59:07, 'Drama|Musical|Romance', 'PG13', $5.89, $9.07);
INSERT INTO `mydb`.`movies` (`movieId`, `Title`, `length`, `genre`, `rating_rating`, `rentalPrice`, `purchasePrice`) VALUES (801, 'Father of the Bride', 0:22:54, 'Comedy', 'PG', $14.83, $13.24);
INSERT INTO `mydb`.`movies` (`movieId`, `Title`, `length`, `genre`, `rating_rating`, `rentalPrice`, `purchasePrice`) VALUES (802, 'Collision Earth', 0:47:31, 'Action|Sci-Fi', 'PG', $5.33, $11.07);
INSERT INTO `mydb`.`movies` (`movieId`, `Title`, `length`, `genre`, `rating_rating`, `rentalPrice`, `purchasePrice`) VALUES (803, 'Snake-Crane Secret (She hao dan xin zhen jiu zhou)', 3:30:52, 'Action|Drama', 'PG', $13.24, $14.67);
INSERT INTO `mydb`.`movies` (`movieId`, `Title`, `length`, `genre`, `rating_rating`, `rentalPrice`, `purchasePrice`) VALUES (804, 'Zatoichi\'s Revenge (Zatichi nidan-kiri) (Zatichi 10)', 3:05:58, 'Action|Drama', 'PG', $12.96, $4.17);
INSERT INTO `mydb`.`movies` (`movieId`, `Title`, `length`, `genre`, `rating_rating`, `rentalPrice`, `purchasePrice`) VALUES (805, 'Between Your Legs (Entre las piernas)', 1:40:26, 'Drama|Mystery|Romance|Thriller', 'NC17', $9.26, $9.66);
INSERT INTO `mydb`.`movies` (`movieId`, `Title`, `length`, `genre`, `rating_rating`, `rentalPrice`, `purchasePrice`) VALUES (806, 'Helen of Troy', 4:51:29, 'Action|Adventure|Drama|Romance', 'R', $8.31, $5.52);
INSERT INTO `mydb`.`movies` (`movieId`, `Title`, `length`, `genre`, `rating_rating`, `rentalPrice`, `purchasePrice`) VALUES (807, 'Far Horizons, The', 3:17:31, 'Western', 'R', $12.51, $3.30);
INSERT INTO `mydb`.`movies` (`movieId`, `Title`, `length`, `genre`, `rating_rating`, `rentalPrice`, `purchasePrice`) VALUES (808, 'About Last Night', 4:12:06, 'Comedy|Romance', 'R', $14.92, $11.55);
INSERT INTO `mydb`.`movies` (`movieId`, `Title`, `length`, `genre`, `rating_rating`, `rentalPrice`, `purchasePrice`) VALUES (809, 'Alien Nation: Millennium', 3:06:05, 'Sci-Fi', 'R', $10.64, $9.04);
INSERT INTO `mydb`.`movies` (`movieId`, `Title`, `length`, `genre`, `rating_rating`, `rentalPrice`, `purchasePrice`) VALUES (810, 'Kill Me Later', 0:55:23, 'Romance|Thriller', 'PG', $13.73, $7.26);
INSERT INTO `mydb`.`movies` (`movieId`, `Title`, `length`, `genre`, `rating_rating`, `rentalPrice`, `purchasePrice`) VALUES (811, 'Carla\'s Song', 2:24:47, 'Drama|Romance|War', 'R', $2.33, $10.90);
INSERT INTO `mydb`.`movies` (`movieId`, `Title`, `length`, `genre`, `rating_rating`, `rentalPrice`, `purchasePrice`) VALUES (812, 'Working Class Goes to Heaven, The (a.k.a. Lulu the Tool) (La classe operaia va in paradiso)', 1:54:40, 'Drama', 'G', $8.86, $7.00);
INSERT INTO `mydb`.`movies` (`movieId`, `Title`, `length`, `genre`, `rating_rating`, `rentalPrice`, `purchasePrice`) VALUES (813, 'My Wife is an Actress (Ma Femme est une Actrice)', 4:07:58, 'Comedy|Drama|Romance', 'NC17', $10.85, $7.34);
INSERT INTO `mydb`.`movies` (`movieId`, `Title`, `length`, `genre`, `rating_rating`, `rentalPrice`, `purchasePrice`) VALUES (814, 'Young Gods (Hymypoika)', 3:20:53, 'Drama', 'G', $3.40, $13.67);
INSERT INTO `mydb`.`movies` (`movieId`, `Title`, `length`, `genre`, `rating_rating`, `rentalPrice`, `purchasePrice`) VALUES (815, 'X from Outer Space, The (Uch daikaij Girara)', 3:55:29, 'Horror|Sci-Fi', 'R', $8.83, $6.06);
INSERT INTO `mydb`.`movies` (`movieId`, `Title`, `length`, `genre`, `rating_rating`, `rentalPrice`, `purchasePrice`) VALUES (816, 'Blood of Redemption', 2:34:02, 'Action|Crime|Drama|Thriller', 'PG13', $12.84, $13.69);
INSERT INTO `mydb`.`movies` (`movieId`, `Title`, `length`, `genre`, `rating_rating`, `rentalPrice`, `purchasePrice`) VALUES (817, 'Thieves, The (Dodookdeul)', 3:13:52, 'Action|Crime', 'PG', $2.54, $5.58);
INSERT INTO `mydb`.`movies` (`movieId`, `Title`, `length`, `genre`, `rating_rating`, `rentalPrice`, `purchasePrice`) VALUES (818, 'One I Love, The', 0:06:34, 'Comedy|Drama|Romance', 'G', $9.85, $3.79);
INSERT INTO `mydb`.`movies` (`movieId`, `Title`, `length`, `genre`, `rating_rating`, `rentalPrice`, `purchasePrice`) VALUES (819, 'Tell', 3:39:45, 'Action|Crime|Drama', 'NC17', $4.42, $7.88);
INSERT INTO `mydb`.`movies` (`movieId`, `Title`, `length`, `genre`, `rating_rating`, `rentalPrice`, `purchasePrice`) VALUES (820, 'Percy Jackson: Sea of Monsters', 1:41:52, 'Adventure|Children|Fantasy', 'PG13', $10.32, $7.88);
INSERT INTO `mydb`.`movies` (`movieId`, `Title`, `length`, `genre`, `rating_rating`, `rentalPrice`, `purchasePrice`) VALUES (821, 'Minus Man, The', 4:26:59, 'Drama|Mystery', 'PG', $5.60, $14.36);
INSERT INTO `mydb`.`movies` (`movieId`, `Title`, `length`, `genre`, `rating_rating`, `rentalPrice`, `purchasePrice`) VALUES (822, 'When Harry Met Sally...', 2:43:34, 'Comedy|Romance', 'PG', $13.23, $13.56);
INSERT INTO `mydb`.`movies` (`movieId`, `Title`, `length`, `genre`, `rating_rating`, `rentalPrice`, `purchasePrice`) VALUES (823, 'Woman in The Septic Tank, The (Ang Babae sa septic tank)', 4:45:06, 'Comedy|Musical', 'G', $12.25, $11.97);
INSERT INTO `mydb`.`movies` (`movieId`, `Title`, `length`, `genre`, `rating_rating`, `rentalPrice`, `purchasePrice`) VALUES (824, 'Along Came Jones', 3:50:40, 'Comedy|Romance|Western', 'PG13', $4.20, $6.64);
INSERT INTO `mydb`.`movies` (`movieId`, `Title`, `length`, `genre`, `rating_rating`, `rentalPrice`, `purchasePrice`) VALUES (825, 'First Love (Primo Amore)', 0:39:27, 'Drama|Romance', 'PG13', $11.96, $5.15);
INSERT INTO `mydb`.`movies` (`movieId`, `Title`, `length`, `genre`, `rating_rating`, `rentalPrice`, `purchasePrice`) VALUES (826, 'Soap and Water', 4:03:36, 'Comedy', 'G', $10.26, $10.09);
INSERT INTO `mydb`.`movies` (`movieId`, `Title`, `length`, `genre`, `rating_rating`, `rentalPrice`, `purchasePrice`) VALUES (827, 'Total Recall', 4:08:50, 'Action|Adventure|Sci-Fi|Thriller', 'R', $11.63, $5.59);
INSERT INTO `mydb`.`movies` (`movieId`, `Title`, `length`, `genre`, `rating_rating`, `rentalPrice`, `purchasePrice`) VALUES (828, 'Vanishing Point', 0:14:23, 'Action|Drama', 'PG13', $9.75, $2.03);
INSERT INTO `mydb`.`movies` (`movieId`, `Title`, `length`, `genre`, `rating_rating`, `rentalPrice`, `purchasePrice`) VALUES (829, 'Country Strong', 1:46:40, 'Drama|Musical|Romance', 'PG', $10.23, $2.63);
INSERT INTO `mydb`.`movies` (`movieId`, `Title`, `length`, `genre`, `rating_rating`, `rentalPrice`, `purchasePrice`) VALUES (830, 'Intruder, The (L\'intrus)', 0:28:03, 'Drama', 'R', $14.92, $14.65);
INSERT INTO `mydb`.`movies` (`movieId`, `Title`, `length`, `genre`, `rating_rating`, `rentalPrice`, `purchasePrice`) VALUES (831, 'Human Touch', 0:06:03, 'Drama', 'PG13', $14.09, $11.78);
INSERT INTO `mydb`.`movies` (`movieId`, `Title`, `length`, `genre`, `rating_rating`, `rentalPrice`, `purchasePrice`) VALUES (832, 'Metal Brothers (Mammas pojkar)', 0:21:13, 'Comedy', 'PG13', $13.58, $14.23);
INSERT INTO `mydb`.`movies` (`movieId`, `Title`, `length`, `genre`, `rating_rating`, `rentalPrice`, `purchasePrice`) VALUES (833, 'Lifted', 3:49:41, 'Animation|Comedy|Sci-Fi', 'NC17', $13.84, $3.39);
INSERT INTO `mydb`.`movies` (`movieId`, `Title`, `length`, `genre`, `rating_rating`, `rentalPrice`, `purchasePrice`) VALUES (834, 'Hotel Pacific (Zaklete rewiry)', 1:01:50, 'Drama', 'G', $13.90, $10.70);
INSERT INTO `mydb`.`movies` (`movieId`, `Title`, `length`, `genre`, `rating_rating`, `rentalPrice`, `purchasePrice`) VALUES (835, 'Against All Odds', 4:44:06, 'Romance', 'R', $8.01, $5.82);
INSERT INTO `mydb`.`movies` (`movieId`, `Title`, `length`, `genre`, `rating_rating`, `rentalPrice`, `purchasePrice`) VALUES (836, 'Winners and Sinners (Qi mou miao ji: Wu fu xing)', 1:08:28, 'Action|Comedy|Crime', 'PG13', $10.43, $5.21);
INSERT INTO `mydb`.`movies` (`movieId`, `Title`, `length`, `genre`, `rating_rating`, `rentalPrice`, `purchasePrice`) VALUES (837, 'Garage, The', 3:02:36, 'Comedy', 'PG13', $2.68, $5.40);
INSERT INTO `mydb`.`movies` (`movieId`, `Title`, `length`, `genre`, `rating_rating`, `rentalPrice`, `purchasePrice`) VALUES (838, 'Wrongfully Accused', 0:25:02, 'Action|Comedy', 'NC17', $6.66, $2.56);
INSERT INTO `mydb`.`movies` (`movieId`, `Title`, `length`, `genre`, `rating_rating`, `rentalPrice`, `purchasePrice`) VALUES (839, 'Becoming Jane', 4:27:01, 'Drama|Romance', 'G', $2.30, $11.26);
INSERT INTO `mydb`.`movies` (`movieId`, `Title`, `length`, `genre`, `rating_rating`, `rentalPrice`, `purchasePrice`) VALUES (840, 'My Soul to Take', 0:54:32, 'Horror|Thriller', 'R', $10.69, $4.55);
INSERT INTO `mydb`.`movies` (`movieId`, `Title`, `length`, `genre`, `rating_rating`, `rentalPrice`, `purchasePrice`) VALUES (841, 'Alien Autopsy', 1:58:12, 'Comedy|Sci-Fi', 'R', $7.00, $4.32);
INSERT INTO `mydb`.`movies` (`movieId`, `Title`, `length`, `genre`, `rating_rating`, `rentalPrice`, `purchasePrice`) VALUES (842, 'Aura, The (Aura, El)', 0:06:20, 'Crime|Drama|Thriller', 'PG13', $11.49, $14.33);
INSERT INTO `mydb`.`movies` (`movieId`, `Title`, `length`, `genre`, `rating_rating`, `rentalPrice`, `purchasePrice`) VALUES (843, 'Red Riding: 1974', 3:43:29, 'Crime|Drama|Mystery|Thriller', 'PG', $11.57, $7.36);
INSERT INTO `mydb`.`movies` (`movieId`, `Title`, `length`, `genre`, `rating_rating`, `rentalPrice`, `purchasePrice`) VALUES (844, 'Man Without a Face, The', 4:01:39, 'Drama', 'R', $3.37, $13.58);
INSERT INTO `mydb`.`movies` (`movieId`, `Title`, `length`, `genre`, `rating_rating`, `rentalPrice`, `purchasePrice`) VALUES (845, 'Mexican, The', 4:02:44, 'Action|Comedy', 'R', $10.44, $8.44);
INSERT INTO `mydb`.`movies` (`movieId`, `Title`, `length`, `genre`, `rating_rating`, `rentalPrice`, `purchasePrice`) VALUES (846, 'Two Queens and One Consort (Twee vorstinnen en een vorst)', 3:22:14, 'Drama', 'NC17', $8.65, $4.52);
INSERT INTO `mydb`.`movies` (`movieId`, `Title`, `length`, `genre`, `rating_rating`, `rentalPrice`, `purchasePrice`) VALUES (847, 'Primary Colors', 3:34:20, 'Comedy|Drama', 'PG', $5.57, $7.47);
INSERT INTO `mydb`.`movies` (`movieId`, `Title`, `length`, `genre`, `rating_rating`, `rentalPrice`, `purchasePrice`) VALUES (848, '4:44 Last Day on Earth', 3:45:27, 'Drama|Fantasy|Sci-Fi', 'PG13', $13.51, $12.23);
INSERT INTO `mydb`.`movies` (`movieId`, `Title`, `length`, `genre`, `rating_rating`, `rentalPrice`, `purchasePrice`) VALUES (849, 'Jane Austen Book Club, The', 3:55:45, 'Drama|Romance', 'G', $10.49, $11.38);
INSERT INTO `mydb`.`movies` (`movieId`, `Title`, `length`, `genre`, `rating_rating`, `rentalPrice`, `purchasePrice`) VALUES (850, 'Terra (a.k.a. Battle for Terra)', 1:52:21, 'Adventure|Animation|Sci-Fi', 'G', $12.49, $12.63);
INSERT INTO `mydb`.`movies` (`movieId`, `Title`, `length`, `genre`, `rating_rating`, `rentalPrice`, `purchasePrice`) VALUES (851, 'Broken Kingdom', 3:58:25, 'Drama', 'PG13', $11.30, $9.73);
INSERT INTO `mydb`.`movies` (`movieId`, `Title`, `length`, `genre`, `rating_rating`, `rentalPrice`, `purchasePrice`) VALUES (852, 'Taking of Pelham 1 2 3, The', 1:22:14, 'Crime|Drama|Thriller', 'NC17', $13.18, $3.03);
INSERT INTO `mydb`.`movies` (`movieId`, `Title`, `length`, `genre`, `rating_rating`, `rentalPrice`, `purchasePrice`) VALUES (853, 'Almighty Thor', 2:21:23, 'Adventure|Fantasy', 'NC17', $11.94, $2.02);
INSERT INTO `mydb`.`movies` (`movieId`, `Title`, `length`, `genre`, `rating_rating`, `rentalPrice`, `purchasePrice`) VALUES (854, 'Boogie Woogie', 2:19:56, 'Comedy|Drama', 'G', $4.66, $8.89);
INSERT INTO `mydb`.`movies` (`movieId`, `Title`, `length`, `genre`, `rating_rating`, `rentalPrice`, `purchasePrice`) VALUES (855, 'Girlfight', 1:07:51, 'Drama', 'PG13', $7.63, $7.74);
INSERT INTO `mydb`.`movies` (`movieId`, `Title`, `length`, `genre`, `rating_rating`, `rentalPrice`, `purchasePrice`) VALUES (856, 'Profit, The', 3:36:23, 'Drama', 'NC17', $7.20, $12.17);
INSERT INTO `mydb`.`movies` (`movieId`, `Title`, `length`, `genre`, `rating_rating`, `rentalPrice`, `purchasePrice`) VALUES (857, 'Paperman', 2:46:37, 'Animation|Comedy|Romance', 'PG13', $3.14, $2.70);
INSERT INTO `mydb`.`movies` (`movieId`, `Title`, `length`, `genre`, `rating_rating`, `rentalPrice`, `purchasePrice`) VALUES (858, '9th Company', 2:46:37, 'Action|Drama|War', 'G', $13.90, $6.40);
INSERT INTO `mydb`.`movies` (`movieId`, `Title`, `length`, `genre`, `rating_rating`, `rentalPrice`, `purchasePrice`) VALUES (859, 'Crowd, The', 2:31:01, 'Drama', 'NC17', $12.63, $13.96);
INSERT INTO `mydb`.`movies` (`movieId`, `Title`, `length`, `genre`, `rating_rating`, `rentalPrice`, `purchasePrice`) VALUES (860, 'Soccer Days', 1:24:30, 'Comedy', 'R', $11.62, $3.42);
INSERT INTO `mydb`.`movies` (`movieId`, `Title`, `length`, `genre`, `rating_rating`, `rentalPrice`, `purchasePrice`) VALUES (861, 'Horsemen', 3:07:11, 'Crime|Drama|Horror|Mystery|Thriller', 'PG13', $3.88, $2.94);
INSERT INTO `mydb`.`movies` (`movieId`, `Title`, `length`, `genre`, `rating_rating`, `rentalPrice`, `purchasePrice`) VALUES (862, 'Last Mountain, The', 0:40:22, 'Documentary', 'PG13', $5.36, $5.73);
INSERT INTO `mydb`.`movies` (`movieId`, `Title`, `length`, `genre`, `rating_rating`, `rentalPrice`, `purchasePrice`) VALUES (863, 'Canon', 3:10:41, 'Animation', 'PG', $3.92, $9.37);
INSERT INTO `mydb`.`movies` (`movieId`, `Title`, `length`, `genre`, `rating_rating`, `rentalPrice`, `purchasePrice`) VALUES (864, 'Super Capers', 4:15:06, 'Action|Adventure|Comedy|Fantasy|Sci-Fi', 'R', $12.92, $12.31);
INSERT INTO `mydb`.`movies` (`movieId`, `Title`, `length`, `genre`, `rating_rating`, `rentalPrice`, `purchasePrice`) VALUES (865, 'Touch of Zen, A (Xia nu)', 2:08:33, 'Action|Adventure', 'NC17', $2.66, $10.87);
INSERT INTO `mydb`.`movies` (`movieId`, `Title`, `length`, `genre`, `rating_rating`, `rentalPrice`, `purchasePrice`) VALUES (866, 'Little Women', 0:12:22, 'Drama', 'R', $8.08, $12.53);
INSERT INTO `mydb`.`movies` (`movieId`, `Title`, `length`, `genre`, `rating_rating`, `rentalPrice`, `purchasePrice`) VALUES (867, 'Simon of the Desert (Simn del desierto)', 0:43:40, 'Drama', 'NC17', $3.96, $9.40);
INSERT INTO `mydb`.`movies` (`movieId`, `Title`, `length`, `genre`, `rating_rating`, `rentalPrice`, `purchasePrice`) VALUES (868, 'Princess Raccoon (Operetta tanuki goten)', 2:27:18, 'Comedy|Fantasy|Musical|Romance', 'R', $3.64, $2.28);
INSERT INTO `mydb`.`movies` (`movieId`, `Title`, `length`, `genre`, `rating_rating`, `rentalPrice`, `purchasePrice`) VALUES (869, 'Fierce Light: When Spirit Meets Action', 3:54:02, 'Documentary', 'PG13', $4.51, $4.48);
INSERT INTO `mydb`.`movies` (`movieId`, `Title`, `length`, `genre`, `rating_rating`, `rentalPrice`, `purchasePrice`) VALUES (870, 'No One Knows About Persian Cats (Kasi az gorbehaye irani khabar nadareh)', 4:27:20, 'Drama', 'R', $13.83, $13.84);
INSERT INTO `mydb`.`movies` (`movieId`, `Title`, `length`, `genre`, `rating_rating`, `rentalPrice`, `purchasePrice`) VALUES (871, 'Abandon', 2:26:17, 'Drama|Thriller', 'PG', $12.76, $4.25);
INSERT INTO `mydb`.`movies` (`movieId`, `Title`, `length`, `genre`, `rating_rating`, `rentalPrice`, `purchasePrice`) VALUES (872, 'Princess Raccoon (Operetta tanuki goten)', 2:52:35, 'Comedy|Fantasy|Musical|Romance', 'G', $13.74, $8.22);
INSERT INTO `mydb`.`movies` (`movieId`, `Title`, `length`, `genre`, `rating_rating`, `rentalPrice`, `purchasePrice`) VALUES (873, 'Austenland', 2:39:53, 'Comedy|Romance', 'PG', $7.95, $14.93);
INSERT INTO `mydb`.`movies` (`movieId`, `Title`, `length`, `genre`, `rating_rating`, `rentalPrice`, `purchasePrice`) VALUES (874, '1, 2, 3, Sun (Un, deuz, trois, soleil)', 3:00:54, 'Drama', 'NC17', $4.29, $4.21);
INSERT INTO `mydb`.`movies` (`movieId`, `Title`, `length`, `genre`, `rating_rating`, `rentalPrice`, `purchasePrice`) VALUES (875, 'Green Zone', 4:16:01, 'Action|Drama|Thriller|War', 'G', $3.53, $9.74);
INSERT INTO `mydb`.`movies` (`movieId`, `Title`, `length`, `genre`, `rating_rating`, `rentalPrice`, `purchasePrice`) VALUES (876, 'Sergeant Krmy and the Underwater Vehicles (Vpeli Krmy ja vetenalaiset vehkeet)', 3:23:01, 'Comedy', 'R', $12.76, $10.18);
INSERT INTO `mydb`.`movies` (`movieId`, `Title`, `length`, `genre`, `rating_rating`, `rentalPrice`, `purchasePrice`) VALUES (877, 'Love Simple', 0:12:04, 'Comedy|Romance', 'PG13', $6.20, $5.55);
INSERT INTO `mydb`.`movies` (`movieId`, `Title`, `length`, `genre`, `rating_rating`, `rentalPrice`, `purchasePrice`) VALUES (878, 'Sugar', 3:22:03, 'Drama', 'G', $6.54, $11.46);
INSERT INTO `mydb`.`movies` (`movieId`, `Title`, `length`, `genre`, `rating_rating`, `rentalPrice`, `purchasePrice`) VALUES (879, 'Tortoise and the Hare, The', 4:06:27, 'Animation|Children|Comedy', 'G', $4.73, $11.98);
INSERT INTO `mydb`.`movies` (`movieId`, `Title`, `length`, `genre`, `rating_rating`, `rentalPrice`, `purchasePrice`) VALUES (880, 'Earth vs. the Spider', 2:43:36, 'Horror|Sci-Fi|Thriller', 'G', $3.22, $7.14);
INSERT INTO `mydb`.`movies` (`movieId`, `Title`, `length`, `genre`, `rating_rating`, `rentalPrice`, `purchasePrice`) VALUES (881, 'They Bite', 2:34:23, 'Comedy|Horror|Sci-Fi', 'G', $3.29, $6.53);
INSERT INTO `mydb`.`movies` (`movieId`, `Title`, `length`, `genre`, `rating_rating`, `rentalPrice`, `purchasePrice`) VALUES (882, 'Sugarbaby', 3:30:06, 'Comedy', 'PG', $7.41, $8.35);
INSERT INTO `mydb`.`movies` (`movieId`, `Title`, `length`, `genre`, `rating_rating`, `rentalPrice`, `purchasePrice`) VALUES (883, 'Cameraman\'s Revenge, The (Mest kinematograficheskogo operatora)', 3:43:27, 'Animation|Comedy', 'NC17', $8.53, $8.30);
INSERT INTO `mydb`.`movies` (`movieId`, `Title`, `length`, `genre`, `rating_rating`, `rentalPrice`, `purchasePrice`) VALUES (884, 'Switchback', 2:13:10, 'Crime|Mystery|Thriller', 'NC17', $7.42, $14.70);
INSERT INTO `mydb`.`movies` (`movieId`, `Title`, `length`, `genre`, `rating_rating`, `rentalPrice`, `purchasePrice`) VALUES (885, 'Wrong Turn 4', 4:20:45, 'Action|Horror|Thriller', 'G', $4.16, $13.96);
INSERT INTO `mydb`.`movies` (`movieId`, `Title`, `length`, `genre`, `rating_rating`, `rentalPrice`, `purchasePrice`) VALUES (886, 'Closed Circuit', 0:04:34, 'Crime|Drama|Mystery', 'G', $12.13, $8.78);
INSERT INTO `mydb`.`movies` (`movieId`, `Title`, `length`, `genre`, `rating_rating`, `rentalPrice`, `purchasePrice`) VALUES (887, 'Camille Rewinds', 0:54:41, 'Comedy|Romance', 'PG', $5.01, $14.51);
INSERT INTO `mydb`.`movies` (`movieId`, `Title`, `length`, `genre`, `rating_rating`, `rentalPrice`, `purchasePrice`) VALUES (888, 'Pelle the Conqueror (Pelle erobreren)', 2:32:43, 'Drama', 'PG', $5.77, $10.66);
INSERT INTO `mydb`.`movies` (`movieId`, `Title`, `length`, `genre`, `rating_rating`, `rentalPrice`, `purchasePrice`) VALUES (889, 'Nine Lives of Fritz the Cat, The', 4:41:49, 'Animation', 'PG13', $13.53, $11.03);
INSERT INTO `mydb`.`movies` (`movieId`, `Title`, `length`, `genre`, `rating_rating`, `rentalPrice`, `purchasePrice`) VALUES (890, 'Deep Impact', 4:46:00, 'Drama|Sci-Fi|Thriller', 'G', $5.63, $13.41);
INSERT INTO `mydb`.`movies` (`movieId`, `Title`, `length`, `genre`, `rating_rating`, `rentalPrice`, `purchasePrice`) VALUES (891, 'Lauderdale (a.k.a. Spring Break USA) (a.k.a. Spring Fever USA)', 2:31:40, 'Comedy', 'PG13', $5.17, $7.50);
INSERT INTO `mydb`.`movies` (`movieId`, `Title`, `length`, `genre`, `rating_rating`, `rentalPrice`, `purchasePrice`) VALUES (892, 'Penitentiary II', 0:44:50, 'Drama', 'PG', $5.11, $7.04);
INSERT INTO `mydb`.`movies` (`movieId`, `Title`, `length`, `genre`, `rating_rating`, `rentalPrice`, `purchasePrice`) VALUES (893, 'The Key', 0:05:42, 'Drama', 'NC17', $10.40, $10.28);
INSERT INTO `mydb`.`movies` (`movieId`, `Title`, `length`, `genre`, `rating_rating`, `rentalPrice`, `purchasePrice`) VALUES (894, 'Spy Who Came in from the Cold, The', 2:49:35, 'Drama|Thriller', 'G', $10.05, $13.04);
INSERT INTO `mydb`.`movies` (`movieId`, `Title`, `length`, `genre`, `rating_rating`, `rentalPrice`, `purchasePrice`) VALUES (895, 'Ant Bully, The', 3:58:54, 'Adventure|Animation|Children|Comedy|Fantasy|IMAX', 'R', $2.84, $3.72);
INSERT INTO `mydb`.`movies` (`movieId`, `Title`, `length`, `genre`, `rating_rating`, `rentalPrice`, `purchasePrice`) VALUES (896, 'Old San Francisco', 0:32:24, 'Drama|Romance', 'PG13', $4.04, $2.03);
INSERT INTO `mydb`.`movies` (`movieId`, `Title`, `length`, `genre`, `rating_rating`, `rentalPrice`, `purchasePrice`) VALUES (897, 'Extreme Prejudice', 4:20:37, 'Action', 'PG13', $9.03, $6.00);
INSERT INTO `mydb`.`movies` (`movieId`, `Title`, `length`, `genre`, `rating_rating`, `rentalPrice`, `purchasePrice`) VALUES (898, 'Penelope', 3:42:03, 'Comedy|Crime', 'PG', $13.13, $7.92);
INSERT INTO `mydb`.`movies` (`movieId`, `Title`, `length`, `genre`, `rating_rating`, `rentalPrice`, `purchasePrice`) VALUES (899, 'Age of Uprising: The Legend of Michael Kohlhaas (Michael Kohlhaas)', 0:48:31, 'Drama', 'NC17', $10.27, $13.15);
INSERT INTO `mydb`.`movies` (`movieId`, `Title`, `length`, `genre`, `rating_rating`, `rentalPrice`, `purchasePrice`) VALUES (900, 'Twelve O\'Clock High', 2:53:37, 'Drama|War', 'R', $6.74, $11.84);
INSERT INTO `mydb`.`movies` (`movieId`, `Title`, `length`, `genre`, `rating_rating`, `rentalPrice`, `purchasePrice`) VALUES (901, 'The Kiss', 2:45:06, 'Romance', 'PG', $6.38, $11.77);
INSERT INTO `mydb`.`movies` (`movieId`, `Title`, `length`, `genre`, `rating_rating`, `rentalPrice`, `purchasePrice`) VALUES (902, 'Vice Squad', 0:06:55, 'Crime|Drama', 'PG', $10.62, $12.52);
INSERT INTO `mydb`.`movies` (`movieId`, `Title`, `length`, `genre`, `rating_rating`, `rentalPrice`, `purchasePrice`) VALUES (903, 'vegtigris', 0:51:43, 'Comedy', 'PG', $7.07, $10.64);
INSERT INTO `mydb`.`movies` (`movieId`, `Title`, `length`, `genre`, `rating_rating`, `rentalPrice`, `purchasePrice`) VALUES (904, 'Michael Jackson: Life of a Superstar', 0:25:23, 'Documentary', 'G', $12.89, $12.45);
INSERT INTO `mydb`.`movies` (`movieId`, `Title`, `length`, `genre`, `rating_rating`, `rentalPrice`, `purchasePrice`) VALUES (905, 'Curse of Frankenstein, The', 4:06:51, 'Horror', 'R', $9.63, $12.29);
INSERT INTO `mydb`.`movies` (`movieId`, `Title`, `length`, `genre`, `rating_rating`, `rentalPrice`, `purchasePrice`) VALUES (906, 'Hollywood Between Paranoia and Sci-Fi. The Power of Myth', 0:00:07, 'Documentary', 'PG13', $6.55, $6.73);
INSERT INTO `mydb`.`movies` (`movieId`, `Title`, `length`, `genre`, `rating_rating`, `rentalPrice`, `purchasePrice`) VALUES (907, 'Pacific Heights', 2:10:36, 'Mystery|Thriller', 'PG', $4.01, $6.74);
INSERT INTO `mydb`.`movies` (`movieId`, `Title`, `length`, `genre`, `rating_rating`, `rentalPrice`, `purchasePrice`) VALUES (908, 'On the Run', 0:13:41, 'Crime|Drama|Thriller', 'R', $10.86, $14.37);
INSERT INTO `mydb`.`movies` (`movieId`, `Title`, `length`, `genre`, `rating_rating`, `rentalPrice`, `purchasePrice`) VALUES (909, 'My Beautiful Laundrette', 2:07:15, 'Drama|Romance', 'NC17', $13.18, $13.27);
INSERT INTO `mydb`.`movies` (`movieId`, `Title`, `length`, `genre`, `rating_rating`, `rentalPrice`, `purchasePrice`) VALUES (910, 'BURN-E', 3:10:46, 'Adventure|Animation|Children|Sci-Fi', 'NC17', $4.20, $6.72);
INSERT INTO `mydb`.`movies` (`movieId`, `Title`, `length`, `genre`, `rating_rating`, `rentalPrice`, `purchasePrice`) VALUES (911, 'Huckleberry Finn', 3:25:23, 'Adventure|Musical', 'PG13', $6.59, $5.63);
INSERT INTO `mydb`.`movies` (`movieId`, `Title`, `length`, `genre`, `rating_rating`, `rentalPrice`, `purchasePrice`) VALUES (912, 'Radio Inside', 1:45:22, 'Drama|Romance', 'G', $9.56, $5.74);
INSERT INTO `mydb`.`movies` (`movieId`, `Title`, `length`, `genre`, `rating_rating`, `rentalPrice`, `purchasePrice`) VALUES (913, 'Amazing Spider-Man, The', 0:12:26, 'Action|Adventure|Sci-Fi|IMAX', 'NC17', $14.86, $5.95);
INSERT INTO `mydb`.`movies` (`movieId`, `Title`, `length`, `genre`, `rating_rating`, `rentalPrice`, `purchasePrice`) VALUES (914, 'Mine Games', 3:37:28, 'Mystery|Thriller', 'NC17', $14.48, $14.04);
INSERT INTO `mydb`.`movies` (`movieId`, `Title`, `length`, `genre`, `rating_rating`, `rentalPrice`, `purchasePrice`) VALUES (915, 'The Captains', 3:48:16, 'Documentary|Sci-Fi', 'PG13', $14.59, $2.65);
INSERT INTO `mydb`.`movies` (`movieId`, `Title`, `length`, `genre`, `rating_rating`, `rentalPrice`, `purchasePrice`) VALUES (916, 'Ride with the Devil', 3:04:14, 'Drama|Romance|War', 'R', $12.50, $11.21);
INSERT INTO `mydb`.`movies` (`movieId`, `Title`, `length`, `genre`, `rating_rating`, `rentalPrice`, `purchasePrice`) VALUES (917, 'Willow', 1:33:17, 'Action|Adventure|Fantasy', 'G', $11.13, $10.04);
INSERT INTO `mydb`.`movies` (`movieId`, `Title`, `length`, `genre`, `rating_rating`, `rentalPrice`, `purchasePrice`) VALUES (918, 'Brother 2 (Brat 2)', 4:13:47, 'Crime|Drama', 'PG', $8.52, $5.61);
INSERT INTO `mydb`.`movies` (`movieId`, `Title`, `length`, `genre`, `rating_rating`, `rentalPrice`, `purchasePrice`) VALUES (919, 'Earth to Echo', 4:13:35, 'Adventure|Children|Sci-Fi', 'PG13', $11.43, $7.46);
INSERT INTO `mydb`.`movies` (`movieId`, `Title`, `length`, `genre`, `rating_rating`, `rentalPrice`, `purchasePrice`) VALUES (920, 'Jerusalem', 1:37:24, 'Drama', 'PG', $7.62, $8.20);
INSERT INTO `mydb`.`movies` (`movieId`, `Title`, `length`, `genre`, `rating_rating`, `rentalPrice`, `purchasePrice`) VALUES (921, 'Isn\'t She Great?', 2:39:01, 'Comedy', 'PG13', $5.56, $6.17);
INSERT INTO `mydb`.`movies` (`movieId`, `Title`, `length`, `genre`, `rating_rating`, `rentalPrice`, `purchasePrice`) VALUES (922, 'Hunchback of Notre Dame, The', 4:22:04, 'Drama|Horror', 'PG', $9.83, $2.43);
INSERT INTO `mydb`.`movies` (`movieId`, `Title`, `length`, `genre`, `rating_rating`, `rentalPrice`, `purchasePrice`) VALUES (923, '33 Scenes from Life (33 sceny z zycia)', 3:23:25, 'Drama', 'PG13', $7.17, $6.09);
INSERT INTO `mydb`.`movies` (`movieId`, `Title`, `length`, `genre`, `rating_rating`, `rentalPrice`, `purchasePrice`) VALUES (924, 'Hidden Fortress, The (Kakushi-toride no san-akunin)', 4:37:59, 'Action|Adventure', 'PG13', $3.22, $8.97);
INSERT INTO `mydb`.`movies` (`movieId`, `Title`, `length`, `genre`, `rating_rating`, `rentalPrice`, `purchasePrice`) VALUES (925, 'Rawhead Rex', 0:25:46, 'Horror|Thriller', 'PG', $7.24, $3.60);
INSERT INTO `mydb`.`movies` (`movieId`, `Title`, `length`, `genre`, `rating_rating`, `rentalPrice`, `purchasePrice`) VALUES (926, 'Mickey\'s The Prince and the Pauper', 4:30:06, 'Animation|Children', 'G', $9.95, $7.02);
INSERT INTO `mydb`.`movies` (`movieId`, `Title`, `length`, `genre`, `rating_rating`, `rentalPrice`, `purchasePrice`) VALUES (927, 'The Police Serve the Citizens?', 1:59:13, 'Action|Crime', 'G', $2.65, $6.67);
INSERT INTO `mydb`.`movies` (`movieId`, `Title`, `length`, `genre`, `rating_rating`, `rentalPrice`, `purchasePrice`) VALUES (928, 'Besieged (a.k.a. L\' Assedio)', 4:11:01, 'Drama', 'G', $4.72, $2.31);
INSERT INTO `mydb`.`movies` (`movieId`, `Title`, `length`, `genre`, `rating_rating`, `rentalPrice`, `purchasePrice`) VALUES (929, 'Batman: Mystery of the Batwoman', 4:55:04, 'Action|Animation|Children|Crime', 'PG', $13.23, $4.46);
INSERT INTO `mydb`.`movies` (`movieId`, `Title`, `length`, `genre`, `rating_rating`, `rentalPrice`, `purchasePrice`) VALUES (930, 'Bullet to the Head', 0:10:36, 'Action|Crime|Film-Noir', 'PG', $2.00, $6.35);
INSERT INTO `mydb`.`movies` (`movieId`, `Title`, `length`, `genre`, `rating_rating`, `rentalPrice`, `purchasePrice`) VALUES (931, 'I, Robot', 4:14:53, 'Action|Adventure|Sci-Fi|Thriller', 'PG13', $7.39, $10.04);
INSERT INTO `mydb`.`movies` (`movieId`, `Title`, `length`, `genre`, `rating_rating`, `rentalPrice`, `purchasePrice`) VALUES (932, 'Wallace & Gromit: The Wrong Trousers', 3:24:29, 'Animation|Children|Comedy|Crime', 'PG13', $14.23, $5.41);
INSERT INTO `mydb`.`movies` (`movieId`, `Title`, `length`, `genre`, `rating_rating`, `rentalPrice`, `purchasePrice`) VALUES (933, 'Immortal Beloved', 0:32:54, 'Drama|Romance', 'NC17', $14.39, $13.24);
INSERT INTO `mydb`.`movies` (`movieId`, `Title`, `length`, `genre`, `rating_rating`, `rentalPrice`, `purchasePrice`) VALUES (934, 'Jack Reacher', 2:32:36, 'Action|Crime|Thriller', 'PG13', $8.27, $13.03);
INSERT INTO `mydb`.`movies` (`movieId`, `Title`, `length`, `genre`, `rating_rating`, `rentalPrice`, `purchasePrice`) VALUES (935, 'Roman Polanski: Wanted and Desired', 1:09:22, 'Documentary', 'R', $3.21, $13.57);
INSERT INTO `mydb`.`movies` (`movieId`, `Title`, `length`, `genre`, `rating_rating`, `rentalPrice`, `purchasePrice`) VALUES (936, 'Hit by Lightning', 2:06:56, 'Comedy|Crime|Romance', 'NC17', $10.66, $9.24);
INSERT INTO `mydb`.`movies` (`movieId`, `Title`, `length`, `genre`, `rating_rating`, `rentalPrice`, `purchasePrice`) VALUES (937, 'Alien Raiders', 1:50:45, 'Mystery|Sci-Fi|Thriller', 'R', $6.87, $5.02);
INSERT INTO `mydb`.`movies` (`movieId`, `Title`, `length`, `genre`, `rating_rating`, `rentalPrice`, `purchasePrice`) VALUES (938, 'Yongary: Monster from the Deep', 0:25:30, 'Children|Horror|Sci-Fi', 'NC17', $10.87, $5.88);
INSERT INTO `mydb`.`movies` (`movieId`, `Title`, `length`, `genre`, `rating_rating`, `rentalPrice`, `purchasePrice`) VALUES (939, 'Manhattan Baby', 2:02:18, 'Horror', 'PG13', $10.29, $9.22);
INSERT INTO `mydb`.`movies` (`movieId`, `Title`, `length`, `genre`, `rating_rating`, `rentalPrice`, `purchasePrice`) VALUES (940, 'Last Polka, The', 3:45:28, 'Comedy|Musical', 'G', $14.62, $4.25);
INSERT INTO `mydb`.`movies` (`movieId`, `Title`, `length`, `genre`, `rating_rating`, `rentalPrice`, `purchasePrice`) VALUES (941, 'Valentino: The Last Emperor', 4:11:34, 'Documentary', 'PG13', $9.91, $4.89);
INSERT INTO `mydb`.`movies` (`movieId`, `Title`, `length`, `genre`, `rating_rating`, `rentalPrice`, `purchasePrice`) VALUES (942, 'Gulliver\'s Travels', 1:27:07, 'Adventure|Comedy|Fantasy', 'PG', $5.14, $13.05);
INSERT INTO `mydb`.`movies` (`movieId`, `Title`, `length`, `genre`, `rating_rating`, `rentalPrice`, `purchasePrice`) VALUES (943, 'Boondock Saints II: All Saints Day, The', 3:06:37, 'Action|Crime|Drama|Thriller', 'G', $3.61, $5.87);
INSERT INTO `mydb`.`movies` (`movieId`, `Title`, `length`, `genre`, `rating_rating`, `rentalPrice`, `purchasePrice`) VALUES (944, 'Snake and Crane Arts of Shaolin (She hao ba bu)', 1:44:19, 'Action|Drama', 'NC17', $6.49, $13.28);
INSERT INTO `mydb`.`movies` (`movieId`, `Title`, `length`, `genre`, `rating_rating`, `rentalPrice`, `purchasePrice`) VALUES (945, 'Zombieland', 2:10:38, 'Action|Comedy|Horror', 'G', $6.21, $10.99);
INSERT INTO `mydb`.`movies` (`movieId`, `Title`, `length`, `genre`, `rating_rating`, `rentalPrice`, `purchasePrice`) VALUES (946, 'Taira Clan Saga, The (Shin heike monogatari)', 1:57:17, 'Drama', 'G', $10.98, $6.24);
INSERT INTO `mydb`.`movies` (`movieId`, `Title`, `length`, `genre`, `rating_rating`, `rentalPrice`, `purchasePrice`) VALUES (947, 'Horse\'s Mouth, The', 4:28:47, 'Comedy', 'PG13', $9.79, $11.94);
INSERT INTO `mydb`.`movies` (`movieId`, `Title`, `length`, `genre`, `rating_rating`, `rentalPrice`, `purchasePrice`) VALUES (948, 'Scalphunters, The', 4:13:48, 'Comedy|Western', 'NC17', $7.14, $10.60);
INSERT INTO `mydb`.`movies` (`movieId`, `Title`, `length`, `genre`, `rating_rating`, `rentalPrice`, `purchasePrice`) VALUES (949, 'State of Play', 2:53:26, 'Crime|Drama|Mystery', 'PG', $5.13, $8.98);
INSERT INTO `mydb`.`movies` (`movieId`, `Title`, `length`, `genre`, `rating_rating`, `rentalPrice`, `purchasePrice`) VALUES (950, 'Pride and Glory', 4:12:11, 'Crime|Drama', 'PG13', $9.92, $10.36);
INSERT INTO `mydb`.`movies` (`movieId`, `Title`, `length`, `genre`, `rating_rating`, `rentalPrice`, `purchasePrice`) VALUES (951, 'Sun Don\'t Shine', 0:27:26, 'Crime|Drama|Mystery', 'R', $7.19, $8.76);
INSERT INTO `mydb`.`movies` (`movieId`, `Title`, `length`, `genre`, `rating_rating`, `rentalPrice`, `purchasePrice`) VALUES (952, 'Night in Heaven, A', 2:51:29, 'Drama|Romance', 'PG', $4.56, $3.78);
INSERT INTO `mydb`.`movies` (`movieId`, `Title`, `length`, `genre`, `rating_rating`, `rentalPrice`, `purchasePrice`) VALUES (953, 'Where the Boys Are \'84', 2:57:34, 'Comedy', 'PG13', $5.45, $5.47);
INSERT INTO `mydb`.`movies` (`movieId`, `Title`, `length`, `genre`, `rating_rating`, `rentalPrice`, `purchasePrice`) VALUES (954, 'Smile', 1:27:51, 'Comedy', 'PG13', $4.25, $9.95);
INSERT INTO `mydb`.`movies` (`movieId`, `Title`, `length`, `genre`, `rating_rating`, `rentalPrice`, `purchasePrice`) VALUES (955, 'Sansa', 4:35:46, 'Drama', 'PG', $13.77, $8.92);
INSERT INTO `mydb`.`movies` (`movieId`, `Title`, `length`, `genre`, `rating_rating`, `rentalPrice`, `purchasePrice`) VALUES (956, 'Genius Within: The Inner Life of Glenn Gould', 0:52:34, 'Documentary', 'PG13', $3.08, $12.88);
INSERT INTO `mydb`.`movies` (`movieId`, `Title`, `length`, `genre`, `rating_rating`, `rentalPrice`, `purchasePrice`) VALUES (957, 'Osmosis Jones', 3:19:29, 'Action|Animation|Comedy|Crime|Drama|Romance|Thriller', 'G', $13.34, $13.31);
INSERT INTO `mydb`.`movies` (`movieId`, `Title`, `length`, `genre`, `rating_rating`, `rentalPrice`, `purchasePrice`) VALUES (958, 'Family Game, The (Kazoku gmu)', 2:46:24, 'Comedy|Drama', 'PG13', $10.31, $5.43);
INSERT INTO `mydb`.`movies` (`movieId`, `Title`, `length`, `genre`, `rating_rating`, `rentalPrice`, `purchasePrice`) VALUES (959, 'Walt & El Grupo', 2:43:30, 'Documentary', 'R', $14.81, $2.99);
INSERT INTO `mydb`.`movies` (`movieId`, `Title`, `length`, `genre`, `rating_rating`, `rentalPrice`, `purchasePrice`) VALUES (960, 'Positively True Adventures of the Alleged Texas Cheerleader-Murdering Mom, The', 3:14:13, 'Comedy|Thriller', 'PG', $14.54, $10.02);
INSERT INTO `mydb`.`movies` (`movieId`, `Title`, `length`, `genre`, `rating_rating`, `rentalPrice`, `purchasePrice`) VALUES (961, 'Cost of Living, The (Le cot de la vie)', 0:00:58, 'Comedy', 'G', $6.20, $9.67);
INSERT INTO `mydb`.`movies` (`movieId`, `Title`, `length`, `genre`, `rating_rating`, `rentalPrice`, `purchasePrice`) VALUES (962, 'Kiss Me (Kyss Mig)', 4:48:51, 'Drama|Romance', 'R', $5.09, $2.38);
INSERT INTO `mydb`.`movies` (`movieId`, `Title`, `length`, `genre`, `rating_rating`, `rentalPrice`, `purchasePrice`) VALUES (963, 'Videodrome', 2:18:52, 'Fantasy|Horror|Sci-Fi|Thriller', 'PG', $6.55, $10.06);
INSERT INTO `mydb`.`movies` (`movieId`, `Title`, `length`, `genre`, `rating_rating`, `rentalPrice`, `purchasePrice`) VALUES (964, 'Dead Man\'s Walk', 1:03:12, 'Western', 'R', $9.05, $10.49);
INSERT INTO `mydb`.`movies` (`movieId`, `Title`, `length`, `genre`, `rating_rating`, `rentalPrice`, `purchasePrice`) VALUES (965, 'That Darn Cat!', 2:16:52, 'Children|Comedy|Mystery', 'PG13', $2.42, $14.16);
INSERT INTO `mydb`.`movies` (`movieId`, `Title`, `length`, `genre`, `rating_rating`, `rentalPrice`, `purchasePrice`) VALUES (966, 'In the Time of the Butterflies', 0:31:32, 'Crime|Drama', 'G', $10.76, $9.04);
INSERT INTO `mydb`.`movies` (`movieId`, `Title`, `length`, `genre`, `rating_rating`, `rentalPrice`, `purchasePrice`) VALUES (967, 'Garbage Prince', 2:42:22, 'Comedy|Drama|Romance', 'G', $10.74, $4.89);
INSERT INTO `mydb`.`movies` (`movieId`, `Title`, `length`, `genre`, `rating_rating`, `rentalPrice`, `purchasePrice`) VALUES (968, 'Heaven', 3:03:49, 'Thriller', 'PG13', $14.76, $6.63);
INSERT INTO `mydb`.`movies` (`movieId`, `Title`, `length`, `genre`, `rating_rating`, `rentalPrice`, `purchasePrice`) VALUES (969, 'Mbius', 4:35:18, 'Drama|Thriller', 'PG', $7.77, $5.82);
INSERT INTO `mydb`.`movies` (`movieId`, `Title`, `length`, `genre`, `rating_rating`, `rentalPrice`, `purchasePrice`) VALUES (970, 'Winning Streak', 3:30:24, 'Drama', 'PG', $13.15, $5.94);
INSERT INTO `mydb`.`movies` (`movieId`, `Title`, `length`, `genre`, `rating_rating`, `rentalPrice`, `purchasePrice`) VALUES (971, 'Toolbox Murders, The', 1:53:59, 'Horror|Thriller', 'R', $10.69, $14.14);
INSERT INTO `mydb`.`movies` (`movieId`, `Title`, `length`, `genre`, `rating_rating`, `rentalPrice`, `purchasePrice`) VALUES (972, 'Blood Night: The Legend of Mary Hatchet (Blood Night)', 2:07:23, 'Horror', 'PG13', $4.99, $2.15);
INSERT INTO `mydb`.`movies` (`movieId`, `Title`, `length`, `genre`, `rating_rating`, `rentalPrice`, `purchasePrice`) VALUES (973, '13 Going on 30', 4:14:25, 'Comedy|Fantasy|Romance', 'NC17', $7.36, $14.50);
INSERT INTO `mydb`.`movies` (`movieId`, `Title`, `length`, `genre`, `rating_rating`, `rentalPrice`, `purchasePrice`) VALUES (974, 'Light Is Calling', 3:08:29, '(no genres listed)', 'NC17', $8.81, $12.19);
INSERT INTO `mydb`.`movies` (`movieId`, `Title`, `length`, `genre`, `rating_rating`, `rentalPrice`, `purchasePrice`) VALUES (975, 'Big Doll House, The', 4:29:58, 'Action', 'PG13', $5.52, $8.76);
INSERT INTO `mydb`.`movies` (`movieId`, `Title`, `length`, `genre`, `rating_rating`, `rentalPrice`, `purchasePrice`) VALUES (976, 'Thirst', 0:15:08, 'Drama', 'R', $4.11, $6.74);
INSERT INTO `mydb`.`movies` (`movieId`, `Title`, `length`, `genre`, `rating_rating`, `rentalPrice`, `purchasePrice`) VALUES (977, 'Ulysses (Ulisse)', 1:55:47, 'Adventure', 'R', $13.61, $8.23);
INSERT INTO `mydb`.`movies` (`movieId`, `Title`, `length`, `genre`, `rating_rating`, `rentalPrice`, `purchasePrice`) VALUES (978, 'Unborn in the USA: Inside the War on Abortion', 4:46:24, 'Documentary', 'PG13', $10.52, $12.28);
INSERT INTO `mydb`.`movies` (`movieId`, `Title`, `length`, `genre`, `rating_rating`, `rentalPrice`, `purchasePrice`) VALUES (979, 'David Holzman\'s Diary', 1:38:10, 'Documentary|Drama', 'PG13', $10.71, $4.76);
INSERT INTO `mydb`.`movies` (`movieId`, `Title`, `length`, `genre`, `rating_rating`, `rentalPrice`, `purchasePrice`) VALUES (980, 'C.O.G.', 4:51:18, 'Comedy|Drama', 'G', $4.91, $8.11);
INSERT INTO `mydb`.`movies` (`movieId`, `Title`, `length`, `genre`, `rating_rating`, `rentalPrice`, `purchasePrice`) VALUES (981, 'Good Luck. And Take Care of Each Other', 1:58:49, 'Comedy|Drama', 'NC17', $3.07, $3.07);
INSERT INTO `mydb`.`movies` (`movieId`, `Title`, `length`, `genre`, `rating_rating`, `rentalPrice`, `purchasePrice`) VALUES (982, 'Insect Woman, The (Nippon konchki)', 0:17:38, 'Drama', 'G', $2.25, $13.32);
INSERT INTO `mydb`.`movies` (`movieId`, `Title`, `length`, `genre`, `rating_rating`, `rentalPrice`, `purchasePrice`) VALUES (983, 'Love Object', 3:21:32, 'Comedy|Drama|Horror|Romance|Thriller', 'PG', $6.90, $3.21);
INSERT INTO `mydb`.`movies` (`movieId`, `Title`, `length`, `genre`, `rating_rating`, `rentalPrice`, `purchasePrice`) VALUES (984, 'Cinderella', 2:53:52, 'Adventure|Children|Drama|Sci-Fi', 'G', $14.67, $14.63);
INSERT INTO `mydb`.`movies` (`movieId`, `Title`, `length`, `genre`, `rating_rating`, `rentalPrice`, `purchasePrice`) VALUES (985, 'Down in the Valley', 0:32:35, 'Drama|Romance', 'NC17', $6.52, $13.63);
INSERT INTO `mydb`.`movies` (`movieId`, `Title`, `length`, `genre`, `rating_rating`, `rentalPrice`, `purchasePrice`) VALUES (986, 'Kid & I, The', 2:02:52, 'Comedy', 'R', $10.16, $7.42);
INSERT INTO `mydb`.`movies` (`movieId`, `Title`, `length`, `genre`, `rating_rating`, `rentalPrice`, `purchasePrice`) VALUES (987, 'Emigrants, The (Utvandrarna)', 3:43:29, 'Drama', 'NC17', $5.22, $4.93);
INSERT INTO `mydb`.`movies` (`movieId`, `Title`, `length`, `genre`, `rating_rating`, `rentalPrice`, `purchasePrice`) VALUES (988, 'Innocent Affair, An (Don\'t Trust Your Husband) (Under Suspicion)', 3:59:56, 'Comedy', 'R', $9.19, $9.02);
INSERT INTO `mydb`.`movies` (`movieId`, `Title`, `length`, `genre`, `rating_rating`, `rentalPrice`, `purchasePrice`) VALUES (989, 'Herbie Rides Again', 3:15:07, 'Adventure|Children|Comedy', 'R', $4.86, $3.70);
INSERT INTO `mydb`.`movies` (`movieId`, `Title`, `length`, `genre`, `rating_rating`, `rentalPrice`, `purchasePrice`) VALUES (990, 'Coronado', 2:38:28, 'Action|Adventure|War', 'R', $5.12, $2.38);
INSERT INTO `mydb`.`movies` (`movieId`, `Title`, `length`, `genre`, `rating_rating`, `rentalPrice`, `purchasePrice`) VALUES (991, 'Secuestro Express', 0:08:36, 'Action|Drama|Thriller', 'PG', $14.02, $8.27);
INSERT INTO `mydb`.`movies` (`movieId`, `Title`, `length`, `genre`, `rating_rating`, `rentalPrice`, `purchasePrice`) VALUES (992, 'Target', 2:57:15, 'Action|Drama', 'PG', $3.05, $8.18);
INSERT INTO `mydb`.`movies` (`movieId`, `Title`, `length`, `genre`, `rating_rating`, `rentalPrice`, `purchasePrice`) VALUES (993, 'To Each His Own', 2:08:57, 'Drama', 'NC17', $12.25, $6.98);
INSERT INTO `mydb`.`movies` (`movieId`, `Title`, `length`, `genre`, `rating_rating`, `rentalPrice`, `purchasePrice`) VALUES (994, 'Freshman, The', 2:14:00, 'Comedy', 'NC17', $8.24, $14.06);
INSERT INTO `mydb`.`movies` (`movieId`, `Title`, `length`, `genre`, `rating_rating`, `rentalPrice`, `purchasePrice`) VALUES (995, 'Red Baron, The (Der rote Baron)', 0:38:40, 'Action|Drama|Romance|War', 'PG', $12.63, $3.54);
INSERT INTO `mydb`.`movies` (`movieId`, `Title`, `length`, `genre`, `rating_rating`, `rentalPrice`, `purchasePrice`) VALUES (996, 'Kisses for My President', 0:59:59, 'Comedy', 'NC17', $8.24, $9.99);
INSERT INTO `mydb`.`movies` (`movieId`, `Title`, `length`, `genre`, `rating_rating`, `rentalPrice`, `purchasePrice`) VALUES (997, 'Louis C.K.: Hilarious', 1:22:29, 'Comedy', 'R', $10.98, $12.66);
INSERT INTO `mydb`.`movies` (`movieId`, `Title`, `length`, `genre`, `rating_rating`, `rentalPrice`, `purchasePrice`) VALUES (998, '17 Again', 1:37:17, 'Comedy|Drama', 'PG', $5.17, $8.76);
INSERT INTO `mydb`.`movies` (`movieId`, `Title`, `length`, `genre`, `rating_rating`, `rentalPrice`, `purchasePrice`) VALUES (999, 'Dorian Gray', 0:59:19, 'Drama|Horror', 'PG13', $12.45, $4.52);
INSERT INTO `mydb`.`movies` (`movieId`, `Title`, `length`, `genre`, `rating_rating`, `rentalPrice`, `purchasePrice`) VALUES (1000, 'Drama/Mex', 0:54:28, 'Drama', 'NC17', $12.41, $3.02);

COMMIT;


-- -----------------------------------------------------
-- Data for table `mydb`.`order`
-- -----------------------------------------------------
START TRANSACTION;
USE `mydb`;
INSERT INTO `mydb`.`order` (`orderNumber`, `movies_movieId`, `total`, `transactionType`, `date`, `paymentInfo_customerInfo_customerID`) VALUES (1, 276, $6.50, 'Buy', '6/11/2018', 28);
INSERT INTO `mydb`.`order` (`orderNumber`, `movies_movieId`, `total`, `transactionType`, `date`, `paymentInfo_customerInfo_customerID`) VALUES (2, 272, $2.53, 'Buy', '12/4/2018', 69);
INSERT INTO `mydb`.`order` (`orderNumber`, `movies_movieId`, `total`, `transactionType`, `date`, `paymentInfo_customerInfo_customerID`) VALUES (3, 6, $4.41, 'Rent', '3/25/2019', 87);
INSERT INTO `mydb`.`order` (`orderNumber`, `movies_movieId`, `total`, `transactionType`, `date`, `paymentInfo_customerInfo_customerID`) VALUES (4, 6, $4.55, 'Buy', '10/22/2018', 133);
INSERT INTO `mydb`.`order` (`orderNumber`, `movies_movieId`, `total`, `transactionType`, `date`, `paymentInfo_customerInfo_customerID`) VALUES (5, 191, $9.11, 'Rent', '12/1/2018', 43);
INSERT INTO `mydb`.`order` (`orderNumber`, `movies_movieId`, `total`, `transactionType`, `date`, `paymentInfo_customerInfo_customerID`) VALUES (6, 240, $2.49, 'Rent', '2/27/2019', 31);
INSERT INTO `mydb`.`order` (`orderNumber`, `movies_movieId`, `total`, `transactionType`, `date`, `paymentInfo_customerInfo_customerID`) VALUES (7, 46, $9.98, 'Buy', '12/11/2018', 69);
INSERT INTO `mydb`.`order` (`orderNumber`, `movies_movieId`, `total`, `transactionType`, `date`, `paymentInfo_customerInfo_customerID`) VALUES (8, 219, $7.94, 'Buy', '4/11/2019', 132);
INSERT INTO `mydb`.`order` (`orderNumber`, `movies_movieId`, `total`, `transactionType`, `date`, `paymentInfo_customerInfo_customerID`) VALUES (9, 238, $4.00, 'Buy', '12/15/2018', 3);
INSERT INTO `mydb`.`order` (`orderNumber`, `movies_movieId`, `total`, `transactionType`, `date`, `paymentInfo_customerInfo_customerID`) VALUES (10, 140, $2.18, 'Rent', '1/23/2019', 22);
INSERT INTO `mydb`.`order` (`orderNumber`, `movies_movieId`, `total`, `transactionType`, `date`, `paymentInfo_customerInfo_customerID`) VALUES (11, 224, $8.60, 'Rent', '3/19/2019', 150);
INSERT INTO `mydb`.`order` (`orderNumber`, `movies_movieId`, `total`, `transactionType`, `date`, `paymentInfo_customerInfo_customerID`) VALUES (12, 219, $7.45, 'Buy', '10/5/2018', 56);
INSERT INTO `mydb`.`order` (`orderNumber`, `movies_movieId`, `total`, `transactionType`, `date`, `paymentInfo_customerInfo_customerID`) VALUES (13, 292, $5.72, 'Buy', '12/2/2018', 12);
INSERT INTO `mydb`.`order` (`orderNumber`, `movies_movieId`, `total`, `transactionType`, `date`, `paymentInfo_customerInfo_customerID`) VALUES (14, 215, $8.66, 'Rent', '10/9/2018', 148);
INSERT INTO `mydb`.`order` (`orderNumber`, `movies_movieId`, `total`, `transactionType`, `date`, `paymentInfo_customerInfo_customerID`) VALUES (15, 11, $3.25, 'Buy', '8/19/2018', 108);
INSERT INTO `mydb`.`order` (`orderNumber`, `movies_movieId`, `total`, `transactionType`, `date`, `paymentInfo_customerInfo_customerID`) VALUES (16, 232, $9.32, 'Rent', '6/18/2018', 59);
INSERT INTO `mydb`.`order` (`orderNumber`, `movies_movieId`, `total`, `transactionType`, `date`, `paymentInfo_customerInfo_customerID`) VALUES (17, 53, $3.11, 'Buy', '1/26/2019', 109);
INSERT INTO `mydb`.`order` (`orderNumber`, `movies_movieId`, `total`, `transactionType`, `date`, `paymentInfo_customerInfo_customerID`) VALUES (18, 78, $5.38, 'Buy', '3/6/2019', 69);
INSERT INTO `mydb`.`order` (`orderNumber`, `movies_movieId`, `total`, `transactionType`, `date`, `paymentInfo_customerInfo_customerID`) VALUES (19, 257, $8.66, 'Rent', '8/22/2018', 102);
INSERT INTO `mydb`.`order` (`orderNumber`, `movies_movieId`, `total`, `transactionType`, `date`, `paymentInfo_customerInfo_customerID`) VALUES (20, 120, $9.56, 'Rent', '11/21/2018', 45);
INSERT INTO `mydb`.`order` (`orderNumber`, `movies_movieId`, `total`, `transactionType`, `date`, `paymentInfo_customerInfo_customerID`) VALUES (21, 171, $2.45, 'Buy', '11/11/2018', 3);
INSERT INTO `mydb`.`order` (`orderNumber`, `movies_movieId`, `total`, `transactionType`, `date`, `paymentInfo_customerInfo_customerID`) VALUES (22, 81, $6.09, 'Rent', '9/8/2018', 150);
INSERT INTO `mydb`.`order` (`orderNumber`, `movies_movieId`, `total`, `transactionType`, `date`, `paymentInfo_customerInfo_customerID`) VALUES (23, 94, $4.60, 'Rent', '3/2/2019', 143);
INSERT INTO `mydb`.`order` (`orderNumber`, `movies_movieId`, `total`, `transactionType`, `date`, `paymentInfo_customerInfo_customerID`) VALUES (24, 237, $2.07, 'Rent', '10/22/2018', 130);
INSERT INTO `mydb`.`order` (`orderNumber`, `movies_movieId`, `total`, `transactionType`, `date`, `paymentInfo_customerInfo_customerID`) VALUES (25, 55, $2.95, 'Rent', '5/14/2018', 114);
INSERT INTO `mydb`.`order` (`orderNumber`, `movies_movieId`, `total`, `transactionType`, `date`, `paymentInfo_customerInfo_customerID`) VALUES (26, 126, $6.02, 'Buy', '10/14/2018', 135);
INSERT INTO `mydb`.`order` (`orderNumber`, `movies_movieId`, `total`, `transactionType`, `date`, `paymentInfo_customerInfo_customerID`) VALUES (27, 182, $4.14, 'Rent', '1/17/2019', 92);
INSERT INTO `mydb`.`order` (`orderNumber`, `movies_movieId`, `total`, `transactionType`, `date`, `paymentInfo_customerInfo_customerID`) VALUES (28, 20, $2.89, 'Buy', '12/26/2018', 66);
INSERT INTO `mydb`.`order` (`orderNumber`, `movies_movieId`, `total`, `transactionType`, `date`, `paymentInfo_customerInfo_customerID`) VALUES (29, 284, $8.23, 'Rent', '2/15/2019', 69);
INSERT INTO `mydb`.`order` (`orderNumber`, `movies_movieId`, `total`, `transactionType`, `date`, `paymentInfo_customerInfo_customerID`) VALUES (30, 161, $2.75, 'Buy', '6/7/2018', 99);
INSERT INTO `mydb`.`order` (`orderNumber`, `movies_movieId`, `total`, `transactionType`, `date`, `paymentInfo_customerInfo_customerID`) VALUES (31, 137, $3.38, 'Rent', '1/6/2019', 138);
INSERT INTO `mydb`.`order` (`orderNumber`, `movies_movieId`, `total`, `transactionType`, `date`, `paymentInfo_customerInfo_customerID`) VALUES (32, 123, $7.63, 'Buy', '9/16/2018', 64);
INSERT INTO `mydb`.`order` (`orderNumber`, `movies_movieId`, `total`, `transactionType`, `date`, `paymentInfo_customerInfo_customerID`) VALUES (33, 165, $8.01, 'Rent', '3/30/2019', 60);
INSERT INTO `mydb`.`order` (`orderNumber`, `movies_movieId`, `total`, `transactionType`, `date`, `paymentInfo_customerInfo_customerID`) VALUES (34, 25, $4.08, 'Buy', '1/30/2019', 49);
INSERT INTO `mydb`.`order` (`orderNumber`, `movies_movieId`, `total`, `transactionType`, `date`, `paymentInfo_customerInfo_customerID`) VALUES (35, 190, $8.80, 'Rent', '5/6/2018', 15);
INSERT INTO `mydb`.`order` (`orderNumber`, `movies_movieId`, `total`, `transactionType`, `date`, `paymentInfo_customerInfo_customerID`) VALUES (36, 251, $5.41, 'Rent', '10/2/2018', 83);
INSERT INTO `mydb`.`order` (`orderNumber`, `movies_movieId`, `total`, `transactionType`, `date`, `paymentInfo_customerInfo_customerID`) VALUES (37, 142, $7.09, 'Buy', '1/3/2019', 116);
INSERT INTO `mydb`.`order` (`orderNumber`, `movies_movieId`, `total`, `transactionType`, `date`, `paymentInfo_customerInfo_customerID`) VALUES (38, 198, $5.58, 'Buy', '9/17/2018', 49);
INSERT INTO `mydb`.`order` (`orderNumber`, `movies_movieId`, `total`, `transactionType`, `date`, `paymentInfo_customerInfo_customerID`) VALUES (39, 78, $5.86, 'Rent', '1/29/2019', 109);
INSERT INTO `mydb`.`order` (`orderNumber`, `movies_movieId`, `total`, `transactionType`, `date`, `paymentInfo_customerInfo_customerID`) VALUES (40, 134, $7.11, 'Rent', '1/7/2019', 30);
INSERT INTO `mydb`.`order` (`orderNumber`, `movies_movieId`, `total`, `transactionType`, `date`, `paymentInfo_customerInfo_customerID`) VALUES (41, 73, $2.83, 'Buy', '6/23/2018', 34);
INSERT INTO `mydb`.`order` (`orderNumber`, `movies_movieId`, `total`, `transactionType`, `date`, `paymentInfo_customerInfo_customerID`) VALUES (42, 100, $8.05, 'Buy', '12/28/2018', 30);
INSERT INTO `mydb`.`order` (`orderNumber`, `movies_movieId`, `total`, `transactionType`, `date`, `paymentInfo_customerInfo_customerID`) VALUES (43, 9, $6.75, 'Buy', '5/28/2018', 31);
INSERT INTO `mydb`.`order` (`orderNumber`, `movies_movieId`, `total`, `transactionType`, `date`, `paymentInfo_customerInfo_customerID`) VALUES (44, 209, $4.16, 'Buy', '7/5/2018', 105);
INSERT INTO `mydb`.`order` (`orderNumber`, `movies_movieId`, `total`, `transactionType`, `date`, `paymentInfo_customerInfo_customerID`) VALUES (45, 98, $3.22, 'Rent', '9/21/2018', 129);
INSERT INTO `mydb`.`order` (`orderNumber`, `movies_movieId`, `total`, `transactionType`, `date`, `paymentInfo_customerInfo_customerID`) VALUES (46, 1, $7.07, 'Buy', '6/4/2018', 35);
INSERT INTO `mydb`.`order` (`orderNumber`, `movies_movieId`, `total`, `transactionType`, `date`, `paymentInfo_customerInfo_customerID`) VALUES (47, 47, $8.37, 'Rent', '8/27/2018', 84);
INSERT INTO `mydb`.`order` (`orderNumber`, `movies_movieId`, `total`, `transactionType`, `date`, `paymentInfo_customerInfo_customerID`) VALUES (48, 119, $4.76, 'Buy', '5/7/2018', 140);
INSERT INTO `mydb`.`order` (`orderNumber`, `movies_movieId`, `total`, `transactionType`, `date`, `paymentInfo_customerInfo_customerID`) VALUES (49, 130, $9.75, 'Buy', '7/6/2018', 126);
INSERT INTO `mydb`.`order` (`orderNumber`, `movies_movieId`, `total`, `transactionType`, `date`, `paymentInfo_customerInfo_customerID`) VALUES (50, 208, $2.79, 'Buy', '7/21/2018', 23);
INSERT INTO `mydb`.`order` (`orderNumber`, `movies_movieId`, `total`, `transactionType`, `date`, `paymentInfo_customerInfo_customerID`) VALUES (51, 65, $8.87, 'Rent', '11/20/2018', 28);
INSERT INTO `mydb`.`order` (`orderNumber`, `movies_movieId`, `total`, `transactionType`, `date`, `paymentInfo_customerInfo_customerID`) VALUES (52, 271, $6.70, 'Buy', '6/9/2018', 67);
INSERT INTO `mydb`.`order` (`orderNumber`, `movies_movieId`, `total`, `transactionType`, `date`, `paymentInfo_customerInfo_customerID`) VALUES (53, 75, $6.61, 'Rent', '3/14/2019', 74);
INSERT INTO `mydb`.`order` (`orderNumber`, `movies_movieId`, `total`, `transactionType`, `date`, `paymentInfo_customerInfo_customerID`) VALUES (54, 249, $2.92, 'Buy', '4/30/2018', 130);
INSERT INTO `mydb`.`order` (`orderNumber`, `movies_movieId`, `total`, `transactionType`, `date`, `paymentInfo_customerInfo_customerID`) VALUES (55, 120, $3.94, 'Rent', '9/22/2018', 84);
INSERT INTO `mydb`.`order` (`orderNumber`, `movies_movieId`, `total`, `transactionType`, `date`, `paymentInfo_customerInfo_customerID`) VALUES (56, 28, $3.44, 'Buy', '8/15/2018', 17);
INSERT INTO `mydb`.`order` (`orderNumber`, `movies_movieId`, `total`, `transactionType`, `date`, `paymentInfo_customerInfo_customerID`) VALUES (57, 299, $7.82, 'Rent', '1/1/2019', 65);
INSERT INTO `mydb`.`order` (`orderNumber`, `movies_movieId`, `total`, `transactionType`, `date`, `paymentInfo_customerInfo_customerID`) VALUES (58, 87, $3.79, 'Rent', '4/1/2019', 115);
INSERT INTO `mydb`.`order` (`orderNumber`, `movies_movieId`, `total`, `transactionType`, `date`, `paymentInfo_customerInfo_customerID`) VALUES (59, 235, $3.42, 'Rent', '10/31/2018', 71);
INSERT INTO `mydb`.`order` (`orderNumber`, `movies_movieId`, `total`, `transactionType`, `date`, `paymentInfo_customerInfo_customerID`) VALUES (60, 165, $8.00, 'Buy', '12/24/2018', 122);
INSERT INTO `mydb`.`order` (`orderNumber`, `movies_movieId`, `total`, `transactionType`, `date`, `paymentInfo_customerInfo_customerID`) VALUES (61, 166, $7.99, 'Buy', '2/25/2019', 86);
INSERT INTO `mydb`.`order` (`orderNumber`, `movies_movieId`, `total`, `transactionType`, `date`, `paymentInfo_customerInfo_customerID`) VALUES (62, 256, $7.90, 'Rent', '10/6/2018', 70);
INSERT INTO `mydb`.`order` (`orderNumber`, `movies_movieId`, `total`, `transactionType`, `date`, `paymentInfo_customerInfo_customerID`) VALUES (63, 11, $2.21, 'Rent', '11/13/2018', 60);
INSERT INTO `mydb`.`order` (`orderNumber`, `movies_movieId`, `total`, `transactionType`, `date`, `paymentInfo_customerInfo_customerID`) VALUES (64, 55, $2.69, 'Rent', '8/14/2018', 80);
INSERT INTO `mydb`.`order` (`orderNumber`, `movies_movieId`, `total`, `transactionType`, `date`, `paymentInfo_customerInfo_customerID`) VALUES (65, 295, $8.57, 'Rent', '10/3/2018', 140);
INSERT INTO `mydb`.`order` (`orderNumber`, `movies_movieId`, `total`, `transactionType`, `date`, `paymentInfo_customerInfo_customerID`) VALUES (66, 143, $3.72, 'Rent', '10/22/2018', 65);
INSERT INTO `mydb`.`order` (`orderNumber`, `movies_movieId`, `total`, `transactionType`, `date`, `paymentInfo_customerInfo_customerID`) VALUES (67, 260, $2.14, 'Rent', '1/29/2019', 114);
INSERT INTO `mydb`.`order` (`orderNumber`, `movies_movieId`, `total`, `transactionType`, `date`, `paymentInfo_customerInfo_customerID`) VALUES (68, 247, $8.93, 'Rent', '4/21/2019', 29);
INSERT INTO `mydb`.`order` (`orderNumber`, `movies_movieId`, `total`, `transactionType`, `date`, `paymentInfo_customerInfo_customerID`) VALUES (69, 114, $3.03, 'Buy', '2/22/2019', 70);
INSERT INTO `mydb`.`order` (`orderNumber`, `movies_movieId`, `total`, `transactionType`, `date`, `paymentInfo_customerInfo_customerID`) VALUES (70, 11, $2.52, 'Buy', '7/5/2018', 103);
INSERT INTO `mydb`.`order` (`orderNumber`, `movies_movieId`, `total`, `transactionType`, `date`, `paymentInfo_customerInfo_customerID`) VALUES (71, 89, $5.30, 'Buy', '9/8/2018', 69);
INSERT INTO `mydb`.`order` (`orderNumber`, `movies_movieId`, `total`, `transactionType`, `date`, `paymentInfo_customerInfo_customerID`) VALUES (72, 146, $6.29, 'Buy', '9/25/2018', 25);
INSERT INTO `mydb`.`order` (`orderNumber`, `movies_movieId`, `total`, `transactionType`, `date`, `paymentInfo_customerInfo_customerID`) VALUES (73, 296, $9.19, 'Buy', '10/19/2018', 12);
INSERT INTO `mydb`.`order` (`orderNumber`, `movies_movieId`, `total`, `transactionType`, `date`, `paymentInfo_customerInfo_customerID`) VALUES (74, 14, $5.30, 'Rent', '3/16/2019', 65);
INSERT INTO `mydb`.`order` (`orderNumber`, `movies_movieId`, `total`, `transactionType`, `date`, `paymentInfo_customerInfo_customerID`) VALUES (75, 252, $3.04, 'Rent', '12/29/2018', 96);
INSERT INTO `mydb`.`order` (`orderNumber`, `movies_movieId`, `total`, `transactionType`, `date`, `paymentInfo_customerInfo_customerID`) VALUES (76, 243, $2.69, 'Rent', '3/7/2019', 37);
INSERT INTO `mydb`.`order` (`orderNumber`, `movies_movieId`, `total`, `transactionType`, `date`, `paymentInfo_customerInfo_customerID`) VALUES (77, 42, $6.76, 'Rent', '12/11/2018', 60);
INSERT INTO `mydb`.`order` (`orderNumber`, `movies_movieId`, `total`, `transactionType`, `date`, `paymentInfo_customerInfo_customerID`) VALUES (78, 194, $5.47, 'Buy', '10/8/2018', 54);
INSERT INTO `mydb`.`order` (`orderNumber`, `movies_movieId`, `total`, `transactionType`, `date`, `paymentInfo_customerInfo_customerID`) VALUES (79, 54, $3.79, 'Buy', '8/7/2018', 18);
INSERT INTO `mydb`.`order` (`orderNumber`, `movies_movieId`, `total`, `transactionType`, `date`, `paymentInfo_customerInfo_customerID`) VALUES (80, 262, $5.71, 'Buy', '3/9/2019', 135);
INSERT INTO `mydb`.`order` (`orderNumber`, `movies_movieId`, `total`, `transactionType`, `date`, `paymentInfo_customerInfo_customerID`) VALUES (81, 44, $8.00, 'Buy', '3/10/2019', 98);
INSERT INTO `mydb`.`order` (`orderNumber`, `movies_movieId`, `total`, `transactionType`, `date`, `paymentInfo_customerInfo_customerID`) VALUES (82, 103, $9.41, 'Buy', '6/6/2018', 92);
INSERT INTO `mydb`.`order` (`orderNumber`, `movies_movieId`, `total`, `transactionType`, `date`, `paymentInfo_customerInfo_customerID`) VALUES (83, 197, $9.30, 'Rent', '3/1/2019', 55);
INSERT INTO `mydb`.`order` (`orderNumber`, `movies_movieId`, `total`, `transactionType`, `date`, `paymentInfo_customerInfo_customerID`) VALUES (84, 96, $4.45, 'Rent', '9/14/2018', 63);
INSERT INTO `mydb`.`order` (`orderNumber`, `movies_movieId`, `total`, `transactionType`, `date`, `paymentInfo_customerInfo_customerID`) VALUES (85, 161, $4.95, 'Rent', '3/6/2019', 77);
INSERT INTO `mydb`.`order` (`orderNumber`, `movies_movieId`, `total`, `transactionType`, `date`, `paymentInfo_customerInfo_customerID`) VALUES (86, 194, $3.81, 'Buy', '9/30/2018', 76);
INSERT INTO `mydb`.`order` (`orderNumber`, `movies_movieId`, `total`, `transactionType`, `date`, `paymentInfo_customerInfo_customerID`) VALUES (87, 182, $4.81, 'Buy', '1/13/2019', 21);
INSERT INTO `mydb`.`order` (`orderNumber`, `movies_movieId`, `total`, `transactionType`, `date`, `paymentInfo_customerInfo_customerID`) VALUES (88, 78, $2.43, 'Rent', '1/25/2019', 50);
INSERT INTO `mydb`.`order` (`orderNumber`, `movies_movieId`, `total`, `transactionType`, `date`, `paymentInfo_customerInfo_customerID`) VALUES (89, 77, $3.10, 'Rent', '9/29/2018', 21);
INSERT INTO `mydb`.`order` (`orderNumber`, `movies_movieId`, `total`, `transactionType`, `date`, `paymentInfo_customerInfo_customerID`) VALUES (90, 227, $9.15, 'Rent', '2/21/2019', 34);
INSERT INTO `mydb`.`order` (`orderNumber`, `movies_movieId`, `total`, `transactionType`, `date`, `paymentInfo_customerInfo_customerID`) VALUES (91, 190, $2.77, 'Buy', '9/24/2018', 75);
INSERT INTO `mydb`.`order` (`orderNumber`, `movies_movieId`, `total`, `transactionType`, `date`, `paymentInfo_customerInfo_customerID`) VALUES (92, 235, $2.95, 'Buy', '9/9/2018', 13);
INSERT INTO `mydb`.`order` (`orderNumber`, `movies_movieId`, `total`, `transactionType`, `date`, `paymentInfo_customerInfo_customerID`) VALUES (93, 135, $5.02, 'Buy', '3/7/2019', 38);
INSERT INTO `mydb`.`order` (`orderNumber`, `movies_movieId`, `total`, `transactionType`, `date`, `paymentInfo_customerInfo_customerID`) VALUES (94, 56, $3.85, 'Buy', '5/20/2018', 12);
INSERT INTO `mydb`.`order` (`orderNumber`, `movies_movieId`, `total`, `transactionType`, `date`, `paymentInfo_customerInfo_customerID`) VALUES (95, 279, $2.85, 'Buy', '11/14/2018', 6);
INSERT INTO `mydb`.`order` (`orderNumber`, `movies_movieId`, `total`, `transactionType`, `date`, `paymentInfo_customerInfo_customerID`) VALUES (96, 202, $9.22, 'Buy', '3/13/2019', 85);
INSERT INTO `mydb`.`order` (`orderNumber`, `movies_movieId`, `total`, `transactionType`, `date`, `paymentInfo_customerInfo_customerID`) VALUES (97, 149, $7.89, 'Buy', '3/27/2019', 79);
INSERT INTO `mydb`.`order` (`orderNumber`, `movies_movieId`, `total`, `transactionType`, `date`, `paymentInfo_customerInfo_customerID`) VALUES (98, 129, $2.40, 'Buy', '11/8/2018', 132);
INSERT INTO `mydb`.`order` (`orderNumber`, `movies_movieId`, `total`, `transactionType`, `date`, `paymentInfo_customerInfo_customerID`) VALUES (99, 135, $3.36, 'Rent', '1/11/2019', 122);
INSERT INTO `mydb`.`order` (`orderNumber`, `movies_movieId`, `total`, `transactionType`, `date`, `paymentInfo_customerInfo_customerID`) VALUES (100, 292, $9.35, 'Buy', '2/7/2019', 58);
INSERT INTO `mydb`.`order` (`orderNumber`, `movies_movieId`, `total`, `transactionType`, `date`, `paymentInfo_customerInfo_customerID`) VALUES (101, 3, $3.10, 'Rent', '8/26/2018', 145);
INSERT INTO `mydb`.`order` (`orderNumber`, `movies_movieId`, `total`, `transactionType`, `date`, `paymentInfo_customerInfo_customerID`) VALUES (102, 220, $5.81, 'Buy', '11/26/2018', 127);
INSERT INTO `mydb`.`order` (`orderNumber`, `movies_movieId`, `total`, `transactionType`, `date`, `paymentInfo_customerInfo_customerID`) VALUES (103, 50, $7.14, 'Buy', '10/10/2018', 60);
INSERT INTO `mydb`.`order` (`orderNumber`, `movies_movieId`, `total`, `transactionType`, `date`, `paymentInfo_customerInfo_customerID`) VALUES (104, 93, $3.78, 'Buy', '12/19/2018', 132);
INSERT INTO `mydb`.`order` (`orderNumber`, `movies_movieId`, `total`, `transactionType`, `date`, `paymentInfo_customerInfo_customerID`) VALUES (105, 116, $2.20, 'Buy', '9/6/2018', 61);
INSERT INTO `mydb`.`order` (`orderNumber`, `movies_movieId`, `total`, `transactionType`, `date`, `paymentInfo_customerInfo_customerID`) VALUES (106, 85, $9.32, 'Buy', '9/28/2018', 52);
INSERT INTO `mydb`.`order` (`orderNumber`, `movies_movieId`, `total`, `transactionType`, `date`, `paymentInfo_customerInfo_customerID`) VALUES (107, 179, $7.99, 'Buy', '1/19/2019', 106);
INSERT INTO `mydb`.`order` (`orderNumber`, `movies_movieId`, `total`, `transactionType`, `date`, `paymentInfo_customerInfo_customerID`) VALUES (108, 262, $6.32, 'Buy', '11/8/2018', 95);
INSERT INTO `mydb`.`order` (`orderNumber`, `movies_movieId`, `total`, `transactionType`, `date`, `paymentInfo_customerInfo_customerID`) VALUES (109, 187, $6.74, 'Rent', '4/29/2018', 45);
INSERT INTO `mydb`.`order` (`orderNumber`, `movies_movieId`, `total`, `transactionType`, `date`, `paymentInfo_customerInfo_customerID`) VALUES (110, 119, $2.83, 'Buy', '4/6/2019', 150);
INSERT INTO `mydb`.`order` (`orderNumber`, `movies_movieId`, `total`, `transactionType`, `date`, `paymentInfo_customerInfo_customerID`) VALUES (111, 278, $8.10, 'Buy', '3/2/2019', 21);
INSERT INTO `mydb`.`order` (`orderNumber`, `movies_movieId`, `total`, `transactionType`, `date`, `paymentInfo_customerInfo_customerID`) VALUES (112, 231, $7.21, 'Rent', '6/8/2018', 66);
INSERT INTO `mydb`.`order` (`orderNumber`, `movies_movieId`, `total`, `transactionType`, `date`, `paymentInfo_customerInfo_customerID`) VALUES (113, 249, $2.37, 'Rent', '7/2/2018', 74);
INSERT INTO `mydb`.`order` (`orderNumber`, `movies_movieId`, `total`, `transactionType`, `date`, `paymentInfo_customerInfo_customerID`) VALUES (114, 283, $5.45, 'Buy', '10/24/2018', 42);
INSERT INTO `mydb`.`order` (`orderNumber`, `movies_movieId`, `total`, `transactionType`, `date`, `paymentInfo_customerInfo_customerID`) VALUES (115, 158, $6.98, 'Buy', '11/2/2018', 59);
INSERT INTO `mydb`.`order` (`orderNumber`, `movies_movieId`, `total`, `transactionType`, `date`, `paymentInfo_customerInfo_customerID`) VALUES (116, 278, $6.00, 'Buy', '7/30/2018', 120);
INSERT INTO `mydb`.`order` (`orderNumber`, `movies_movieId`, `total`, `transactionType`, `date`, `paymentInfo_customerInfo_customerID`) VALUES (117, 144, $6.56, 'Buy', '4/17/2019', 6);
INSERT INTO `mydb`.`order` (`orderNumber`, `movies_movieId`, `total`, `transactionType`, `date`, `paymentInfo_customerInfo_customerID`) VALUES (118, 16, $4.96, 'Rent', '9/1/2018', 120);
INSERT INTO `mydb`.`order` (`orderNumber`, `movies_movieId`, `total`, `transactionType`, `date`, `paymentInfo_customerInfo_customerID`) VALUES (119, 3, $8.29, 'Buy', '10/20/2018', 116);
INSERT INTO `mydb`.`order` (`orderNumber`, `movies_movieId`, `total`, `transactionType`, `date`, `paymentInfo_customerInfo_customerID`) VALUES (120, 166, $8.09, 'Buy', '1/20/2019', 98);
INSERT INTO `mydb`.`order` (`orderNumber`, `movies_movieId`, `total`, `transactionType`, `date`, `paymentInfo_customerInfo_customerID`) VALUES (121, 270, $5.34, 'Rent', '11/6/2018', 147);
INSERT INTO `mydb`.`order` (`orderNumber`, `movies_movieId`, `total`, `transactionType`, `date`, `paymentInfo_customerInfo_customerID`) VALUES (122, 138, $7.81, 'Rent', '1/25/2019', 149);
INSERT INTO `mydb`.`order` (`orderNumber`, `movies_movieId`, `total`, `transactionType`, `date`, `paymentInfo_customerInfo_customerID`) VALUES (123, 234, $7.02, 'Buy', '5/31/2018', 29);
INSERT INTO `mydb`.`order` (`orderNumber`, `movies_movieId`, `total`, `transactionType`, `date`, `paymentInfo_customerInfo_customerID`) VALUES (124, 104, $3.72, 'Buy', '11/22/2018', 47);
INSERT INTO `mydb`.`order` (`orderNumber`, `movies_movieId`, `total`, `transactionType`, `date`, `paymentInfo_customerInfo_customerID`) VALUES (125, 95, $5.15, 'Buy', '3/22/2019', 69);
INSERT INTO `mydb`.`order` (`orderNumber`, `movies_movieId`, `total`, `transactionType`, `date`, `paymentInfo_customerInfo_customerID`) VALUES (126, 288, $7.02, 'Buy', '9/22/2018', 16);
INSERT INTO `mydb`.`order` (`orderNumber`, `movies_movieId`, `total`, `transactionType`, `date`, `paymentInfo_customerInfo_customerID`) VALUES (127, 235, $9.59, 'Rent', '8/11/2018', 14);
INSERT INTO `mydb`.`order` (`orderNumber`, `movies_movieId`, `total`, `transactionType`, `date`, `paymentInfo_customerInfo_customerID`) VALUES (128, 152, $4.39, 'Buy', '2/7/2019', 73);
INSERT INTO `mydb`.`order` (`orderNumber`, `movies_movieId`, `total`, `transactionType`, `date`, `paymentInfo_customerInfo_customerID`) VALUES (129, 48, $9.47, 'Rent', '3/3/2019', 45);
INSERT INTO `mydb`.`order` (`orderNumber`, `movies_movieId`, `total`, `transactionType`, `date`, `paymentInfo_customerInfo_customerID`) VALUES (130, 30, $6.38, 'Buy', '12/11/2018', 9);
INSERT INTO `mydb`.`order` (`orderNumber`, `movies_movieId`, `total`, `transactionType`, `date`, `paymentInfo_customerInfo_customerID`) VALUES (131, 159, $4.69, 'Rent', '12/24/2018', 10);
INSERT INTO `mydb`.`order` (`orderNumber`, `movies_movieId`, `total`, `transactionType`, `date`, `paymentInfo_customerInfo_customerID`) VALUES (132, 141, $7.34, 'Buy', '4/8/2019', 112);
INSERT INTO `mydb`.`order` (`orderNumber`, `movies_movieId`, `total`, `transactionType`, `date`, `paymentInfo_customerInfo_customerID`) VALUES (133, 277, $3.41, 'Rent', '5/16/2018', 56);
INSERT INTO `mydb`.`order` (`orderNumber`, `movies_movieId`, `total`, `transactionType`, `date`, `paymentInfo_customerInfo_customerID`) VALUES (134, 173, $5.31, 'Buy', '5/21/2018', 97);
INSERT INTO `mydb`.`order` (`orderNumber`, `movies_movieId`, `total`, `transactionType`, `date`, `paymentInfo_customerInfo_customerID`) VALUES (135, 277, $5.37, 'Buy', '2/13/2019', 33);
INSERT INTO `mydb`.`order` (`orderNumber`, `movies_movieId`, `total`, `transactionType`, `date`, `paymentInfo_customerInfo_customerID`) VALUES (136, 152, $4.09, 'Rent', '11/14/2018', 104);
INSERT INTO `mydb`.`order` (`orderNumber`, `movies_movieId`, `total`, `transactionType`, `date`, `paymentInfo_customerInfo_customerID`) VALUES (137, 254, $2.19, 'Rent', '12/23/2018', 65);
INSERT INTO `mydb`.`order` (`orderNumber`, `movies_movieId`, `total`, `transactionType`, `date`, `paymentInfo_customerInfo_customerID`) VALUES (138, 153, $3.34, 'Rent', '12/27/2018', 9);
INSERT INTO `mydb`.`order` (`orderNumber`, `movies_movieId`, `total`, `transactionType`, `date`, `paymentInfo_customerInfo_customerID`) VALUES (139, 60, $7.43, 'Rent', '12/16/2018', 98);
INSERT INTO `mydb`.`order` (`orderNumber`, `movies_movieId`, `total`, `transactionType`, `date`, `paymentInfo_customerInfo_customerID`) VALUES (140, 124, $7.21, 'Rent', '2/20/2019', 145);
INSERT INTO `mydb`.`order` (`orderNumber`, `movies_movieId`, `total`, `transactionType`, `date`, `paymentInfo_customerInfo_customerID`) VALUES (141, 195, $5.10, 'Rent', '12/30/2018', 47);
INSERT INTO `mydb`.`order` (`orderNumber`, `movies_movieId`, `total`, `transactionType`, `date`, `paymentInfo_customerInfo_customerID`) VALUES (142, 10, $2.58, 'Rent', '10/3/2018', 11);
INSERT INTO `mydb`.`order` (`orderNumber`, `movies_movieId`, `total`, `transactionType`, `date`, `paymentInfo_customerInfo_customerID`) VALUES (143, 176, $5.14, 'Rent', '5/9/2018', 62);
INSERT INTO `mydb`.`order` (`orderNumber`, `movies_movieId`, `total`, `transactionType`, `date`, `paymentInfo_customerInfo_customerID`) VALUES (144, 56, $8.00, 'Buy', '11/30/2018', 72);
INSERT INTO `mydb`.`order` (`orderNumber`, `movies_movieId`, `total`, `transactionType`, `date`, `paymentInfo_customerInfo_customerID`) VALUES (145, 40, $3.94, 'Rent', '7/10/2018', 100);
INSERT INTO `mydb`.`order` (`orderNumber`, `movies_movieId`, `total`, `transactionType`, `date`, `paymentInfo_customerInfo_customerID`) VALUES (146, 31, $5.39, 'Rent', '11/11/2018', 36);
INSERT INTO `mydb`.`order` (`orderNumber`, `movies_movieId`, `total`, `transactionType`, `date`, `paymentInfo_customerInfo_customerID`) VALUES (147, 280, $5.26, 'Rent', '5/19/2018', 135);
INSERT INTO `mydb`.`order` (`orderNumber`, `movies_movieId`, `total`, `transactionType`, `date`, `paymentInfo_customerInfo_customerID`) VALUES (148, 240, $6.06, 'Rent', '7/9/2018', 125);
INSERT INTO `mydb`.`order` (`orderNumber`, `movies_movieId`, `total`, `transactionType`, `date`, `paymentInfo_customerInfo_customerID`) VALUES (149, 287, $3.00, 'Buy', '4/19/2019', 87);
INSERT INTO `mydb`.`order` (`orderNumber`, `movies_movieId`, `total`, `transactionType`, `date`, `paymentInfo_customerInfo_customerID`) VALUES (150, 115, $5.77, 'Buy', '4/22/2019', 111);
INSERT INTO `mydb`.`order` (`orderNumber`, `movies_movieId`, `total`, `transactionType`, `date`, `paymentInfo_customerInfo_customerID`) VALUES (151, 259, $7.94, 'Buy', '5/5/2018', 133);
INSERT INTO `mydb`.`order` (`orderNumber`, `movies_movieId`, `total`, `transactionType`, `date`, `paymentInfo_customerInfo_customerID`) VALUES (152, 57, $8.73, 'Rent', '12/13/2018', 38);
INSERT INTO `mydb`.`order` (`orderNumber`, `movies_movieId`, `total`, `transactionType`, `date`, `paymentInfo_customerInfo_customerID`) VALUES (153, 48, $5.37, 'Rent', '8/4/2018', 63);
INSERT INTO `mydb`.`order` (`orderNumber`, `movies_movieId`, `total`, `transactionType`, `date`, `paymentInfo_customerInfo_customerID`) VALUES (154, 12, $6.13, 'Rent', '7/12/2018', 60);
INSERT INTO `mydb`.`order` (`orderNumber`, `movies_movieId`, `total`, `transactionType`, `date`, `paymentInfo_customerInfo_customerID`) VALUES (155, 284, $8.56, 'Buy', '7/26/2018', 95);
INSERT INTO `mydb`.`order` (`orderNumber`, `movies_movieId`, `total`, `transactionType`, `date`, `paymentInfo_customerInfo_customerID`) VALUES (156, 71, $9.75, 'Buy', '7/10/2018', 97);
INSERT INTO `mydb`.`order` (`orderNumber`, `movies_movieId`, `total`, `transactionType`, `date`, `paymentInfo_customerInfo_customerID`) VALUES (157, 111, $6.36, 'Rent', '7/4/2018', 89);
INSERT INTO `mydb`.`order` (`orderNumber`, `movies_movieId`, `total`, `transactionType`, `date`, `paymentInfo_customerInfo_customerID`) VALUES (158, 77, $6.78, 'Buy', '1/25/2019', 56);
INSERT INTO `mydb`.`order` (`orderNumber`, `movies_movieId`, `total`, `transactionType`, `date`, `paymentInfo_customerInfo_customerID`) VALUES (159, 204, $3.19, 'Buy', '1/29/2019', 78);
INSERT INTO `mydb`.`order` (`orderNumber`, `movies_movieId`, `total`, `transactionType`, `date`, `paymentInfo_customerInfo_customerID`) VALUES (160, 229, $4.23, 'Rent', '10/18/2018', 75);
INSERT INTO `mydb`.`order` (`orderNumber`, `movies_movieId`, `total`, `transactionType`, `date`, `paymentInfo_customerInfo_customerID`) VALUES (161, 18, $5.12, 'Buy', '7/2/2018', 40);
INSERT INTO `mydb`.`order` (`orderNumber`, `movies_movieId`, `total`, `transactionType`, `date`, `paymentInfo_customerInfo_customerID`) VALUES (162, 294, $7.88, 'Buy', '5/22/2018', 145);
INSERT INTO `mydb`.`order` (`orderNumber`, `movies_movieId`, `total`, `transactionType`, `date`, `paymentInfo_customerInfo_customerID`) VALUES (163, 89, $3.56, 'Rent', '6/25/2018', 55);
INSERT INTO `mydb`.`order` (`orderNumber`, `movies_movieId`, `total`, `transactionType`, `date`, `paymentInfo_customerInfo_customerID`) VALUES (164, 184, $8.46, 'Buy', '1/12/2019', 83);
INSERT INTO `mydb`.`order` (`orderNumber`, `movies_movieId`, `total`, `transactionType`, `date`, `paymentInfo_customerInfo_customerID`) VALUES (165, 195, $4.62, 'Buy', '12/3/2018', 108);
INSERT INTO `mydb`.`order` (`orderNumber`, `movies_movieId`, `total`, `transactionType`, `date`, `paymentInfo_customerInfo_customerID`) VALUES (166, 214, $4.42, 'Buy', '6/7/2018', 145);
INSERT INTO `mydb`.`order` (`orderNumber`, `movies_movieId`, `total`, `transactionType`, `date`, `paymentInfo_customerInfo_customerID`) VALUES (167, 9, $2.88, 'Buy', '11/24/2018', 61);
INSERT INTO `mydb`.`order` (`orderNumber`, `movies_movieId`, `total`, `transactionType`, `date`, `paymentInfo_customerInfo_customerID`) VALUES (168, 128, $7.34, 'Rent', '8/7/2018', 32);
INSERT INTO `mydb`.`order` (`orderNumber`, `movies_movieId`, `total`, `transactionType`, `date`, `paymentInfo_customerInfo_customerID`) VALUES (169, 79, $9.79, 'Buy', '10/28/2018', 79);
INSERT INTO `mydb`.`order` (`orderNumber`, `movies_movieId`, `total`, `transactionType`, `date`, `paymentInfo_customerInfo_customerID`) VALUES (170, 158, $7.08, 'Rent', '6/4/2018', 10);
INSERT INTO `mydb`.`order` (`orderNumber`, `movies_movieId`, `total`, `transactionType`, `date`, `paymentInfo_customerInfo_customerID`) VALUES (171, 204, $2.44, 'Rent', '8/12/2018', 102);
INSERT INTO `mydb`.`order` (`orderNumber`, `movies_movieId`, `total`, `transactionType`, `date`, `paymentInfo_customerInfo_customerID`) VALUES (172, 144, $5.33, 'Buy', '6/26/2018', 144);
INSERT INTO `mydb`.`order` (`orderNumber`, `movies_movieId`, `total`, `transactionType`, `date`, `paymentInfo_customerInfo_customerID`) VALUES (173, 94, $4.28, 'Rent', '9/7/2018', 123);
INSERT INTO `mydb`.`order` (`orderNumber`, `movies_movieId`, `total`, `transactionType`, `date`, `paymentInfo_customerInfo_customerID`) VALUES (174, 106, $4.46, 'Buy', '3/13/2019', 122);
INSERT INTO `mydb`.`order` (`orderNumber`, `movies_movieId`, `total`, `transactionType`, `date`, `paymentInfo_customerInfo_customerID`) VALUES (175, 85, $2.66, 'Rent', '11/28/2018', 105);
INSERT INTO `mydb`.`order` (`orderNumber`, `movies_movieId`, `total`, `transactionType`, `date`, `paymentInfo_customerInfo_customerID`) VALUES (176, 219, $8.35, 'Buy', '9/23/2018', 97);
INSERT INTO `mydb`.`order` (`orderNumber`, `movies_movieId`, `total`, `transactionType`, `date`, `paymentInfo_customerInfo_customerID`) VALUES (177, 131, $7.58, 'Buy', '3/28/2019', 110);
INSERT INTO `mydb`.`order` (`orderNumber`, `movies_movieId`, `total`, `transactionType`, `date`, `paymentInfo_customerInfo_customerID`) VALUES (178, 25, $8.74, 'Rent', '3/19/2019', 54);
INSERT INTO `mydb`.`order` (`orderNumber`, `movies_movieId`, `total`, `transactionType`, `date`, `paymentInfo_customerInfo_customerID`) VALUES (179, 30, $2.30, 'Buy', '8/16/2018', 61);
INSERT INTO `mydb`.`order` (`orderNumber`, `movies_movieId`, `total`, `transactionType`, `date`, `paymentInfo_customerInfo_customerID`) VALUES (180, 131, $3.18, 'Rent', '2/16/2019', 90);
INSERT INTO `mydb`.`order` (`orderNumber`, `movies_movieId`, `total`, `transactionType`, `date`, `paymentInfo_customerInfo_customerID`) VALUES (181, 285, $5.26, 'Buy', '6/7/2018', 81);
INSERT INTO `mydb`.`order` (`orderNumber`, `movies_movieId`, `total`, `transactionType`, `date`, `paymentInfo_customerInfo_customerID`) VALUES (182, 63, $6.51, 'Rent', '6/25/2018', 11);
INSERT INTO `mydb`.`order` (`orderNumber`, `movies_movieId`, `total`, `transactionType`, `date`, `paymentInfo_customerInfo_customerID`) VALUES (183, 36, $6.42, 'Buy', '9/26/2018', 108);
INSERT INTO `mydb`.`order` (`orderNumber`, `movies_movieId`, `total`, `transactionType`, `date`, `paymentInfo_customerInfo_customerID`) VALUES (184, 116, $7.30, 'Buy', '8/3/2018', 14);
INSERT INTO `mydb`.`order` (`orderNumber`, `movies_movieId`, `total`, `transactionType`, `date`, `paymentInfo_customerInfo_customerID`) VALUES (185, 184, $6.81, 'Buy', '7/8/2018', 112);
INSERT INTO `mydb`.`order` (`orderNumber`, `movies_movieId`, `total`, `transactionType`, `date`, `paymentInfo_customerInfo_customerID`) VALUES (186, 24, $4.75, 'Buy', '12/12/2018', 146);
INSERT INTO `mydb`.`order` (`orderNumber`, `movies_movieId`, `total`, `transactionType`, `date`, `paymentInfo_customerInfo_customerID`) VALUES (187, 234, $7.74, 'Rent', '6/21/2018', 67);
INSERT INTO `mydb`.`order` (`orderNumber`, `movies_movieId`, `total`, `transactionType`, `date`, `paymentInfo_customerInfo_customerID`) VALUES (188, 250, $5.02, 'Rent', '7/7/2018', 109);
INSERT INTO `mydb`.`order` (`orderNumber`, `movies_movieId`, `total`, `transactionType`, `date`, `paymentInfo_customerInfo_customerID`) VALUES (189, 111, $3.26, 'Rent', '10/27/2018', 46);
INSERT INTO `mydb`.`order` (`orderNumber`, `movies_movieId`, `total`, `transactionType`, `date`, `paymentInfo_customerInfo_customerID`) VALUES (190, 218, $5.75, 'Rent', '4/29/2018', 55);
INSERT INTO `mydb`.`order` (`orderNumber`, `movies_movieId`, `total`, `transactionType`, `date`, `paymentInfo_customerInfo_customerID`) VALUES (191, 274, $7.78, 'Rent', '4/25/2019', 65);
INSERT INTO `mydb`.`order` (`orderNumber`, `movies_movieId`, `total`, `transactionType`, `date`, `paymentInfo_customerInfo_customerID`) VALUES (192, 22, $7.77, 'Rent', '2/15/2019', 91);
INSERT INTO `mydb`.`order` (`orderNumber`, `movies_movieId`, `total`, `transactionType`, `date`, `paymentInfo_customerInfo_customerID`) VALUES (193, 79, $2.13, 'Rent', '3/12/2019', 29);
INSERT INTO `mydb`.`order` (`orderNumber`, `movies_movieId`, `total`, `transactionType`, `date`, `paymentInfo_customerInfo_customerID`) VALUES (194, 143, $9.37, 'Rent', '3/4/2019', 94);
INSERT INTO `mydb`.`order` (`orderNumber`, `movies_movieId`, `total`, `transactionType`, `date`, `paymentInfo_customerInfo_customerID`) VALUES (195, 110, $9.86, 'Rent', '2/14/2019', 134);
INSERT INTO `mydb`.`order` (`orderNumber`, `movies_movieId`, `total`, `transactionType`, `date`, `paymentInfo_customerInfo_customerID`) VALUES (196, 99, $6.07, 'Buy', '4/8/2019', 140);
INSERT INTO `mydb`.`order` (`orderNumber`, `movies_movieId`, `total`, `transactionType`, `date`, `paymentInfo_customerInfo_customerID`) VALUES (197, 3, $6.09, 'Buy', '2/18/2019', 35);
INSERT INTO `mydb`.`order` (`orderNumber`, `movies_movieId`, `total`, `transactionType`, `date`, `paymentInfo_customerInfo_customerID`) VALUES (198, 126, $5.38, 'Buy', '12/27/2018', 86);
INSERT INTO `mydb`.`order` (`orderNumber`, `movies_movieId`, `total`, `transactionType`, `date`, `paymentInfo_customerInfo_customerID`) VALUES (199, 254, $8.45, 'Rent', '4/2/2019', 50);
INSERT INTO `mydb`.`order` (`orderNumber`, `movies_movieId`, `total`, `transactionType`, `date`, `paymentInfo_customerInfo_customerID`) VALUES (200, 1, $9.51, 'Buy', '10/22/2018', 147);

COMMIT;


-- -----------------------------------------------------
-- Data for table `mydb`.`transactionHistory`
-- -----------------------------------------------------
START TRANSACTION;
USE `mydb`;
INSERT INTO `mydb`.`transactionHistory` (`order_orderNumber`, `customerInfo_customerID`) VALUES (1, 5);
INSERT INTO `mydb`.`transactionHistory` (`order_orderNumber`, `customerInfo_customerID`) VALUES (2, 148);
INSERT INTO `mydb`.`transactionHistory` (`order_orderNumber`, `customerInfo_customerID`) VALUES (3, 77);
INSERT INTO `mydb`.`transactionHistory` (`order_orderNumber`, `customerInfo_customerID`) VALUES (4, 125);
INSERT INTO `mydb`.`transactionHistory` (`order_orderNumber`, `customerInfo_customerID`) VALUES (5, 96);
INSERT INTO `mydb`.`transactionHistory` (`order_orderNumber`, `customerInfo_customerID`) VALUES (6, 43);
INSERT INTO `mydb`.`transactionHistory` (`order_orderNumber`, `customerInfo_customerID`) VALUES (7, 109);
INSERT INTO `mydb`.`transactionHistory` (`order_orderNumber`, `customerInfo_customerID`) VALUES (8, 70);
INSERT INTO `mydb`.`transactionHistory` (`order_orderNumber`, `customerInfo_customerID`) VALUES (9, 139);
INSERT INTO `mydb`.`transactionHistory` (`order_orderNumber`, `customerInfo_customerID`) VALUES (10, 131);
INSERT INTO `mydb`.`transactionHistory` (`order_orderNumber`, `customerInfo_customerID`) VALUES (11, 60);
INSERT INTO `mydb`.`transactionHistory` (`order_orderNumber`, `customerInfo_customerID`) VALUES (12, 126);
INSERT INTO `mydb`.`transactionHistory` (`order_orderNumber`, `customerInfo_customerID`) VALUES (13, 56);
INSERT INTO `mydb`.`transactionHistory` (`order_orderNumber`, `customerInfo_customerID`) VALUES (14, 81);
INSERT INTO `mydb`.`transactionHistory` (`order_orderNumber`, `customerInfo_customerID`) VALUES (15, 96);
INSERT INTO `mydb`.`transactionHistory` (`order_orderNumber`, `customerInfo_customerID`) VALUES (16, 122);
INSERT INTO `mydb`.`transactionHistory` (`order_orderNumber`, `customerInfo_customerID`) VALUES (17, 31);
INSERT INTO `mydb`.`transactionHistory` (`order_orderNumber`, `customerInfo_customerID`) VALUES (18, 12);
INSERT INTO `mydb`.`transactionHistory` (`order_orderNumber`, `customerInfo_customerID`) VALUES (19, 22);
INSERT INTO `mydb`.`transactionHistory` (`order_orderNumber`, `customerInfo_customerID`) VALUES (20, 127);
INSERT INTO `mydb`.`transactionHistory` (`order_orderNumber`, `customerInfo_customerID`) VALUES (21, 125);
INSERT INTO `mydb`.`transactionHistory` (`order_orderNumber`, `customerInfo_customerID`) VALUES (22, 113);
INSERT INTO `mydb`.`transactionHistory` (`order_orderNumber`, `customerInfo_customerID`) VALUES (23, 36);
INSERT INTO `mydb`.`transactionHistory` (`order_orderNumber`, `customerInfo_customerID`) VALUES (24, 106);
INSERT INTO `mydb`.`transactionHistory` (`order_orderNumber`, `customerInfo_customerID`) VALUES (25, 42);
INSERT INTO `mydb`.`transactionHistory` (`order_orderNumber`, `customerInfo_customerID`) VALUES (26, 19);
INSERT INTO `mydb`.`transactionHistory` (`order_orderNumber`, `customerInfo_customerID`) VALUES (27, 121);
INSERT INTO `mydb`.`transactionHistory` (`order_orderNumber`, `customerInfo_customerID`) VALUES (28, 144);
INSERT INTO `mydb`.`transactionHistory` (`order_orderNumber`, `customerInfo_customerID`) VALUES (29, 27);
INSERT INTO `mydb`.`transactionHistory` (`order_orderNumber`, `customerInfo_customerID`) VALUES (30, 148);
INSERT INTO `mydb`.`transactionHistory` (`order_orderNumber`, `customerInfo_customerID`) VALUES (31, 88);
INSERT INTO `mydb`.`transactionHistory` (`order_orderNumber`, `customerInfo_customerID`) VALUES (32, 96);
INSERT INTO `mydb`.`transactionHistory` (`order_orderNumber`, `customerInfo_customerID`) VALUES (33, 101);
INSERT INTO `mydb`.`transactionHistory` (`order_orderNumber`, `customerInfo_customerID`) VALUES (34, 75);
INSERT INTO `mydb`.`transactionHistory` (`order_orderNumber`, `customerInfo_customerID`) VALUES (35, 62);
INSERT INTO `mydb`.`transactionHistory` (`order_orderNumber`, `customerInfo_customerID`) VALUES (36, 111);
INSERT INTO `mydb`.`transactionHistory` (`order_orderNumber`, `customerInfo_customerID`) VALUES (37, 24);
INSERT INTO `mydb`.`transactionHistory` (`order_orderNumber`, `customerInfo_customerID`) VALUES (38, 101);
INSERT INTO `mydb`.`transactionHistory` (`order_orderNumber`, `customerInfo_customerID`) VALUES (39, 104);
INSERT INTO `mydb`.`transactionHistory` (`order_orderNumber`, `customerInfo_customerID`) VALUES (40, 29);
INSERT INTO `mydb`.`transactionHistory` (`order_orderNumber`, `customerInfo_customerID`) VALUES (41, 17);
INSERT INTO `mydb`.`transactionHistory` (`order_orderNumber`, `customerInfo_customerID`) VALUES (42, 33);
INSERT INTO `mydb`.`transactionHistory` (`order_orderNumber`, `customerInfo_customerID`) VALUES (43, 23);
INSERT INTO `mydb`.`transactionHistory` (`order_orderNumber`, `customerInfo_customerID`) VALUES (44, 118);
INSERT INTO `mydb`.`transactionHistory` (`order_orderNumber`, `customerInfo_customerID`) VALUES (45, 84);
INSERT INTO `mydb`.`transactionHistory` (`order_orderNumber`, `customerInfo_customerID`) VALUES (46, 84);
INSERT INTO `mydb`.`transactionHistory` (`order_orderNumber`, `customerInfo_customerID`) VALUES (47, 49);
INSERT INTO `mydb`.`transactionHistory` (`order_orderNumber`, `customerInfo_customerID`) VALUES (48, 82);
INSERT INTO `mydb`.`transactionHistory` (`order_orderNumber`, `customerInfo_customerID`) VALUES (49, 140);
INSERT INTO `mydb`.`transactionHistory` (`order_orderNumber`, `customerInfo_customerID`) VALUES (50, 48);
INSERT INTO `mydb`.`transactionHistory` (`order_orderNumber`, `customerInfo_customerID`) VALUES (51, 22);
INSERT INTO `mydb`.`transactionHistory` (`order_orderNumber`, `customerInfo_customerID`) VALUES (52, 48);
INSERT INTO `mydb`.`transactionHistory` (`order_orderNumber`, `customerInfo_customerID`) VALUES (53, 69);
INSERT INTO `mydb`.`transactionHistory` (`order_orderNumber`, `customerInfo_customerID`) VALUES (54, 111);
INSERT INTO `mydb`.`transactionHistory` (`order_orderNumber`, `customerInfo_customerID`) VALUES (55, 79);
INSERT INTO `mydb`.`transactionHistory` (`order_orderNumber`, `customerInfo_customerID`) VALUES (56, 27);
INSERT INTO `mydb`.`transactionHistory` (`order_orderNumber`, `customerInfo_customerID`) VALUES (57, 66);
INSERT INTO `mydb`.`transactionHistory` (`order_orderNumber`, `customerInfo_customerID`) VALUES (58, 81);
INSERT INTO `mydb`.`transactionHistory` (`order_orderNumber`, `customerInfo_customerID`) VALUES (59, 27);
INSERT INTO `mydb`.`transactionHistory` (`order_orderNumber`, `customerInfo_customerID`) VALUES (60, 9);
INSERT INTO `mydb`.`transactionHistory` (`order_orderNumber`, `customerInfo_customerID`) VALUES (61, 143);
INSERT INTO `mydb`.`transactionHistory` (`order_orderNumber`, `customerInfo_customerID`) VALUES (62, 109);
INSERT INTO `mydb`.`transactionHistory` (`order_orderNumber`, `customerInfo_customerID`) VALUES (63, 100);
INSERT INTO `mydb`.`transactionHistory` (`order_orderNumber`, `customerInfo_customerID`) VALUES (64, 29);
INSERT INTO `mydb`.`transactionHistory` (`order_orderNumber`, `customerInfo_customerID`) VALUES (65, 148);
INSERT INTO `mydb`.`transactionHistory` (`order_orderNumber`, `customerInfo_customerID`) VALUES (66, 85);
INSERT INTO `mydb`.`transactionHistory` (`order_orderNumber`, `customerInfo_customerID`) VALUES (67, 128);
INSERT INTO `mydb`.`transactionHistory` (`order_orderNumber`, `customerInfo_customerID`) VALUES (68, 96);
INSERT INTO `mydb`.`transactionHistory` (`order_orderNumber`, `customerInfo_customerID`) VALUES (69, 105);
INSERT INTO `mydb`.`transactionHistory` (`order_orderNumber`, `customerInfo_customerID`) VALUES (70, 6);
INSERT INTO `mydb`.`transactionHistory` (`order_orderNumber`, `customerInfo_customerID`) VALUES (71, 43);
INSERT INTO `mydb`.`transactionHistory` (`order_orderNumber`, `customerInfo_customerID`) VALUES (72, 12);
INSERT INTO `mydb`.`transactionHistory` (`order_orderNumber`, `customerInfo_customerID`) VALUES (73, 70);
INSERT INTO `mydb`.`transactionHistory` (`order_orderNumber`, `customerInfo_customerID`) VALUES (74, 31);
INSERT INTO `mydb`.`transactionHistory` (`order_orderNumber`, `customerInfo_customerID`) VALUES (75, 30);
INSERT INTO `mydb`.`transactionHistory` (`order_orderNumber`, `customerInfo_customerID`) VALUES (76, 24);
INSERT INTO `mydb`.`transactionHistory` (`order_orderNumber`, `customerInfo_customerID`) VALUES (77, 102);
INSERT INTO `mydb`.`transactionHistory` (`order_orderNumber`, `customerInfo_customerID`) VALUES (78, 140);
INSERT INTO `mydb`.`transactionHistory` (`order_orderNumber`, `customerInfo_customerID`) VALUES (79, 110);
INSERT INTO `mydb`.`transactionHistory` (`order_orderNumber`, `customerInfo_customerID`) VALUES (80, 7);
INSERT INTO `mydb`.`transactionHistory` (`order_orderNumber`, `customerInfo_customerID`) VALUES (81, 150);
INSERT INTO `mydb`.`transactionHistory` (`order_orderNumber`, `customerInfo_customerID`) VALUES (82, 54);
INSERT INTO `mydb`.`transactionHistory` (`order_orderNumber`, `customerInfo_customerID`) VALUES (83, 102);
INSERT INTO `mydb`.`transactionHistory` (`order_orderNumber`, `customerInfo_customerID`) VALUES (84, 22);
INSERT INTO `mydb`.`transactionHistory` (`order_orderNumber`, `customerInfo_customerID`) VALUES (85, 31);
INSERT INTO `mydb`.`transactionHistory` (`order_orderNumber`, `customerInfo_customerID`) VALUES (86, 74);
INSERT INTO `mydb`.`transactionHistory` (`order_orderNumber`, `customerInfo_customerID`) VALUES (87, 18);
INSERT INTO `mydb`.`transactionHistory` (`order_orderNumber`, `customerInfo_customerID`) VALUES (88, 24);
INSERT INTO `mydb`.`transactionHistory` (`order_orderNumber`, `customerInfo_customerID`) VALUES (89, 49);
INSERT INTO `mydb`.`transactionHistory` (`order_orderNumber`, `customerInfo_customerID`) VALUES (90, 42);
INSERT INTO `mydb`.`transactionHistory` (`order_orderNumber`, `customerInfo_customerID`) VALUES (91, 130);
INSERT INTO `mydb`.`transactionHistory` (`order_orderNumber`, `customerInfo_customerID`) VALUES (92, 92);
INSERT INTO `mydb`.`transactionHistory` (`order_orderNumber`, `customerInfo_customerID`) VALUES (93, 84);
INSERT INTO `mydb`.`transactionHistory` (`order_orderNumber`, `customerInfo_customerID`) VALUES (94, 8);
INSERT INTO `mydb`.`transactionHistory` (`order_orderNumber`, `customerInfo_customerID`) VALUES (95, 15);
INSERT INTO `mydb`.`transactionHistory` (`order_orderNumber`, `customerInfo_customerID`) VALUES (96, 8);
INSERT INTO `mydb`.`transactionHistory` (`order_orderNumber`, `customerInfo_customerID`) VALUES (97, 12);
INSERT INTO `mydb`.`transactionHistory` (`order_orderNumber`, `customerInfo_customerID`) VALUES (98, 68);
INSERT INTO `mydb`.`transactionHistory` (`order_orderNumber`, `customerInfo_customerID`) VALUES (99, 61);
INSERT INTO `mydb`.`transactionHistory` (`order_orderNumber`, `customerInfo_customerID`) VALUES (100, 132);
INSERT INTO `mydb`.`transactionHistory` (`order_orderNumber`, `customerInfo_customerID`) VALUES (101, 138);
INSERT INTO `mydb`.`transactionHistory` (`order_orderNumber`, `customerInfo_customerID`) VALUES (102, 90);
INSERT INTO `mydb`.`transactionHistory` (`order_orderNumber`, `customerInfo_customerID`) VALUES (103, 63);
INSERT INTO `mydb`.`transactionHistory` (`order_orderNumber`, `customerInfo_customerID`) VALUES (104, 126);
INSERT INTO `mydb`.`transactionHistory` (`order_orderNumber`, `customerInfo_customerID`) VALUES (105, 84);
INSERT INTO `mydb`.`transactionHistory` (`order_orderNumber`, `customerInfo_customerID`) VALUES (106, 144);
INSERT INTO `mydb`.`transactionHistory` (`order_orderNumber`, `customerInfo_customerID`) VALUES (107, 138);
INSERT INTO `mydb`.`transactionHistory` (`order_orderNumber`, `customerInfo_customerID`) VALUES (108, 95);
INSERT INTO `mydb`.`transactionHistory` (`order_orderNumber`, `customerInfo_customerID`) VALUES (109, 146);
INSERT INTO `mydb`.`transactionHistory` (`order_orderNumber`, `customerInfo_customerID`) VALUES (110, 95);
INSERT INTO `mydb`.`transactionHistory` (`order_orderNumber`, `customerInfo_customerID`) VALUES (111, 46);
INSERT INTO `mydb`.`transactionHistory` (`order_orderNumber`, `customerInfo_customerID`) VALUES (112, 145);
INSERT INTO `mydb`.`transactionHistory` (`order_orderNumber`, `customerInfo_customerID`) VALUES (113, 147);
INSERT INTO `mydb`.`transactionHistory` (`order_orderNumber`, `customerInfo_customerID`) VALUES (114, 80);
INSERT INTO `mydb`.`transactionHistory` (`order_orderNumber`, `customerInfo_customerID`) VALUES (115, 74);
INSERT INTO `mydb`.`transactionHistory` (`order_orderNumber`, `customerInfo_customerID`) VALUES (116, 30);
INSERT INTO `mydb`.`transactionHistory` (`order_orderNumber`, `customerInfo_customerID`) VALUES (117, 102);
INSERT INTO `mydb`.`transactionHistory` (`order_orderNumber`, `customerInfo_customerID`) VALUES (118, 72);
INSERT INTO `mydb`.`transactionHistory` (`order_orderNumber`, `customerInfo_customerID`) VALUES (119, 6);
INSERT INTO `mydb`.`transactionHistory` (`order_orderNumber`, `customerInfo_customerID`) VALUES (120, 49);
INSERT INTO `mydb`.`transactionHistory` (`order_orderNumber`, `customerInfo_customerID`) VALUES (121, 64);
INSERT INTO `mydb`.`transactionHistory` (`order_orderNumber`, `customerInfo_customerID`) VALUES (122, 71);
INSERT INTO `mydb`.`transactionHistory` (`order_orderNumber`, `customerInfo_customerID`) VALUES (123, 150);
INSERT INTO `mydb`.`transactionHistory` (`order_orderNumber`, `customerInfo_customerID`) VALUES (124, 90);
INSERT INTO `mydb`.`transactionHistory` (`order_orderNumber`, `customerInfo_customerID`) VALUES (125, 6);
INSERT INTO `mydb`.`transactionHistory` (`order_orderNumber`, `customerInfo_customerID`) VALUES (126, 43);
INSERT INTO `mydb`.`transactionHistory` (`order_orderNumber`, `customerInfo_customerID`) VALUES (127, 103);
INSERT INTO `mydb`.`transactionHistory` (`order_orderNumber`, `customerInfo_customerID`) VALUES (128, 30);
INSERT INTO `mydb`.`transactionHistory` (`order_orderNumber`, `customerInfo_customerID`) VALUES (129, 52);
INSERT INTO `mydb`.`transactionHistory` (`order_orderNumber`, `customerInfo_customerID`) VALUES (130, 72);
INSERT INTO `mydb`.`transactionHistory` (`order_orderNumber`, `customerInfo_customerID`) VALUES (131, 64);
INSERT INTO `mydb`.`transactionHistory` (`order_orderNumber`, `customerInfo_customerID`) VALUES (132, 102);
INSERT INTO `mydb`.`transactionHistory` (`order_orderNumber`, `customerInfo_customerID`) VALUES (133, 106);
INSERT INTO `mydb`.`transactionHistory` (`order_orderNumber`, `customerInfo_customerID`) VALUES (134, 124);
INSERT INTO `mydb`.`transactionHistory` (`order_orderNumber`, `customerInfo_customerID`) VALUES (135, 89);
INSERT INTO `mydb`.`transactionHistory` (`order_orderNumber`, `customerInfo_customerID`) VALUES (136, 39);
INSERT INTO `mydb`.`transactionHistory` (`order_orderNumber`, `customerInfo_customerID`) VALUES (137, 119);
INSERT INTO `mydb`.`transactionHistory` (`order_orderNumber`, `customerInfo_customerID`) VALUES (138, 13);
INSERT INTO `mydb`.`transactionHistory` (`order_orderNumber`, `customerInfo_customerID`) VALUES (139, 81);
INSERT INTO `mydb`.`transactionHistory` (`order_orderNumber`, `customerInfo_customerID`) VALUES (140, 30);
INSERT INTO `mydb`.`transactionHistory` (`order_orderNumber`, `customerInfo_customerID`) VALUES (141, 116);
INSERT INTO `mydb`.`transactionHistory` (`order_orderNumber`, `customerInfo_customerID`) VALUES (142, 122);
INSERT INTO `mydb`.`transactionHistory` (`order_orderNumber`, `customerInfo_customerID`) VALUES (143, 111);
INSERT INTO `mydb`.`transactionHistory` (`order_orderNumber`, `customerInfo_customerID`) VALUES (144, 100);
INSERT INTO `mydb`.`transactionHistory` (`order_orderNumber`, `customerInfo_customerID`) VALUES (145, 113);
INSERT INTO `mydb`.`transactionHistory` (`order_orderNumber`, `customerInfo_customerID`) VALUES (146, 68);
INSERT INTO `mydb`.`transactionHistory` (`order_orderNumber`, `customerInfo_customerID`) VALUES (147, 95);
INSERT INTO `mydb`.`transactionHistory` (`order_orderNumber`, `customerInfo_customerID`) VALUES (148, 138);
INSERT INTO `mydb`.`transactionHistory` (`order_orderNumber`, `customerInfo_customerID`) VALUES (149, 114);
INSERT INTO `mydb`.`transactionHistory` (`order_orderNumber`, `customerInfo_customerID`) VALUES (150, 13);
INSERT INTO `mydb`.`transactionHistory` (`order_orderNumber`, `customerInfo_customerID`) VALUES (151, 17);
INSERT INTO `mydb`.`transactionHistory` (`order_orderNumber`, `customerInfo_customerID`) VALUES (152, 50);
INSERT INTO `mydb`.`transactionHistory` (`order_orderNumber`, `customerInfo_customerID`) VALUES (153, 66);
INSERT INTO `mydb`.`transactionHistory` (`order_orderNumber`, `customerInfo_customerID`) VALUES (154, 40);
INSERT INTO `mydb`.`transactionHistory` (`order_orderNumber`, `customerInfo_customerID`) VALUES (155, 145);
INSERT INTO `mydb`.`transactionHistory` (`order_orderNumber`, `customerInfo_customerID`) VALUES (156, 102);
INSERT INTO `mydb`.`transactionHistory` (`order_orderNumber`, `customerInfo_customerID`) VALUES (157, 122);
INSERT INTO `mydb`.`transactionHistory` (`order_orderNumber`, `customerInfo_customerID`) VALUES (158, 109);
INSERT INTO `mydb`.`transactionHistory` (`order_orderNumber`, `customerInfo_customerID`) VALUES (159, 64);
INSERT INTO `mydb`.`transactionHistory` (`order_orderNumber`, `customerInfo_customerID`) VALUES (160, 119);
INSERT INTO `mydb`.`transactionHistory` (`order_orderNumber`, `customerInfo_customerID`) VALUES (161, 96);
INSERT INTO `mydb`.`transactionHistory` (`order_orderNumber`, `customerInfo_customerID`) VALUES (162, 39);
INSERT INTO `mydb`.`transactionHistory` (`order_orderNumber`, `customerInfo_customerID`) VALUES (163, 27);
INSERT INTO `mydb`.`transactionHistory` (`order_orderNumber`, `customerInfo_customerID`) VALUES (164, 130);
INSERT INTO `mydb`.`transactionHistory` (`order_orderNumber`, `customerInfo_customerID`) VALUES (165, 108);
INSERT INTO `mydb`.`transactionHistory` (`order_orderNumber`, `customerInfo_customerID`) VALUES (166, 1);
INSERT INTO `mydb`.`transactionHistory` (`order_orderNumber`, `customerInfo_customerID`) VALUES (167, 143);
INSERT INTO `mydb`.`transactionHistory` (`order_orderNumber`, `customerInfo_customerID`) VALUES (168, 76);
INSERT INTO `mydb`.`transactionHistory` (`order_orderNumber`, `customerInfo_customerID`) VALUES (169, 140);
INSERT INTO `mydb`.`transactionHistory` (`order_orderNumber`, `customerInfo_customerID`) VALUES (170, 149);
INSERT INTO `mydb`.`transactionHistory` (`order_orderNumber`, `customerInfo_customerID`) VALUES (171, 142);
INSERT INTO `mydb`.`transactionHistory` (`order_orderNumber`, `customerInfo_customerID`) VALUES (172, 51);
INSERT INTO `mydb`.`transactionHistory` (`order_orderNumber`, `customerInfo_customerID`) VALUES (173, 49);
INSERT INTO `mydb`.`transactionHistory` (`order_orderNumber`, `customerInfo_customerID`) VALUES (174, 90);
INSERT INTO `mydb`.`transactionHistory` (`order_orderNumber`, `customerInfo_customerID`) VALUES (175, 150);
INSERT INTO `mydb`.`transactionHistory` (`order_orderNumber`, `customerInfo_customerID`) VALUES (176, 12);
INSERT INTO `mydb`.`transactionHistory` (`order_orderNumber`, `customerInfo_customerID`) VALUES (177, 48);
INSERT INTO `mydb`.`transactionHistory` (`order_orderNumber`, `customerInfo_customerID`) VALUES (178, 128);
INSERT INTO `mydb`.`transactionHistory` (`order_orderNumber`, `customerInfo_customerID`) VALUES (179, 66);
INSERT INTO `mydb`.`transactionHistory` (`order_orderNumber`, `customerInfo_customerID`) VALUES (180, 59);
INSERT INTO `mydb`.`transactionHistory` (`order_orderNumber`, `customerInfo_customerID`) VALUES (181, 117);
INSERT INTO `mydb`.`transactionHistory` (`order_orderNumber`, `customerInfo_customerID`) VALUES (182, 84);
INSERT INTO `mydb`.`transactionHistory` (`order_orderNumber`, `customerInfo_customerID`) VALUES (183, 77);
INSERT INTO `mydb`.`transactionHistory` (`order_orderNumber`, `customerInfo_customerID`) VALUES (184, 143);
INSERT INTO `mydb`.`transactionHistory` (`order_orderNumber`, `customerInfo_customerID`) VALUES (185, 117);
INSERT INTO `mydb`.`transactionHistory` (`order_orderNumber`, `customerInfo_customerID`) VALUES (186, 124);
INSERT INTO `mydb`.`transactionHistory` (`order_orderNumber`, `customerInfo_customerID`) VALUES (187, 41);
INSERT INTO `mydb`.`transactionHistory` (`order_orderNumber`, `customerInfo_customerID`) VALUES (188, 39);
INSERT INTO `mydb`.`transactionHistory` (`order_orderNumber`, `customerInfo_customerID`) VALUES (189, 22);
INSERT INTO `mydb`.`transactionHistory` (`order_orderNumber`, `customerInfo_customerID`) VALUES (190, 76);
INSERT INTO `mydb`.`transactionHistory` (`order_orderNumber`, `customerInfo_customerID`) VALUES (191, 10);
INSERT INTO `mydb`.`transactionHistory` (`order_orderNumber`, `customerInfo_customerID`) VALUES (192, 50);
INSERT INTO `mydb`.`transactionHistory` (`order_orderNumber`, `customerInfo_customerID`) VALUES (193, 29);
INSERT INTO `mydb`.`transactionHistory` (`order_orderNumber`, `customerInfo_customerID`) VALUES (194, 142);
INSERT INTO `mydb`.`transactionHistory` (`order_orderNumber`, `customerInfo_customerID`) VALUES (195, 63);
INSERT INTO `mydb`.`transactionHistory` (`order_orderNumber`, `customerInfo_customerID`) VALUES (196, 7);
INSERT INTO `mydb`.`transactionHistory` (`order_orderNumber`, `customerInfo_customerID`) VALUES (197, 92);
INSERT INTO `mydb`.`transactionHistory` (`order_orderNumber`, `customerInfo_customerID`) VALUES (198, 79);
INSERT INTO `mydb`.`transactionHistory` (`order_orderNumber`, `customerInfo_customerID`) VALUES (199, 17);
INSERT INTO `mydb`.`transactionHistory` (`order_orderNumber`, `customerInfo_customerID`) VALUES (200, 106);

COMMIT;

